#
# A fatal error has been detected by the Java Runtime Environment:
#
#  SIGSEGV (0xb) at pc=0x00007f78dd91f63e, pid=1041994, tid=1042033
#
# JRE version: OpenJDK Runtime Environment (25.0.2) (build 25.0.2+-15348964-b329.117)
# Java VM: OpenJDK 64-Bit Server VM (25.0.2+-15348964-b329.117, mixed mode, tiered, compressed oops, compressed class ptrs, g1 gc, linux-amd64)
# Problematic frame:
# C  [libc.so.6+0x11f63e]  __tfind+0x4e
#
# Core dump will be written. Default location: Core dumps may be processed with "/usr/lib/systemd/systemd-coredump %P %u %g %s %t %c %h %d %F %I" (or dumping to /home/mey/dev/repos/git.yuri.capital/yuri/YuriPlayer/desktop/core.1041994)
#
# If you would like to submit a bug report, please visit:
#   https://youtrack.jetbrains.com/issues/JBR
# The crash happened outside the Java Virtual Machine in native code.
# See problematic frame for where to report the bug.
#

---------------  S U M M A R Y ------------

Command Line: -Dcompose.application.configure.swing.globals=true -Dcompose.application.resources.dir=/home/mey/dev/repos/git.yuri.capital/yuri/YuriPlayer/desktop/build/compose/tmp/prepareAppResources -Dfile.encoding=UTF-8 -Duser.country=US -Duser.language=en -Duser.variant -Dawt.toolkit.name=XToolkit capital.yuri.yuriplayer.desktop.MainKt

Host: AMD Ryzen 9 7900X 12-Core Processor, 24 cores, 61G, Arch Linux
Time: Fri Aug 21 11:45:59 2026 CDT elapsed time: 2047.124775 seconds (0d 0h 34m 7s)

---------------  T H R E A D  ---------------

Current thread (0x00007f78d48e9190):  JavaThread "AWT-EventQueue-0"        [_thread_in_native, id=1042033, stack(0x00007f784d0ea000,0x00007f784d1ea000) (1024K)]

Stack: [0x00007f784d0ea000,0x00007f784d1ea000],  sp=0x00007f784d1e6900,  free space=1010k
Native frames: (J=compiled Java code, j=interpreted, Vv=VM code, C=native code)
C  [libc.so.6+0x11f63e]  __tfind+0x4e
Java frames: (J=compiled Java code, j=interpreted, Vv=VM code)
j  uk.co.caprica.vlcj.binding.lib.LibVlc.libvlc_media_player_set_equalizer(Luk/co/caprica/vlcj/binding/internal/libvlc_media_player_t;Luk/co/caprica/vlcj/binding/internal/libvlc_equalizer_t;)I+0
j  uk.co.caprica.vlcj.player.base.AudioApi.applyEqualizer()V+74
j  uk.co.caprica.vlcj.player.base.AudioApi.setEqualizer(Luk/co/caprica/vlcj/player/base/Equalizer;)V+55
j  uk.co.caprica.vlcj.player.base.AudioApi.release()V+2
j  uk.co.caprica.vlcj.player.base.MediaPlayer.release()V+15
j  capital.yuri.yuriplayer.desktop.player.VlcjPlaybackEngine.release()V+18
j  capital.yuri.yuriplayer.core.player.PlayerSession.release()V+20
j  capital.yuri.yuriplayer.desktop.DesktopSession.release()V+31
j  capital.yuri.yuriplayer.desktop.ComposableSingletons$MainKt$lambda__744149029$lambda$0$3$0$0$$inlined$onDispose$1.dispose()V+6
J 8046 c1 androidx.compose.runtime.DisposableEffectImpl.onForgotten()V (23 bytes) @ 0x00007f78c5b2bf34 [0x00007f78c5b2be00+0x0000000000000134]
j  androidx.compose.runtime.internal.RememberEventDispatcher.dispatchRememberObservers()V+147
j  androidx.compose.runtime.CompositionImpl.dispose()V+231
j  androidx.compose.ui.scene.BaseComposeScene.close()V+45
j  androidx.compose.ui.scene.CanvasLayersComposeSceneImpl.close()V+196
j  androidx.compose.ui.scene.ComposeSceneMediator.dispose()V+90
j  androidx.compose.ui.scene.ComposeContainer.dispose()V+35
j  androidx.compose.ui.awt.ComposeWindowPanel.dispose()V+16
j  androidx.compose.ui.awt.ComposeWindow.dispose()V+8
j  androidx.compose.ui.awt.SwingWindow_desktopKt.SwingWindow$lambda$24$0(Landroidx/compose/ui/awt/SwingWindow_desktopKt$SwingWindow$listeners$1$1;Landroidx/compose/ui/awt/ComposeWindow;)Lkotlin/Unit;+16
j  androidx.compose.ui.awt.SwingWindow_desktopKt$$Lambda+0x00000000212c4cf8.invoke(Ljava/lang/Object;)Ljava/lang/Object;+8
j  androidx.compose.ui.awt.SwingWindow_desktopKt.SwingWindow$lambda$6$0(Lkotlin/jvm/functions/Function1;Landroidx/compose/ui/awt/ComposeWindow;)Lkotlin/Unit;+2
j  androidx.compose.ui.awt.SwingWindow_desktopKt$$Lambda+0x00000000212cf160.invoke(Ljava/lang/Object;)Ljava/lang/Object;+8
j  androidx.compose.ui.awt.AwtWindow_desktopKt$AwtWindow$lambda$2$0$$inlined$onDispose$1.dispose()V+13
J 8046 c1 androidx.compose.runtime.DisposableEffectImpl.onForgotten()V (23 bytes) @ 0x00007f78c5b2bf34 [0x00007f78c5b2be00+0x0000000000000134]
j  androidx.compose.runtime.internal.RememberEventDispatcher.dispatchRememberObservers()V+147
j  androidx.compose.runtime.CompositionImpl.applyChangesInLocked(Landroidx/compose/runtime/Changes;)V+244
j  androidx.compose.runtime.CompositionImpl.applyChanges()V+41
J 7325 c1 androidx.compose.runtime.Recomposer$runRecomposeAndApplyChanges$2.invokeSuspend$lambda$2(Landroidx/compose/runtime/Recomposer;Landroidx/collection/MutableScatterSet;Landroidx/collection/MutableScatterSet;Ljava/util/List;Ljava/util/List;Landroidx/collection/MutableScatterSet;Ljava/util/List;Landroidx/collection/MutableScatterSet;Ljava/util/Set;J)Lkotlin/Unit; (2048 bytes) @ 0x00007f78c5a46afc [0x00007f78c5a42200+0x00000000000048fc]
J 7324 c1 androidx.compose.runtime.Recomposer$runRecomposeAndApplyChanges$2$$Lambda+0x000000002159aaf0.invoke(Ljava/lang/Object;)Ljava/lang/Object; (47 bytes) @ 0x00007f78c5a40dec [0x00007f78c5a40c00+0x00000000000001ec]
j  androidx.compose.ui.window.YieldFrameClock.withFrameNanos(Lkotlin/jvm/functions/Function1;Lkotlin/coroutines/Continuation;)Ljava/lang/Object;+140
j  androidx.compose.ui.window.YieldFrameClock$withFrameNanos$1.invokeSuspend(Ljava/lang/Object;)Ljava/lang/Object;+25
J 7303 c2 kotlin.coroutines.jvm.internal.BaseContinuationImpl.resumeWith(Ljava/lang/Object;)V (124 bytes) @ 0x00007f78cce3f158 [0x00007f78cce3f100+0x0000000000000058]
J 8141 c2 kotlinx.coroutines.DispatchedTask.run()V (400 bytes) @ 0x00007f78ccec49f8 [0x00007f78ccec4600+0x00000000000003f8]
J 7683 c2 java.awt.EventQueue.dispatchEvent(Ljava/awt/AWTEvent;)V java.desktop@25.0.2 (48 bytes) @ 0x00007f78cce77404 [0x00007f78cce76f80+0x0000000000000484]
J 6728 c2 java.awt.EventDispatchThread.pumpOneEventForFilters(I)V java.desktop@25.0.2 (106 bytes) @ 0x00007f78cce0c8bc [0x00007f78cce0c480+0x000000000000043c]
j  java.awt.EventDispatchThread.pumpEventsForFilter(ILjava/awt/Conditional;Ljava/awt/EventFilter;)V+35 java.desktop@25.0.2
j  java.awt.EventDispatchThread.pumpEventsForHierarchy(ILjava/awt/Conditional;Ljava/awt/Component;)V+11 java.desktop@25.0.2
j  java.awt.EventDispatchThread.pumpEvents(ILjava/awt/Conditional;)V+4 java.desktop@25.0.2
j  java.awt.EventDispatchThread.pumpEvents(Ljava/awt/Conditional;)V+3 java.desktop@25.0.2
j  java.awt.EventDispatchThread.run()V+18 java.desktop@25.0.2
v  ~StubRoutines::call_stub 0x00007f78cc45ffa6

siginfo: si_signo: 11 (SIGSEGV), si_code: 128 (SI_KERNEL), si_addr: 0x0000000000000000

Registers:
RAX=0x0000000000000016, RBX=0xde57ad31db6faf84, RCX=0x00007f784fbd56d1, RDX=0x00007f7847893400
RSP=0x00007f784d1e6900, RBP=0x00007f784d1e6920, RSI=0x00007f7868460548, RDI=0x00007f784d1e6950
R8 =0x00007f7890e1f150, R9 =0x0000000000000000, R10=0x0000000000000000, R11=0x00007f784fbcc950
R12=0x00007f784d1e6950, R13=0x00007f7847893400, R14=0x0000000000000002, R15=0x00007f7868460600
RIP=0x00007f78dd91f63e, EFLAGS=0x0000000000010286, CSGSFS=0x002b000000000033, ERR=0x0000000000000000
  TRAPNO=0x000000000000000d

XMM[0]=0x0000000000000000 0x000000045e6312b0
XMM[1]=0x0000000000000000 0x0000000000000064
XMM[2]=0x0000000000000000 0x0000000000000000
XMM[3]=0x0000000000000000 0x4000000000000000
XMM[4]=0x0000000000000000 0x0000000000000000
XMM[5]=0x0000000000000000 0x0000000000000000
XMM[6]=0x0000000000000000 0x0000000000000000
XMM[7]=0x0000000000000000 0x0000000000000000
XMM[8]=0x0000000000000000 0x00ffffffffffffff
XMM[9]=0x0000000000000000 0x0000ffffffffffff
XMM[10]=0x0000000000000000 0x000000002a8d668d
XMM[11]=0x0000000000000000 0x58d3578f61eae532
XMM[12]=0x0000000000000000 0x0000000009178da3
XMM[13]=0x0000000000000000 0x3089705f3089705f
XMM[14]=0x0000000000000000 0x449ec000449ec000
XMM[15]=0x0000000000000000 0x3f0000003f000000
  MXCSR=0x00001fa3


Register to memory mapping:

RAX=0x0000000000000016 is an unknown value
RBX=0xde57ad31db6faf84 is an unknown value
RCX=0x00007f784fbd56d1: <offset 0x00000000000216d1> in /usr/lib64/libvlc.so at 0x00007f784fbb4000
RDX=0x00007f7847893400: <offset 0x00000000000b5400> in /usr/lib/libvlccore.so.9 at 0x00007f78477de000
RSP=0x00007f784d1e6900 is pointing into the stack for thread: 0x00007f78d48e9190
RBP=0x00007f784d1e6920 is pointing into the stack for thread: 0x00007f78d48e9190
RSI=0x00007f7868460548 points into unknown readable memory: 0xde57ad31db6faf85 | 85 af 6f db 31 ad 57 de
RDI=0x00007f784d1e6950 is pointing into the stack for thread: 0x00007f78d48e9190
R8 ={method} {0x00007f7890e1f150} 'removeKnownCompositionLocked' '(Landroidx/compose/runtime/ControlledComposition;)V' in 'androidx/compose/runtime/Recomposer'
R9 =0x0 is null
R10=0x0 is null
R11=0x00007f784fbcc950: libvlc_media_player_set_equalizer+0x0000000000000000 in /usr/lib64/libvlc.so at 0x00007f784fbb4000
R12=0x00007f784d1e6950 is pointing into the stack for thread: 0x00007f78d48e9190
R13=0x00007f7847893400: <offset 0x00000000000b5400> in /usr/lib/libvlccore.so.9 at 0x00007f78477de000
R14=0x0000000000000002 is an unknown value
R15=0x00007f7868460600 points into unknown readable memory: 0x00007f78478bcc38 | 38 cc 8b 47 78 7f 00 00

Top of Stack: (sp=0x00007f784d1e6900)
0x00007f784d1e6900:   00007f7868460600 0000000000000010   ..Fhx...........
0x00007f784d1e6910:   00007f7868460600 00007f784fbd5bf2   ..Fhx....[.Ox...
0x00007f784d1e6920:   00007f7868460550 00007f784789cb61   P.Fhx...a..Gx...
0x00007f784d1e6930:   00007f7890e1f580 0000000000000000   ....x...........
0x00007f784d1e6940:   00007f784d1e6990 00007f784fbd56d1   .i.Mx....V.Ox...
0x00007f784d1e6950:   00007f784fbd5bf2 1e1e4618254b6f00   .[.Ox....oK%.F..
0x00007f784d1e6960:   00007f784d1e6b48 00007f784d1e7130   Hk.Mx...0q.Mx...
0x00007f784d1e6970:   00007f784fbd5bf2 00007f784fbd56d1   .[.Ox....V.Ox...
0x00007f784d1e6980:   0000000000000008 00007f786842e0d0   ..........Bhx...
0x00007f784d1e6990:   0000000000000008 00007f784fbccc62   ........b..Ox...
0x00007f784d1e69a0:   00007f784d1e6b80 00007f784cc151cc   .k.Mx....Q.Lx...
0x00007f784d1e69b0:   00007f7868460600 0000000000000000   ..Fhx...........
0x00007f784d1e69c0:   0000000421020668 0000000421afe868   h..!....h..!....
0x00007f784d1e69d0:   00007f7890e1f150 0000000000000000   P...x...........
0x00007f784d1e69e0:   00007f784d1e6a60 00007f78cc4679ee   `j.Mx....yF.x...
0x00007f784d1e69f0:   00007f78cc4679ee 00000004229a9768   .yF.x...h.."....
0x00007f784d1e6a00:   0000000421afbca0 00007f78cc46764a   ...!....JvF.x...
0x00007f784d1e6a10:   0000000000000000 fffffffffffffff5   ................
0x00007f784d1e6a20:   00007f7890e25201 1e1e4618254b6f00   .R..x....oK%.F..
0x00007f784d1e6a30:   00007f7890e2cbf8 0000000000000010   ....x...........
0x00007f784d1e6a40:   00007f784d1e6a70 00007f786842e0d0   pj.Mx.....Bhx...
0x00007f784d1e6a50:   0000000000000000 00007f784d1e6ab0   .........j.Mx...
0x00007f784d1e6a60:   00007f784d1e7130 00007f784cc16052   0q.Mx...R`.Lx...
0x00007f784d1e6a70:   0000000000000006 00007f784d1e72c0   .........r.Mx...
0x00007f784d1e6a80:   00007f784d1e6b80 00007f784cc151cc   .k.Mx....Q.Lx...
0x00007f784d1e6a90:   0000000000000001 0000000000000000   ................
0x00007f784d1e6aa0:   0000000000000000 00007f784d1e69b0   .........i.Mx...
0x00007f784d1e6ab0:   00007f784d1e7228 0000000000000000   (r.Mx...........
0x00007f784d1e6ac0:   0000000000000001 00007f784fbcc950   ........P..Ox...
0x00007f784d1e6ad0:   0000000600000003 00007f784d1e69b0   .........i.Mx...
0x00007f784d1e6ae0:   00007f784d1e72c0 0000000021a2b330   .r.Mx...0..!....
0x00007f784d1e6af0:   00007f786842e030 00007f784d1e69b0   0.Bhx....i.Mx...

Instructions: (pc=0x00007f78dd91f63e)
  0x00007f78dd91f53e:   00 00 48 89 4d c8 bf 18 00 00 00 ff 15 89 9a 0f
  0x00007f78dd91f54e:   00 48 89 c3 48 85 c0 74 61 48 8b 4d c8 66 0f 6f
  0x00007f78dd91f55e:   05 1d 4b 0a 00 48 8b 01 83 e0 01 48 09 d8 48 89
  0x00007f78dd91f56e:   01 48 8b 45 b8 0f 11 43 08 48 89 03 49 39 ce 74
  0x00007f78dd91f57e:   39 48 8b 39 45 89 e0 44 89 f9 4c 89 ea 4c 89 f6
  0x00007f78dd91f58e:   41 b9 01 00 00 00 e8 17 fd ff ff 48 89 d8 4c 8b
  0x00007f78dd91f59e:   65 e0 4c 8b 6d e8 4c 8b 75 f0 4c 8b 7d f8 48 8b
  0x00007f78dd91f5ae:   5d d8 c9 c3 66 0f 1f 44 00 00 4c 8b 65 e0 4c 8b
  0x00007f78dd91f5be:   6d e8 4c 8b 75 f0 4c 8b 7d f8 48 89 d8 48 8b 5d
  0x00007f78dd91f5ce:   d8 c9 c3 0f 1f 80 00 00 00 00 45 89 e7 4c 89 f1
  0x00007f78dd91f5de:   e9 5d ff ff ff 31 db eb e1 66 0f 1f 84 00 00 00
  0x00007f78dd91f5ee:   00 00 f3 0f 1e fa 55 48 89 e5 48 83 ec 20 48 89
  0x00007f78dd91f5fe:   5d e8 48 85 f6 74 6e 48 8b 1e 4c 89 65 f0 49 89
  0x00007f78dd91f60e:   fc 4c 89 6d f8 49 89 d5 48 83 fb 01 77 1b eb 42
  0x00007f78dd91f61e:   66 90 48 8d 53 08 48 83 c3 10 85 c0 48 0f 48 da
  0x00007f78dd91f62e:   48 8b 1b 48 83 fb 01 76 29 48 83 e3 fe 4c 89 e7
=>0x00007f78dd91f63e:   48 8b 33 41 ff d5 85 c0 75 d8 4c 8b 65 f0 4c 8b
  0x00007f78dd91f64e:   6d f8 48 89 d8 48 8b 5d e8 c9 c3 0f 1f 80 00 00
  0x00007f78dd91f65e:   00 00 31 db 4c 8b 65 f0 4c 8b 6d f8 48 89 d8 48
  0x00007f78dd91f66e:   8b 5d e8 c9 c3 31 db eb d9 66 0f 1f 84 00 00 00
  0x00007f78dd91f67e:   00 00 f3 0f 1e fa 55 48 89 e5 41 57 41 56 41 55
  0x00007f78dd91f68e:   49 89 fd 41 54 49 89 f4 53 48 83 ec 48 64 4c 8b
  0x00007f78dd91f69e:   34 25 28 00 00 00 4c 89 75 c8 49 89 d6 48 89 e0
  0x00007f78dd91f6ae:   48 39 c4 74 14 48 81 ec 00 10 00 00 80 8c 24 f8
  0x00007f78dd91f6be:   0f 00 00 00 48 39 c4 75 ec 48 81 ec 50 01 00 00
  0x00007f78dd91f6ce:   80 8c 24 48 01 00 00 00 48 8d 5c 24 0f 48 83 e3
  0x00007f78dd91f6de:   f0 48 89 5d b0 4d 85 e4 74 7c 49 8b 04 24 48 83
  0x00007f78dd91f6ee:   f8 01 76 72 48 83 e0 fe c7 45 bc 28 00 00 00 31
  0x00007f78dd91f6fe:   db 49 89 c7 eb 15 0f 1f 40 00 49 8b 47 10 4d 8d
  0x00007f78dd91f70e:   67 10 48 83 c3 01 48 85 c0 74 4b 48 8b 30 4c 89
  0x00007f78dd91f71e:   ef 41 ff d6 41 89 c2 85 c0 0f 84 e3 00 00 00 4c
  0x00007f78dd91f72e:   8d 3c dd 00 00 00 00 39 5d bc 74 56 48 8b 45 b0


Stack slot to memory mapping:

stack at sp + 0 slots: 0x00007f7868460600 points into unknown readable memory: 0x00007f78478bcc38 | 38 cc 8b 47 78 7f 00 00
stack at sp + 1 slots: 0x0000000000000010 is an unknown value
stack at sp + 2 slots: 0x00007f7868460600 points into unknown readable memory: 0x00007f78478bcc38 | 38 cc 8b 47 78 7f 00 00
stack at sp + 3 slots: 0x00007f784fbd5bf2: <offset 0x0000000000021bf2> in /usr/lib64/libvlc.so at 0x00007f784fbb4000
stack at sp + 4 slots: 0x00007f7868460550 points into unknown readable memory: 0x0000000000000000 | 00 00 00 00 00 00 00 00
stack at sp + 5 slots: 0x00007f784789cb61: var_SetChecked+0x0000000000000061 in /usr/lib/libvlccore.so.9 at 0x00007f78477de000
stack at sp + 6 slots: {method} {0x00007f7890e1f580} 'unregisterCompositionLocked' '(Landroidx/compose/runtime/ControlledComposition;)V' in 'androidx/compose/runtime/Recomposer'
stack at sp + 7 slots: 0x0 is null

Lock stack of current Java thread (top to bottom):
LockStack[0]: androidx.compose.runtime.SynchronizedObject 
{0x0000000422a9d690} - klass: 'androidx/compose/runtime/SynchronizedObject' - flags: 

 - ---- fields (total size 2 words):


Compiled method (c1) 2047129 8046       3       androidx.compose.runtime.DisposableEffectImpl::onForgotten (23 bytes)
 total in heap  [0x00007f78c5b2bd08,0x00007f78c5b2c038] = 816
 main code      [0x00007f78c5b2be00,0x00007f78c5b2bff0] = 496
 stub code      [0x00007f78c5b2bff0,0x00007f78c5b2c030] = 64
 oops           [0x00007f78c5b2c030,0x00007f78c5b2c038] = 8
 mutable data [0x00007f789802ee70,0x00007f789802eec0] = 80
 relocation     [0x00007f789802ee70,0x00007f789802eeb8] = 72
 metadata       [0x00007f789802eeb8,0x00007f789802eec0] = 8
 immutable data [0x00007f789802ede0,0x00007f789802ee68] = 136
 dependencies   [0x00007f789802ede0,0x00007f789802ede8] = 8
 nul chk table  [0x00007f789802ede8,0x00007f789802edf8] = 16
 scopes pcs     [0x00007f789802edf8,0x00007f789802ee48] = 80
 scopes data    [0x00007f789802ee48,0x00007f789802ee68] = 32

[Constant Pool (empty)]

[MachCode]
[Instructions begin]
  0x00007f78c5b2be00: 660f 1f84 | 0000 0000 | 0066 0f1f | 8400 0000 | 0000 448b | 5608 443b 

  0x00007f78c5b2be18: ;   {runtime_call Shared Runtime ic_miss_blob}
  0x00007f78c5b2be18: 5008 0f85 | c017 9806 
[Verified Entry Point]
  0x00007f78c5b2be20: 8984 2400 | c0fe ff55 | 4883 ec30 | 4181 7f20 | 0500 0000 

  0x00007f78c5b2be34: ;   {runtime_call Stub::method_entry_barrier}
  0x00007f78c5b2be34: 7405 e865 

  0x00007f78c5b2be38: ;   {metadata(method data for {method} {0x00007f78916c7340} 'onForgotten' '()V' in 'androidx/compose/runtime/DisposableEffectImpl')}
  0x00007f78c5b2be38: 0597 0648 | bf18 43db | 9278 7f00 | 008b 9f90 | 0000 0083 | c302 899f | 9000 0000 | 81e3 fe07 
  0x00007f78c5b2be58: 0000 85db | 0f84 1301 | 0000 8b7e | 1048 c1e7 | 0348 85ff 

  0x00007f78c5b2be6c: ;   {metadata(method data for {method} {0x00007f78916c7340} 'onForgotten' '()V' in 'androidx/compose/runtime/DisposableEffectImpl')}
  0x00007f78c5b2be6c: 48bb 1843 | db92 787f | 0000 b8d8 | 0000 0074 | 05b8 e800 | 0000 488b | 1403 488d | 5201 4889 
  0x00007f78c5b2be8c: 1403 0f84 | bd00 0000 | 4889 7424 | 1848 3b07 

  0x00007f78c5b2be9c: ;   {metadata(method data for {method} {0x00007f78916c7340} 'onForgotten' '()V' in 'androidx/compose/runtime/DisposableEffectImpl')}
  0x00007f78c5b2be9c: 488b df48 | b818 43db | 9278 7f00 | 008b 5b08 | 483b 9800 | 0100 0075 | 0d48 8380 | 0801 0000 
  0x00007f78c5b2bebc: 01e9 6000 | 0000 483b | 9810 0100 | 0075 0d48 | 8380 1801 | 0000 01e9 | 4a00 0000 | 4883 b800 
  0x00007f78c5b2bedc: 0100 0000 | 7517 4889 | 9800 0100 | 0048 c780 | 0801 0000 | 0100 0000 | e929 0000 | 0048 83b8 
  0x00007f78c5b2befc: 1001 0000 | 0075 1748 | 8998 1001 | 0000 48c7 | 8018 0100 | 0001 0000 | 00e9 0800 | 0000 4883 
  0x00007f78c5b2bf1c: 80f8 0000 | 0001 488b | f748 b860 | ef02 9878 

  0x00007f78c5b2bf2c: ;   {virtual_call}
  0x00007f78c5b2bf2c: 7f00 00e8 

  0x00007f78c5b2bf30: ; ImmutableOopMap {[24]=Oop }
                      ;*invokeinterface dispose {reexecute=0 rethrow=0 return_oop=0}
                      ; - androidx.compose.runtime.DisposableEffectImpl::onForgotten@8 (line 91)
  0x00007f78c5b2bf30: 2c54 a606 

  0x00007f78c5b2bf34: ;   {post_call_nop}
  0x00007f78c5b2bf34: 0f1f 8400 | 2c02 0000 

  0x00007f78c5b2bf3c: ;   {metadata(method data for {method} {0x00007f78916c7340} 'onForgotten' '()V' in 'androidx/compose/runtime/DisposableEffectImpl')}
  0x00007f78c5b2bf3c: 48be 1843 | db92 787f | 0000 ff86 | 2801 0000 | 488b 7424 | 1841 0fbe | 7f48 85ff | 0f85 3d00 
  0x00007f78c5b2bf5c: 0000 c746 | 1000 0000 | 0048 83c4 

  0x00007f78c5b2bf68: ;   {poll_return}
  0x00007f78c5b2bf68: 305d 493b | 6728 0f87 | 3f00 0000 

  0x00007f78c5b2bf74: ;   {metadata({method} {0x00007f78916c7340} 'onForgotten' '()V' in 'androidx/compose/runtime/DisposableEffectImpl')}
  0x00007f78c5b2bf74: c349 ba40 | 736c 9178 | 7f00 004c | 8954 2408 | 48c7 0424 | ffff ffff 

  0x00007f78c5b2bf8c: ;   {runtime_call C1 Runtime counter_overflow_blob}
  0x00007f78c5b2bf8c: e8cf aba5 

  0x00007f78c5b2bf90: ; ImmutableOopMap {rsi=Oop }
                      ;*synchronization entry
                      ; - androidx.compose.runtime.DisposableEffectImpl::onForgotten@-1 (line 91)
  0x00007f78c5b2bf90: 06e9 ccfe 

  0x00007f78c5b2bf94: ;   {runtime_call C1 Runtime throw_null_pointer_exception_blob}
  0x00007f78c5b2bf94: ffff e845 

  0x00007f78c5b2bf98: ; ImmutableOopMap {rdi=Oop [24]=Oop }
                      ;*invokeinterface dispose {reexecute=0 rethrow=0 return_oop=0}
                      ; - androidx.compose.runtime.DisposableEffectImpl::onForgotten@8 (line 91)
  0x00007f78c5b2bf98: 4ca5 068b | 7e10 48c1 | e703 4883 | ff00 74b6 | 4889 3c24 

  0x00007f78c5b2bfac: ;   {runtime_call g1_pre_barrier_slow}
  0x00007f78c5b2bfac: e8af b2a5 

  0x00007f78c5b2bfb0: ;   {internal_word}
  0x00007f78c5b2bfb0: 06eb ab49 | ba6a bfb2 | c578 7f00 | 004d 8997 | 3805 0000 

  0x00007f78c5b2bfc4: ;   {runtime_call SafepointBlob}
  0x00007f78c5b2bfc4: e997 4b98 | 0649 8b87 | e005 0000 | 49c7 87e0 | 0500 0000 | 0000 0049 | c787 e805 | 0000 0000 
  0x00007f78c5b2bfe4: 0000 4883 

  0x00007f78c5b2bfe8: ;   {runtime_call C1 Runtime unwind_exception_blob}
  0x00007f78c5b2bfe8: c430 5de9 | f03c a506 
[Stub Code]
  0x00007f78c5b2bff0: ;   {other}
  0x00007f78c5b2bff0: 0f1f 4400 

  0x00007f78c5b2bff4: ;   {static_stub}
  0x00007f78c5b2bff4: 0048 bb00 | 0000 0000 

  0x00007f78c5b2bffc: ;   {runtime_call nmethod}
  0x00007f78c5b2bffc: 0000 00e9 | fbff ffff 
[Exception Handler]
  0x00007f78c5b2c004: ;   {runtime_call C1 Runtime handle_exception_from_callee_blob}
  0x00007f78c5b2c004: e8d7 6da5 

  0x00007f78c5b2c008: ;   {external_word}
  0x00007f78c5b2c008: 0648 bf99 | ef4d dc78 | 7f00 0048 

  0x00007f78c5b2c014: ;   {runtime_call MacroAssembler::debug64(char*, long, long*)}
  0x00007f78c5b2c014: 83e4 f0e8 | f4a5 6017 

  0x00007f78c5b2c01c: ;   {section_word}
  0x00007f78c5b2c01c: f449 ba1d | c0b2 c578 | 7f00 0041 

  0x00007f78c5b2c028: ;   {runtime_call DeoptimizationBlob}
  0x00007f78c5b2c028: 52e9 b232 | 9806 f4f4 
[/MachCode]


Compiled method (c1) 2047144 7325   !   3       androidx.compose.runtime.Recomposer$runRecomposeAndApplyChanges$2::invokeSuspend$lambda$2 (2048 bytes)
 total in heap  [0x00007f78c5a42108,0x00007f78c5a4b4b0] = 37800
 main code      [0x00007f78c5a42200,0x00007f78c5a4b078] = 36472
 stub code      [0x00007f78c5a4b078,0x00007f78c5a4b480] = 1032
 oops           [0x00007f78c5a4b480,0x00007f78c5a4b4b0] = 48
 mutable data [0x00007f7869e31530,0x00007f7869e32220] = 3312
 relocation     [0x00007f7869e31530,0x00007f7869e32088] = 2904
 metadata       [0x00007f7869e32088,0x00007f7869e32220] = 408
 immutable data [0x00007f7869e527b0,0x00007f7869e5a270] = 31424
 dependencies   [0x00007f7869e527b0,0x00007f7869e52820] = 112
 nul chk table  [0x00007f7869e52820,0x00007f7869e52a20] = 512
 handler table  [0x00007f7869e52a20,0x00007f7869e54068] = 5704
 scopes pcs     [0x00007f7869e54068,0x00007f7869e55308] = 4768
 scopes data    [0x00007f7869e55308,0x00007f7869e5a270] = 20328

[Constant Pool (empty)]

[MachCode]
[Verified Entry Point]
  # {method} {0x00007f7890f76848} 'invokeSuspend$lambda$2' '(Landroidx/compose/runtime/Recomposer;Landroidx/collection/MutableScatterSet;Landroidx/collection/MutableScatterSet;Ljava/util/List;Ljava/util/List;Landroidx/collection/MutableScatterSet;Ljava/util/List;Landroidx/collection/MutableScatterSet;Ljava/util/Set;J)Lkotlin/Unit;' in 'androidx/compose/runtime/Recomposer$runRecomposeAndApplyChanges$2'
  # parm0:    rsi:rsi   = 'androidx/compose/runtime/Recomposer'
  # parm1:    rdx:rdx   = 'androidx/collection/MutableScatterSet'
  # parm2:    rcx:rcx   = 'androidx/collection/MutableScatterSet'
  # parm3:    r8:r8     = 'java/util/List'
  # parm4:    r9:r9     = 'java/util/List'
  # parm5:    rdi:rdi   = 'androidx/collection/MutableScatterSet'
  # parm6:    [sp+0x280]   = 'java/util/List'  (sp of caller)
  # parm7:    [sp+0x288]   = 'androidx/collection/MutableScatterSet'
  # parm8:    [sp+0x290]   = 'java/util/Set'
  # parm9:    [sp+0x298]   = long
  0x00007f78c5a42200: 8984 2400 | c0fe ff55 | 4881 ec70 | 0200 0090 | 4181 7f20 | 0500 0000 

  0x00007f78c5a42218: ;   {runtime_call Stub::method_entry_barrier}
  0x00007f78c5a42218: 7405 e881 | a1a5 0648 | 89b4 24d8 | 0000 0048 | 8994 24e8 | 0000 0048 | 898c 24f0 | 0000 004c 
  0x00007f78c5a42238: 8984 24e0 | 0000 004c | 898c 24f8 | 0000 0048 | 89bc 2400 

  0x00007f78c5a4224c: ;   {metadata(method data for {method} {0x00007f7890f76848} 'invokeSuspend$lambda$2' '(Landroidx/compose/runtime/Recomposer;Landroidx/collection/MutableScatterSet;Landroidx/collection/MutableScatterSet;Ljava/util/List;Ljava/util/List;Landroidx/collection/MutableScatterSet;Ljava/util/List;Landroidx/collection/MutableScatterSet;Ljava/util/Set;J)Lkotlin/Unit;' in 'androidx/compose/runtime/Recomposer$runRecomposeAndApplyChanges$2')}
  0x00007f78c5a4224c: 0100 0048 | bb48 99d2 | 9278 7f00 | 008b 8390 | 0000 0083 | c002 8983 | 9000 0000 | 25fe 0700 
  0x00007f78c5a4226c: 0085 c00f | 8403 8000 

  0x00007f78c5a42274: ;   {metadata(method data for {method} {0x00007f7890f76848} 'invokeSuspend$lambda$2' '(Landroidx/compose/runtime/Recomposer;Landroidx/collection/MutableScatterSet;Landroidx/collection/MutableScatterSet;Ljava/util/List;Ljava/util/List;Landroidx/collection/MutableScatterSet;Ljava/util/List;Landroidx/collection/MutableScatterSet;Ljava/util/Set;J)Lkotlin/Unit;' in 'androidx/compose/runtime/Recomposer$runRecomposeAndApplyChanges$2')}
  0x00007f78c5a42274: 0048 bb48 | 99d2 9278 | 7f00 0048 | 8383 d800 

  0x00007f78c5a42284: ;   {metadata(method data for {method} {0x00007f7890e27d88} 'access$getHasBroadcastFrameClockAwaiters' '(Landroidx/compose/runtime/Recomposer;)Z' in 'androidx/compose/runtime/Recomposer')}
  0x00007f78c5a42284: 0000 0148 | bbf0 7ed2 | 9278 7f00 | 008b 8390 | 0000 0083 | c002 8983 | 9000 0000 | 25fe ff1f 
  0x00007f78c5a422a4: 0085 c00f | 84ec 7f00 | 0048 3b06 

  0x00007f78c5a422b0: ;   {metadata(method data for {method} {0x00007f7890e27d88} 'access$getHasBroadcastFrameClockAwaiters' '(Landroidx/compose/runtime/Recomposer;)Z' in 'androidx/compose/runtime/Recomposer')}
  0x00007f78c5a422b0: 488b de48 | b8f0 7ed2 | 9278 7f00 | 0048 8380 | d800 0000 | 0148 8bde | 488b f30f 

  0x00007f78c5a422cc: ;   {optimized virtual_call}
  0x00007f78c5a422cc: 1f40 00e8 

  0x00007f78c5a422d0: ; ImmutableOopMap {[216]=Oop [224]=Oop [232]=Oop [240]=Oop [248]=Oop [256]=Oop [640]=Oop [648]=Oop [656]=Oop }
                      ;*invokespecial getHasBroadcastFrameClockAwaiters {reexecute=0 rethrow=0 return_oop=0}
                      ; - androidx.compose.runtime.Recomposer::access$getHasBroadcastFrameClockAwaiters@1 (line 191)
                      ; - androidx.compose.runtime.Recomposer$runRecomposeAndApplyChanges$2::invokeSuspend$lambda$2@1 (line 629)
  0x00007f78c5a422d0: cce2 ffff 

  0x00007f78c5a422d4: ;   {post_call_nop}
  0x00007f78c5a422d4: 0f1f 8400 | cc01 0000 | 83e0 0185 

  0x00007f78c5a422e0: ;   {metadata(method data for {method} {0x00007f7890f76848} 'invokeSuspend$lambda$2' '(Landroidx/compose/runtime/Recomposer;Landroidx/collection/MutableScatterSet;Landroidx/collection/MutableScatterSet;Ljava/util/List;Ljava/util/List;Landroidx/collection/MutableScatterSet;Ljava/util/List;Landroidx/collection/MutableScatterSet;Ljava/util/Set;J)Lkotlin/Unit;' in 'androidx/compose/runtime/Recomposer$runRecomposeAndApplyChanges$2')}
  0x00007f78c5a422e0: c048 ba48 | 99d2 9278 | 7f00 00be | e800 0000 | 7405 bef8 | 0000 0048 | 8b3c 3248 | 8d7f 0148 
  0x00007f78c5a42300: 893c 320f | 846f 0600 

  0x00007f78c5a42308: ;   {oop(a 'androidx/compose/runtime/internal/Trace'{0x00000004214fda88})}
  0x00007f78c5a42308: 0048 ba88 | da4f 2104 

  0x00007f78c5a42310: ;   {metadata(method data for {method} {0x00007f7890f76848} 'invokeSuspend$lambda$2' '(Landroidx/compose/runtime/Recomposer;Landroidx/collection/MutableScatterSet;Landroidx/collection/MutableScatterSet;Ljava/util/List;Ljava/util/List;Landroidx/collection/MutableScatterSet;Ljava/util/List;Landroidx/collection/MutableScatterSet;Ljava/util/Set;J)Lkotlin/Unit;' in 'androidx/compose/runtime/Recomposer$runRecomposeAndApplyChanges$2')}
  0x00007f78c5a42310: 0000 0048 | be48 99d2 | 9278 7f00 | 008b 5208 | 483b 9610 | 0100 0075 | 0d48 8386 | 1801 0000 
  0x00007f78c5a42330: 01e9 6000 | 0000 483b | 9620 0100 | 0075 0d48 | 8386 2801 | 0000 01e9 | 4a00 0000 | 4883 be10 
  0x00007f78c5a42350: 0100 0000 | 7517 4889 | 9610 0100 | 0048 c786 | 1801 0000 | 0100 0000 | e929 0000 | 0048 83be 
  0x00007f78c5a42370: 2001 0000 | 0075 1748 | 8996 2001 | 0000 48c7 | 8628 0100 | 0001 0000 | 00e9 0800 | 0000 4883 
  0x00007f78c5a42390: 8608 0100 

  0x00007f78c5a42394: ;   {metadata(method data for {method} {0x00007f7891032318} 'beginSection' '(Ljava/lang/String;)Ljava/lang/Object;' in 'androidx/compose/runtime/internal/Trace')}
  0x00007f78c5a42394: 0001 48ba | b8dc ae92 | 787f 0000 | 8bb2 9000 | 0000 83c6 | 0289 b290 | 0000 0081 | e6fe ff1f 
  0x00007f78c5a423b4: 0085 f60f | 8402 7f00 | 0048 8bb4 | 24d8 0000 

  0x00007f78c5a423c4: ;   {metadata(method data for {method} {0x00007f7890f76848} 'invokeSuspend$lambda$2' '(Landroidx/compose/runtime/Recomposer;Landroidx/collection/MutableScatterSet;Landroidx/collection/MutableScatterSet;Ljava/util/List;Ljava/util/List;Landroidx/collection/MutableScatterSet;Ljava/util/List;Landroidx/collection/MutableScatterSet;Ljava/util/Set;J)Lkotlin/Unit;' in 'androidx/compose/runtime/Recomposer$runRecomposeAndApplyChanges$2')}
  0x00007f78c5a423c4: 0048 ba48 | 99d2 9278 | 7f00 0048 | 8382 3801 | 0000 018b | 561c 48c1 | e203 483b | 0248 8bda 
  0x00007f78c5a423e4: ;   {metadata(method data for {method} {0x00007f7890f76848} 'invokeSuspend$lambda$2' '(Landroidx/compose/runtime/Recomposer;Landroidx/collection/MutableScatterSet;Landroidx/collection/MutableScatterSet;Ljava/util/List;Ljava/util/List;Landroidx/collection/MutableScatterSet;Ljava/util/List;Landroidx/collection/MutableScatterSet;Ljava/util/Set;J)Lkotlin/Unit;' in 'androidx/compose/runtime/Recomposer$runRecomposeAndApplyChanges$2')}
  0x00007f78c5a423e4: 48b8 4899 | d292 787f | 0000 8b5b | 0848 3b98 | 5001 0000 | 750d 4883 | 8058 0100 | 0001 e960 
  0x00007f78c5a42404: 0000 0048 | 3b98 6001 | 0000 750d | 4883 8068 | 0100 0001 | e94a 0000 | 0048 83b8 | 5001 0000 
  0x00007f78c5a42424: 0075 1748 | 8998 5001 | 0000 48c7 | 8058 0100 | 0001 0000 | 00e9 2900 | 0000 4883 | b860 0100 
  0x00007f78c5a42444: 0000 7517 | 4889 9860 | 0100 0048 | c780 6801 | 0000 0100 | 0000 e908 | 0000 0048 | 8380 4801 
  0x00007f78c5a42464: ;   {metadata(method data for {method} {0x00007f7890e5a2f0} 'sendFrame' '(J)V' in 'androidx/compose/runtime/BroadcastFrameClock')}
  0x00007f78c5a42464: 0000 0148 | bb50 7dcd | 9278 7f00 | 008b 8390 | 0000 0083 | c002 8983 | 9000 0000 | 25fe ff1f 
  0x00007f78c5a42484: 0085 c00f | 8458 7e00 | 008b 5a10 | 48c1 e303 

  0x00007f78c5a42494: ;   {metadata(method data for {method} {0x00007f7890e5a2f0} 'sendFrame' '(J)V' in 'androidx/compose/runtime/BroadcastFrameClock')}
  0x00007f78c5a42494: 48ba 507d | cd92 787f | 0000 4883 | 82d8 0000 

  0x00007f78c5a424a4: ;   {metadata(method data for {method} {0x00007f7890558a48} 'linkToTargetMethod' '(JLjava/lang/Object;)Ljava/lang/Object;' in 'java/lang/invoke/Invokers$Holder')}
  0x00007f78c5a424a4: 0001 48ba | 08da bc92 | 787f 0000 | 8b82 9000 | 0000 83c0 | 0289 8290 | 0000 0025 | feff 1f00 
  0x00007f78c5a424c4: 85c0 0f84 | 3a7e 0000 

  0x00007f78c5a424cc: ;   {metadata(method data for {method} {0x00007f7890558a48} 'linkToTargetMethod' '(JLjava/lang/Object;)Ljava/lang/Object;' in 'java/lang/invoke/Invokers$Holder')}
  0x00007f78c5a424cc: 48ba 08da | bc92 787f | 0000 4883 | 8208 0100 

  0x00007f78c5a424dc: ;   {metadata(method data for {method} {0x00007f7890490820} 'newInvokeSpecial' '(Ljava/lang/Object;J)Ljava/lang/Object;' in 'java/lang/invoke/DirectMethodHandle$Holder')}
  0x00007f78c5a424dc: 0001 48ba | c0db bc92 | 787f 0000 | 8b82 9000 | 0000 83c0 | 0289 8290 | 0000 0025 | feff 1f00 
  0x00007f78c5a424fc: 85c0 0f84 | 237e 0000 

  0x00007f78c5a42504: ;   {metadata(method data for {method} {0x00007f7890490820} 'newInvokeSpecial' '(Ljava/lang/Object;J)Ljava/lang/Object;' in 'java/lang/invoke/DirectMethodHandle$Holder')}
  0x00007f78c5a42504: 48ba c0db | bc92 787f | 0000 4883 | 82d8 0000 

  0x00007f78c5a42514: ;   {metadata(method data for {method} {0x00007f78900834b0} 'allocateInstance' '(Ljava/lang/Object;)Ljava/lang/Object;' in 'java/lang/invoke/DirectMethodHandle')}
  0x00007f78c5a42514: 0001 48ba | c095 db90 | 787f 0000 | 8b82 9000 | 0000 83c0 | 0289 8290 | 0000 0025 | feff 1f00 
  0x00007f78c5a42534: 85c0 0f84 | 0c7e 0000 

  0x00007f78c5a4253c: ;   {oop(a 'jdk/internal/misc/Unsafe'{0x0000000421000908})}
  0x00007f78c5a4253c: 48b8 0809 | 0021 0400 | 0000 488b 

  0x00007f78c5a42548: ;   {metadata(method data for {method} {0x00007f78900834b0} 'allocateInstance' '(Ljava/lang/Object;)Ljava/lang/Object;' in 'java/lang/invoke/DirectMethodHandle')}
  0x00007f78c5a42548: d048 b9c0 | 95db 9078 | 7f00 008b | 5208 483b | 9110 0100 | 0075 0d48 | 8381 1801 | 0000 01e9 
  0x00007f78c5a42568: 6000 0000 | 483b 9120 | 0100 0075 | 0d48 8381 | 2801 0000 | 01e9 4a00 | 0000 4883 | b910 0100 
  0x00007f78c5a42588: 0000 7517 | 4889 9110 | 0100 0048 | c781 1801 | 0000 0100 | 0000 e929 | 0000 0048 | 83b9 2001 
  0x00007f78c5a425a8: 0000 0075 | 1748 8991 | 2001 0000 | 48c7 8128 | 0100 0001 | 0000 00e9 | 0800 0000 | 4883 8108 
  0x00007f78c5a425c8: 0100 0001 

  0x00007f78c5a425cc: ;   {oop(a 'java/lang/Class'{0x0000000422951638} = 'androidx/compose/runtime/BroadcastFrameClock$$Lambda+0x000000002142f288')}
  0x00007f78c5a425cc: 48ba 3816 | 9522 0400 | 0000 488b | f048 899c | 2408 0100 | 0066 0f1f 

  0x00007f78c5a425e4: ;   {optimized virtual_call}
  0x00007f78c5a425e4: 4400 00e8 

  0x00007f78c5a425e8: ; ImmutableOopMap {[216]=Oop [224]=Oop [232]=Oop [240]=Oop [248]=Oop [256]=Oop [264]=Oop [640]=Oop [648]=Oop [656]=Oop }
                      ;*invokevirtual allocateInstance {reexecute=0 rethrow=0 return_oop=0}
                      ; - java.lang.invoke.DirectMethodHandle::allocateInstance@12
                      ; - java.lang.invoke.DirectMethodHandle$Holder::newInvokeSpecial@1
                      ; - java.lang.invoke.Invokers$Holder::linkToTargetMethod@5
                      ; - androidx.compose.runtime.BroadcastFrameClock::sendFrame@5 (line 71)
                      ; - androidx.compose.runtime.Recomposer$runRecomposeAndApplyChanges$2::invokeSuspend$lambda$2@35 (line 633)
  0x00007f78c5a425e8: 247d 1907 

  0x00007f78c5a425ec: ;   {post_call_nop}
  0x00007f78c5a425ec: 0f1f 8400 | e404 0001 

  0x00007f78c5a425f4: ;   {metadata(method data for {method} {0x00007f7890490820} 'newInvokeSpecial' '(Ljava/lang/Object;J)Ljava/lang/Object;' in 'java/lang/invoke/DirectMethodHandle$Holder')}
  0x00007f78c5a425f4: 48ba c0db | bc92 787f | 0000 488d | 92f8 0000 | 0048 85c0 | 750c f602 | 0175 23f0 | 4883 0a01 
  0x00007f78c5a42614: eb1c 8b70 | 084c 8bd6 | 4833 3248 | f7c6 fcff | ffff 740a | 40f6 c602 | 7504 4883 

  0x00007f78c5a42630: ;   {metadata(method data for {method} {0x00007f7890490820} 'newInvokeSpecial' '(Ljava/lang/Object;J)Ljava/lang/Object;' in 'java/lang/invoke/DirectMethodHandle$Holder')}
  0x00007f78c5a42630: 0a02 48ba | c0db bc92 | 787f 0000 | 4883 8208 | 0100 0001 

  0x00007f78c5a42644: ;   {metadata(method data for {method} {0x00007f78900833f0} 'constructorMethod' '(Ljava/lang/Object;)Ljava/lang/Object;' in 'java/lang/invoke/DirectMethodHandle')}
  0x00007f78c5a42644: 48ba 7894 | db90 787f | 0000 8bb2 | 9000 0000 | 83c6 0289 | b290 0000 | 0081 e6fe | ff1f 0085 
  0x00007f78c5a42664: f60f 84fe | 7c00 0048 | 3b00 488b 

  0x00007f78c5a42670: ;   {metadata(method data for {method} {0x00007f7890490820} 'newInvokeSpecial' '(Ljava/lang/Object;J)Ljava/lang/Object;' in 'java/lang/invoke/DirectMethodHandle$Holder')}
  0x00007f78c5a42670: d048 bec0 | dbbc 9278 | 7f00 0048 | 8386 6801 

  0x00007f78c5a42680: ;   {metadata(method data for {method} {0x00007f78922256c0} '<init>' '(J)V' in 'androidx/compose/runtime/BroadcastFrameClock$$Lambda+0x000000002142f288')}
  0x00007f78c5a42680: 0000 0148 | bac8 7ecd | 9278 7f00 | 008b b290 | 0000 0083 | c602 89b2 | 9000 0000 | 81e6 feff 
  0x00007f78c5a426a0: 1f00 85f6 | 0f84 e57c | 0000 488b 

  0x00007f78c5a426ac: ;   {metadata(method data for {method} {0x00007f78922256c0} '<init>' '(J)V' in 'androidx/compose/runtime/BroadcastFrameClock$$Lambda+0x000000002142f288')}
  0x00007f78c5a426ac: d048 bec8 | 7ecd 9278 | 7f00 0048 | 8386 d800 

  0x00007f78c5a426bc: ;   {metadata(method data for {method} {0x00007f78900005d0} '<init>' '()V' in 'java/lang/Object')}
  0x00007f78c5a426bc: 0000 0148 | ba18 7d26 | 9078 7f00 | 008b b290 | 0000 0083 | c602 89b2 | 9000 0000 | 81e6 feff 
  0x00007f78c5a426dc: 1f00 85f6 | 0f84 ca7c | 0000 488b | 9424 9802 | 0000 4889 

  0x00007f78c5a426f0: ;   {metadata(method data for {method} {0x00007f7890558a48} 'linkToTargetMethod' '(JLjava/lang/Object;)Ljava/lang/Object;' in 'java/lang/invoke/Invokers$Holder')}
  0x00007f78c5a426f0: 5010 48ba | 08da bc92 | 787f 0000 | 488d 9238 | 0100 0048 | 85c0 750c | f602 0175 | 23f0 4883 
  0x00007f78c5a42710: 0a01 eb1c | 8b70 084c | 8bd6 4833 | 3248 f7c6 | fcff ffff | 740a 40f6 | c602 7504 | 4883 0a02 
  0x00007f78c5a42730: ;   {metadata(method data for {method} {0x00007f7890e5a2f0} 'sendFrame' '(J)V' in 'androidx/compose/runtime/BroadcastFrameClock')}
  0x00007f78c5a42730: 48ba 507d | cd92 787f | 0000 488d | 92e8 0000 | 0048 85c0 | 750c f602 | 0175 23f0 | 4883 0a01 
  0x00007f78c5a42750: eb1c 8b70 | 084c 8bd6 | 4833 3248 | f7c6 fcff | ffff 740a | 40f6 c602 | 7504 4883 | 0a02 488b 
  0x00007f78c5a42770: 9c24 0801 | 0000 483b | 0348 8bd3 

  0x00007f78c5a4277c: ;   {metadata(method data for {method} {0x00007f7890e5a2f0} 'sendFrame' '(J)V' in 'androidx/compose/runtime/BroadcastFrameClock')}
  0x00007f78c5a4277c: 48be 507d | cd92 787f | 0000 8b52 | 0848 3b96 | 0001 0000 | 750d 4883 | 8608 0100 | 0001 e960 
  0x00007f78c5a4279c: 0000 0048 | 3b96 1001 | 0000 750d | 4883 8618 | 0100 0001 | e94a 0000 | 0048 83be | 0001 0000 
  0x00007f78c5a427bc: 0075 1748 | 8996 0001 | 0000 48c7 | 8608 0100 | 0001 0000 | 00e9 2900 | 0000 4883 | be10 0100 
  0x00007f78c5a427dc: 0000 7517 | 4889 9610 | 0100 0048 | c786 1801 | 0000 0100 | 0000 e908 | 0000 0048 | 8386 f800 
  0x00007f78c5a427fc: 0000 0148 | 8bd0 488b 

  0x00007f78c5a42804: ;   {optimized virtual_call}
  0x00007f78c5a42804: f366 90e8 

  0x00007f78c5a42808: ; ImmutableOopMap {[216]=Oop [224]=Oop [232]=Oop [240]=Oop [248]=Oop [256]=Oop [640]=Oop [648]=Oop [656]=Oop }
                      ;*invokevirtual flushAndDispatchAwaiters {reexecute=0 rethrow=0 return_oop=0}
                      ; - androidx.compose.runtime.BroadcastFrameClock::sendFrame@10 (line 71)
                      ; - androidx.compose.runtime.Recomposer$runRecomposeAndApplyChanges$2::invokeSuspend$lambda$2@35 (line 633)
  0x00007f78c5a42808: 14c8 ecff 

  0x00007f78c5a4280c: ;   {post_call_nop}
  0x00007f78c5a4280c: 0f1f 8400 | 0407 0002 

  0x00007f78c5a42814: ;   {oop(a 'androidx/compose/runtime/snapshots/Snapshot$Companion'{0x0000000421145890})}
  0x00007f78c5a42814: 48be 9058 | 1421 0400 | 0000 488b 

  0x00007f78c5a42820: ;   {metadata(method data for {method} {0x00007f7890f76848} 'invokeSuspend$lambda$2' '(Landroidx/compose/runtime/Recomposer;Landroidx/collection/MutableScatterSet;Landroidx/collection/MutableScatterSet;Ljava/util/List;Ljava/util/List;Landroidx/collection/MutableScatterSet;Ljava/util/List;Landroidx/collection/MutableScatterSet;Ljava/util/Set;J)Lkotlin/Unit;' in 'androidx/compose/runtime/Recomposer$runRecomposeAndApplyChanges$2')}
  0x00007f78c5a42820: fe48 bb48 | 99d2 9278 | 7f00 008b | 7f08 483b | bb80 0100 | 0075 0d48 | 8383 8801 | 0000 01e9 
  0x00007f78c5a42840: 6000 0000 | 483b bb90 | 0100 0075 | 0d48 8383 | 9801 0000 | 01e9 4a00 | 0000 4883 | bb80 0100 
  0x00007f78c5a42860: 0000 7517 | 4889 bb80 | 0100 0048 | c783 8801 | 0000 0100 | 0000 e929 | 0000 0048 | 83bb 9001 
  0x00007f78c5a42880: 0000 0075 | 1748 89bb | 9001 0000 | 48c7 8398 | 0100 0001 | 0000 00e9 | 0800 0000 | 4883 8378 
  0x00007f78c5a428a0: 0100 0001 

  0x00007f78c5a428a4: ;   {optimized virtual_call}
  0x00007f78c5a428a4: 6666 90e8 

  0x00007f78c5a428a8: ; ImmutableOopMap {[216]=Oop [224]=Oop [232]=Oop [240]=Oop [248]=Oop [256]=Oop [640]=Oop [648]=Oop [656]=Oop }
                      ;*invokevirtual sendApplyNotifications {reexecute=0 rethrow=0 return_oop=0}
                      ; - androidx.compose.runtime.Recomposer$runRecomposeAndApplyChanges$2::invokeSuspend$lambda$2@41 (line 636)
  0x00007f78c5a428a8: 6430 4107 

  0x00007f78c5a428ac: ;   {post_call_nop}
  0x00007f78c5a428ac: 0f1f 8400 | a407 0003 

  0x00007f78c5a428b4: ;   {oop(a 'androidx/compose/runtime/internal/Trace'{0x00000004214fda88})}
  0x00007f78c5a428b4: 48be 88da | 4f21 0400 

  0x00007f78c5a428bc: ;   {metadata(method data for {method} {0x00007f7890f76848} 'invokeSuspend$lambda$2' '(Landroidx/compose/runtime/Recomposer;Landroidx/collection/MutableScatterSet;Landroidx/collection/MutableScatterSet;Ljava/util/List;Ljava/util/List;Landroidx/collection/MutableScatterSet;Ljava/util/List;Landroidx/collection/MutableScatterSet;Ljava/util/Set;J)Lkotlin/Unit;' in 'androidx/compose/runtime/Recomposer$runRecomposeAndApplyChanges$2')}
  0x00007f78c5a428bc: 0000 48bf | 4899 d292 | 787f 0000 | 8b76 0848 | 3bb7 b001 | 0000 750d | 4883 87b8 | 0100 0001 
  0x00007f78c5a428dc: e960 0000 | 0048 3bb7 | c001 0000 | 750d 4883 | 87c8 0100 | 0001 e94a | 0000 0048 | 83bf b001 
  0x00007f78c5a428fc: 0000 0075 | 1748 89b7 | b001 0000 | 48c7 87b8 | 0100 0001 | 0000 00e9 | 2900 0000 | 4883 bfc0 
  0x00007f78c5a4291c: 0100 0000 | 7517 4889 | b7c0 0100 | 0048 c787 | c801 0000 | 0100 0000 | e908 0000 | 0048 8387 
  0x00007f78c5a4293c: a801 0000 

  0x00007f78c5a42940: ;   {metadata(method data for {method} {0x00007f78910323e0} 'endSection' '(Ljava/lang/Object;)V' in 'androidx/compose/runtime/internal/Trace')}
  0x00007f78c5a42940: 0148 beb0 | ddae 9278 | 7f00 008b | be90 0000 | 0083 c702 | 89be 9000 | 0000 81e7 | feff 1f00 
  0x00007f78c5a42960: 85ff 0f84 | 6e7a 0000 

  0x00007f78c5a42968: ;   {metadata(method data for {method} {0x00007f7890f76848} 'invokeSuspend$lambda$2' '(Landroidx/compose/runtime/Recomposer;Landroidx/collection/MutableScatterSet;Landroidx/collection/MutableScatterSet;Ljava/util/List;Ljava/util/List;Landroidx/collection/MutableScatterSet;Ljava/util/List;Landroidx/collection/MutableScatterSet;Ljava/util/Set;J)Lkotlin/Unit;' in 'androidx/compose/runtime/Recomposer$runRecomposeAndApplyChanges$2')}
  0x00007f78c5a42968: 48be 4899 | d292 787f | 0000 ff86 | d801 0000 

  0x00007f78c5a42978: ;   {oop(a 'androidx/compose/runtime/internal/Trace'{0x00000004214fda88})}
  0x00007f78c5a42978: 48be 88da | 4f21 0400 

  0x00007f78c5a42980: ;   {metadata(method data for {method} {0x00007f7890f76848} 'invokeSuspend$lambda$2' '(Landroidx/compose/runtime/Recomposer;Landroidx/collection/MutableScatterSet;Landroidx/collection/MutableScatterSet;Ljava/util/List;Ljava/util/List;Landroidx/collection/MutableScatterSet;Ljava/util/List;Landroidx/collection/MutableScatterSet;Ljava/util/Set;J)Lkotlin/Unit;' in 'androidx/compose/runtime/Recomposer$runRecomposeAndApplyChanges$2')}
  0x00007f78c5a42980: 0000 48bf | 4899 d292 | 787f 0000 | 8b76 0848 | 3bb7 2802 | 0000 750d | 4883 8730 | 0200 0001 
  0x00007f78c5a429a0: e960 0000 | 0048 3bb7 | 3802 0000 | 750d 4883 | 8740 0200 | 0001 e94a | 0000 0048 | 83bf 2802 
  0x00007f78c5a429c0: 0000 0075 | 1748 89b7 | 2802 0000 | 48c7 8730 | 0200 0001 | 0000 00e9 | 2900 0000 | 4883 bf38 
  0x00007f78c5a429e0: 0200 0000 | 7517 4889 | b738 0200 | 0048 c787 | 4002 0000 | 0100 0000 | e908 0000 | 0048 8387 
  0x00007f78c5a42a00: 2002 0000 

  0x00007f78c5a42a04: ;   {metadata(method data for {method} {0x00007f7891032318} 'beginSection' '(Ljava/lang/String;)Ljava/lang/Object;' in 'androidx/compose/runtime/internal/Trace')}
  0x00007f78c5a42a04: 0148 beb8 | dcae 9278 | 7f00 008b | be90 0000 | 0083 c702 | 89be 9000 | 0000 81e7 | feff 1f00 
  0x00007f78c5a42a24: 85ff 0f84 | cb79 0000 | 488b b424 | d800 0000 

  0x00007f78c5a42a34: ;   {metadata(method data for {method} {0x00007f7890f76848} 'invokeSuspend$lambda$2' '(Landroidx/compose/runtime/Recomposer;Landroidx/collection/MutableScatterSet;Landroidx/collection/MutableScatterSet;Ljava/util/List;Ljava/util/List;Landroidx/collection/MutableScatterSet;Ljava/util/List;Landroidx/collection/MutableScatterSet;Ljava/util/Set;J)Lkotlin/Unit;' in 'androidx/compose/runtime/Recomposer$runRecomposeAndApplyChanges$2')}
  0x00007f78c5a42a34: 48bf 4899 | d292 787f | 0000 4883 | 8750 0200 

  0x00007f78c5a42a44: ;   {metadata(method data for {method} {0x00007f7890e279b8} 'access$recordComposerModifications' '(Landroidx/compose/runtime/Recomposer;)Z' in 'androidx/compose/runtime/Recomposer')}
  0x00007f78c5a42a44: 0001 48bf | 08ba c092 | 787f 0000 | 8b9f 9000 | 0000 83c3 | 0289 9f90 | 0000 0081 | e3fe ff1f 
  0x00007f78c5a42a64: 0085 db0f | 84ab 7900 | 0048 8bfe 

  0x00007f78c5a42a70: ;   {metadata(method data for {method} {0x00007f7890e279b8} 'access$recordComposerModifications' '(Landroidx/compose/runtime/Recomposer;)Z' in 'androidx/compose/runtime/Recomposer')}
  0x00007f78c5a42a70: 48bb 08ba | c092 787f | 0000 4883 | 83d8 0000 | 0001 488b | fe48 8bf7 | 0f1f 8000 

  0x00007f78c5a42a8c: ;   {optimized virtual_call}
  0x00007f78c5a42a8c: 0000 00e8 

  0x00007f78c5a42a90: ; ImmutableOopMap {[216]=Oop [224]=Oop [232]=Oop [240]=Oop [248]=Oop [256]=Oop [640]=Oop [648]=Oop [656]=Oop }
                      ;*invokespecial recordComposerModifications {reexecute=0 rethrow=0 return_oop=0}
                      ; - androidx.compose.runtime.Recomposer::access$recordComposerModifications@1 (line 191)
                      ; - androidx.compose.runtime.Recomposer$runRecomposeAndApplyChanges$2::invokeSuspend$lambda$2@100 (line 643)
  0x00007f78c5a42a90: fc55 4107 

  0x00007f78c5a42a94: ;   {post_call_nop}
  0x00007f78c5a42a94: 0f1f 8400 | 8c09 0004 

  0x00007f78c5a42a9c: ;   {metadata(method data for {method} {0x00007f7890f76848} 'invokeSuspend$lambda$2' '(Landroidx/compose/runtime/Recomposer;Landroidx/collection/MutableScatterSet;Landroidx/collection/MutableScatterSet;Ljava/util/List;Ljava/util/List;Landroidx/collection/MutableScatterSet;Ljava/util/List;Landroidx/collection/MutableScatterSet;Ljava/util/Set;J)Lkotlin/Unit;' in 'androidx/compose/runtime/Recomposer$runRecomposeAndApplyChanges$2')}
  0x00007f78c5a42a9c: 48b8 4899 | d292 787f | 0000 4883 | 8060 0200 | 0001 488b | b424 d800 | 0000 8b7e | 2448 c1e7 
  0x00007f78c5a42abc: 0348 89bc | 2420 0100 | 0048 8d94 | 2450 0200 | 0048 897a | 0848 8b07 | 418b 9fd0 | 0700 0081 
  0x00007f78c5a42adc: fb20 0800 | 000f 8d57 | 7900 0049 | 3b7c 1ff8 | 0f84 2500 | 0000 a802 | 0f85 4479 | 0000 488b 
  0x00007f78c5a42afc: d848 83e3 | fe48 83c8 | 01f0 480f | b11f 0f85 | 2e79 0000 | 418b 9fd0 | 0700 0049 | 893c 1f83 
  0x00007f78c5a42b1c: c308 4189 | 9fd0 0700 

  0x00007f78c5a42b24: ;   {metadata(method data for {method} {0x00007f7890f76848} 'invokeSuspend$lambda$2' '(Landroidx/compose/runtime/Recomposer;Landroidx/collection/MutableScatterSet;Landroidx/collection/MutableScatterSet;Ljava/util/List;Ljava/util/List;Landroidx/collection/MutableScatterSet;Ljava/util/List;Landroidx/collection/MutableScatterSet;Ljava/util/Set;J)Lkotlin/Unit;' in 'androidx/compose/runtime/Recomposer$runRecomposeAndApplyChanges$2')}
  0x00007f78c5a42b24: 0048 ba48 | 99d2 9278 | 7f00 0048 | 8382 7002 | 0000 018b | 563c 48c1 | e203 8b5a | 1048 c1e3 
  0x00007f78c5a42b44: 0348 899c | 2418 0100 | 0048 8bc2 

  0x00007f78c5a42b50: ;   {metadata(method data for {method} {0x00007f7890f76848} 'invokeSuspend$lambda$2' '(Landroidx/compose/runtime/Recomposer;Landroidx/collection/MutableScatterSet;Landroidx/collection/MutableScatterSet;Ljava/util/List;Ljava/util/List;Landroidx/collection/MutableScatterSet;Ljava/util/List;Landroidx/collection/MutableScatterSet;Ljava/util/Set;J)Lkotlin/Unit;' in 'androidx/compose/runtime/Recomposer$runRecomposeAndApplyChanges$2')}
  0x00007f78c5a42b50: 48b9 4899 | d292 787f | 0000 8b40 | 0848 3b81 | 8802 0000 | 750d 4883 | 8190 0200 | 0001 e960 
  0x00007f78c5a42b70: 0000 0048 | 3b81 9802 | 0000 750d | 4883 81a0 | 0200 0001 | e94a 0000 | 0048 83b9 | 8802 0000 
  0x00007f78c5a42b90: 0075 1748 | 8981 8802 | 0000 48c7 | 8190 0200 | 0001 0000 | 00e9 2900 | 0000 4883 | b998 0200 
  0x00007f78c5a42bb0: 0000 7517 | 4889 8198 | 0200 0048 | c781 a002 | 0000 0100 | 0000 e908 | 0000 0048 | 8381 8002 
  0x00007f78c5a42bd0: 0000 018b | 420c 8984 | 2414 0100 | 00b9 0000 | 0000 e9c3 | 0200 0090 

  0x00007f78c5a42be8: ; implicit exception: dispatches to 0x00007f78c5a4a456
  0x00007f78c5a42be8: 3b4b 0c0f | 836f 7800 | 0048 63d1 | 8b54 9310 | 48c1 e203 

  0x00007f78c5a42bfc: ;   {metadata(method data for {method} {0x00007f7890f76848} 'invokeSuspend$lambda$2' '(Landroidx/compose/runtime/Recomposer;Landroidx/collection/MutableScatterSet;Landroidx/collection/MutableScatterSet;Ljava/util/List;Ljava/util/List;Landroidx/collection/MutableScatterSet;Ljava/util/List;Landroidx/collection/MutableScatterSet;Ljava/util/Set;J)Lkotlin/Unit;' in 'androidx/compose/runtime/Recomposer$runRecomposeAndApplyChanges$2')}
  0x00007f78c5a42bfc: 4885 d249 | bd48 99d2 | 9278 7f00 | 0075 0d41 | 808d c902 | 0000 01e9 | b600 0000 | 448b 5a08 
  0x00007f78c5a42c1c: 4d3b 9dd8 | 0200 0075 | 0d49 8385 | e002 0000 | 01e9 6000 | 0000 4d3b | 9de8 0200 | 0075 0d49 
  0x00007f78c5a42c3c: 8385 f002 | 0000 01e9 | 4a00 0000 | 4983 bdd8 | 0200 0000 | 7517 4d89 | 9dd8 0200 | 0049 c785 
  0x00007f78c5a42c5c: e002 0000 | 0100 0000 | e929 0000 | 0049 83bd | e802 0000 | 0075 174d | 899d e802 | 0000 49c7 
  0x00007f78c5a42c7c: 85f0 0200 | 0001 0000 | 00e9 0800 | 0000 4983 | 85d0 0200 

  0x00007f78c5a42c90: ;   {metadata('androidx/compose/runtime/ControlledComposition')}
  0x00007f78c5a42c90: 0001 49bb | b8d6 1821 | 0000 0000 | 448b 6a08 | 4d3b 5d20 | 0f84 2400 | 0000 4d3b | eb0f 841b 
  0x00007f78c5a42cb0: 0000 0041 

  0x00007f78c5a42cb4: ;   {runtime_call C1 Runtime slow_subtype_check_blob}
  0x00007f78c5a42cb4: 5541 53e8 | 240d b406 | 415d 415d | 4585 ed0f | 84a5 7700 | 00e9 0000 | 0000 4d85 

  0x00007f78c5a42cd0: ;   {metadata(method data for {method} {0x00007f7890f76848} 'invokeSuspend$lambda$2' '(Landroidx/compose/runtime/Recomposer;Landroidx/collection/MutableScatterSet;Landroidx/collection/MutableScatterSet;Ljava/util/List;Ljava/util/List;Landroidx/collection/MutableScatterSet;Ljava/util/List;Landroidx/collection/MutableScatterSet;Ljava/util/Set;J)Lkotlin/Unit;' in 'androidx/compose/runtime/Recomposer$runRecomposeAndApplyChanges$2')}
  0x00007f78c5a42cd0: c049 be48 | 99d2 9278 | 7f00 0075 | 0d41 808e | f902 0000 | 01e9 b600 | 0000 458b | 6808 4d3b 
  0x00007f78c5a42cf0: ae08 0300 | 0075 0d49 | 8386 1003 | 0000 01e9 | 6000 0000 | 4d3b ae18 | 0300 0075 | 0d49 8386 
  0x00007f78c5a42d10: 2003 0000 | 01e9 4a00 | 0000 4983 | be08 0300 | 0000 7517 | 4d89 ae08 | 0300 0049 | c786 1003 
  0x00007f78c5a42d30: 0000 0100 | 0000 e929 | 0000 0049 | 83be 1803 | 0000 0075 | 174d 89ae | 1803 0000 | 49c7 8620 
  0x00007f78c5a42d50: 0300 0001 | 0000 00e9 | 0800 0000 | 4983 8600 | 0300 0001 

  0x00007f78c5a42d64: ;   {metadata('java/util/Collection')}
  0x00007f78c5a42d64: 49bd b05e | 0121 0000 | 0000 458b | 7008 4d3b | 6e20 0f84 | 2400 0000 | 4d3b f50f | 841b 0000 
  0x00007f78c5a42d84: 0041 5641 

  0x00007f78c5a42d88: ;   {runtime_call C1 Runtime slow_subtype_check_blob}
  0x00007f78c5a42d88: 55e8 520c | b406 415e | 415e 4585 | f60f 84dc | 7600 00e9 | 0000 0000 | 4d8b c849 | 3b01 4d8b 
  0x00007f78c5a42da8: ;   {metadata(method data for {method} {0x00007f7890f76848} 'invokeSuspend$lambda$2' '(Landroidx/compose/runtime/Recomposer;Landroidx/collection/MutableScatterSet;Landroidx/collection/MutableScatterSet;Ljava/util/List;Ljava/util/List;Landroidx/collection/MutableScatterSet;Ljava/util/List;Landroidx/collection/MutableScatterSet;Ljava/util/Set;J)Lkotlin/Unit;' in 'androidx/compose/runtime/Recomposer$runRecomposeAndApplyChanges$2')}
  0x00007f78c5a42da8: d949 bd48 | 99d2 9278 | 7f00 0045 | 8b5b 084d | 3b9d 3803 | 0000 750d | 4983 8540 | 0300 0001 
  0x00007f78c5a42dc8: e960 0000 | 004d 3b9d | 4803 0000 | 750d 4983 | 8550 0300 | 0001 e94a | 0000 0049 | 83bd 3803 
  0x00007f78c5a42de8: 0000 0075 | 174d 899d | 3803 0000 | 49c7 8540 | 0300 0001 | 0000 00e9 | 2900 0000 | 4983 bd48 
  0x00007f78c5a42e08: 0300 0000 | 7517 4d89 | 9d48 0300 | 0049 c785 | 5003 0000 | 0100 0000 | e908 0000 | 0049 8385 
  0x00007f78c5a42e28: 3003 0000 | 0149 8bf1 | 898c 2410 | 0100 0066 | 0f1f 4400 | 0048 b810 | 54de 6978 

  0x00007f78c5a42e44: ;   {virtual_call}
  0x00007f78c5a42e44: 7f00 00e8 

  0x00007f78c5a42e48: ; ImmutableOopMap {[216]=Oop [224]=Oop [232]=Oop [240]=Oop [248]=Oop [256]=Oop [280]=Oop [288]=Oop [600]=Oop [640]=Oop [648]=Oop [656]=Oop }
                      ;*invokeinterface add {reexecute=0 rethrow=0 return_oop=0}
                      ; - androidx.compose.runtime.Recomposer$runRecomposeAndApplyChanges$2::invokeSuspend$lambda$2@176 (line 645)
  0x00007f78c5a42e48: 36b4 1a07 

  0x00007f78c5a42e4c: ;   {post_call_nop}
  0x00007f78c5a42e4c: 0f1f 8400 | 440d 0005 | 8b8c 2410 | 0100 00ff 

  0x00007f78c5a42e5c: ;   {metadata(method data for {method} {0x00007f7890f76848} 'invokeSuspend$lambda$2' '(Landroidx/compose/runtime/Recomposer;Landroidx/collection/MutableScatterSet;Landroidx/collection/MutableScatterSet;Ljava/util/List;Ljava/util/List;Landroidx/collection/MutableScatterSet;Ljava/util/List;Landroidx/collection/MutableScatterSet;Ljava/util/Set;J)Lkotlin/Unit;' in 'androidx/compose/runtime/Recomposer$runRecomposeAndApplyChanges$2')}
  0x00007f78c5a42e5c: c148 be48 | 99d2 9278 | 7f00 008b | be94 0000 | 0083 c702 | 89be 9400 | 0000 81e7 | fe3f 0000 
  0x00007f78c5a42e7c: 85ff 0f84 | 0176 0000 

  0x00007f78c5a42e84: ; ImmutableOopMap {[216]=Oop [224]=Oop [232]=Oop [240]=Oop [248]=Oop [256]=Oop [280]=Oop [288]=Oop [600]=Oop [640]=Oop [648]=Oop [656]=Oop }
                      ;*goto {reexecute=1 rethrow=0 return_oop=0}
                      ; - (reexecute) androidx.compose.runtime.Recomposer$runRecomposeAndApplyChanges$2::invokeSuspend$lambda$2@190 (line 1955)
  0x00007f78c5a42e84: 4d8b 5730 

  0x00007f78c5a42e88: ;   {poll}
  0x00007f78c5a42e88: 4185 0248 | be48 99d2 | 9278 7f00 | 00ff 8660 | 0300 008b | 8424 1401 | 0000 488b | 9c24 1801 
  0x00007f78c5a42ea8: 0000 4c8b | 8424 e000 | 0000 3bc8 

  0x00007f78c5a42eb4: ;   {metadata(method data for {method} {0x00007f7890f76848} 'invokeSuspend$lambda$2' '(Landroidx/compose/runtime/Recomposer;Landroidx/collection/MutableScatterSet;Landroidx/collection/MutableScatterSet;Ljava/util/List;Ljava/util/List;Landroidx/collection/MutableScatterSet;Ljava/util/List;Landroidx/collection/MutableScatterSet;Ljava/util/Set;J)Lkotlin/Unit;' in 'androidx/compose/runtime/Recomposer$runRecomposeAndApplyChanges$2')}
  0x00007f78c5a42eb4: 48ba 4899 | d292 787f | 0000 41b9 | c002 0000 | 7c06 41b9 | b002 0000 | 4e8b 1c0a | 4d8d 5b01 
  0x00007f78c5a42ed4: 4e89 1c0a | 0f8c 0afd | ffff 488b | b424 d800 

  0x00007f78c5a42ee4: ;   {metadata(method data for {method} {0x00007f7890f76848} 'invokeSuspend$lambda$2' '(Landroidx/compose/runtime/Recomposer;Landroidx/collection/MutableScatterSet;Landroidx/collection/MutableScatterSet;Ljava/util/List;Ljava/util/List;Landroidx/collection/MutableScatterSet;Ljava/util/List;Landroidx/collection/MutableScatterSet;Ljava/util/Set;J)Lkotlin/Unit;' in 'androidx/compose/runtime/Recomposer$runRecomposeAndApplyChanges$2')}
  0x00007f78c5a42ee4: 0000 48bb | 4899 d292 | 787f 0000 | 4883 8378 | 0300 0001 | 8b5e 3c48 | c1e3 0348 | 3b03 488b 
  0x00007f78c5a42f04: ;   {metadata(method data for {method} {0x00007f7890f76848} 'invokeSuspend$lambda$2' '(Landroidx/compose/runtime/Recomposer;Landroidx/collection/MutableScatterSet;Landroidx/collection/MutableScatterSet;Ljava/util/List;Ljava/util/List;Landroidx/collection/MutableScatterSet;Ljava/util/List;Landroidx/collection/MutableScatterSet;Ljava/util/Set;J)Lkotlin/Unit;' in 'androidx/compose/runtime/Recomposer$runRecomposeAndApplyChanges$2')}
  0x00007f78c5a42f04: c348 ba48 | 99d2 9278 | 7f00 008b | 4008 483b | 8290 0300 | 0075 0d48 | 8382 9803 | 0000 01e9 
  0x00007f78c5a42f24: 6000 0000 | 483b 82a0 | 0300 0075 | 0d48 8382 | a803 0000 | 01e9 4a00 | 0000 4883 | ba90 0300 
  0x00007f78c5a42f44: 0000 7517 | 4889 8290 | 0300 0048 | c782 9803 | 0000 0100 | 0000 e929 | 0000 0048 | 83ba a003 
  0x00007f78c5a42f64: 0000 0075 | 1748 8982 | a003 0000 | 48c7 82a8 | 0300 0001 | 0000 00e9 | 0800 0000 | 4883 8288 
  0x00007f78c5a42f84: 0300 0001 | 488b f30f 

  0x00007f78c5a42f8c: ;   {optimized virtual_call}
  0x00007f78c5a42f8c: 1f40 00e8 

  0x00007f78c5a42f90: ; ImmutableOopMap {[216]=Oop [224]=Oop [232]=Oop [240]=Oop [248]=Oop [256]=Oop [288]=Oop [600]=Oop [640]=Oop [648]=Oop [656]=Oop }
                      ;*invokevirtual clear {reexecute=0 rethrow=0 return_oop=0}
                      ; - androidx.compose.runtime.Recomposer$runRecomposeAndApplyChanges$2::invokeSuspend$lambda$2@198 (line 646)
  0x00007f78c5a42f90: 8c92 b2ff 

  0x00007f78c5a42f94: ;   {post_call_nop}
  0x00007f78c5a42f94: 0f1f 8400 | 8c0e 0007 | 488d 8424 | 5002 0000 | 488b 7808 | 418b b7d0 | 0700 0049 | 3b7c 37f8 
  0x00007f78c5a42fb4: 0f85 f174 | 0000 4183 | afd0 0700 | 0008 493b | 7c37 f00f | 842a 0000 | 0048 8b07 | a802 0f85 
  0x00007f78c5a42fd4: 1200 0000 | 488b f048 | 83ce 01f0 | 480f b137 | 0f84 0d00 | 0000 4183 | 87d0 0700 | 0008 e9b4 
  0x00007f78c5a42ff4: ;   {metadata(method data for {method} {0x00007f7890f76848} 'invokeSuspend$lambda$2' '(Landroidx/compose/runtime/Recomposer;Landroidx/collection/MutableScatterSet;Landroidx/collection/MutableScatterSet;Ljava/util/List;Ljava/util/List;Landroidx/collection/MutableScatterSet;Ljava/util/List;Landroidx/collection/MutableScatterSet;Ljava/util/Set;J)Lkotlin/Unit;' in 'androidx/compose/runtime/Recomposer$runRecomposeAndApplyChanges$2')}
  0x00007f78c5a42ff4: 7400 0048 | be48 99d2 | 9278 7f00 | 00ff 86b8 | 0300 0048 | 8b94 24e8 | 0000 0048 | 3b02 488b 
  0x00007f78c5a43014: ;   {metadata(method data for {method} {0x00007f7890f76848} 'invokeSuspend$lambda$2' '(Landroidx/compose/runtime/Recomposer;Landroidx/collection/MutableScatterSet;Landroidx/collection/MutableScatterSet;Ljava/util/List;Ljava/util/List;Landroidx/collection/MutableScatterSet;Ljava/util/List;Landroidx/collection/MutableScatterSet;Ljava/util/Set;J)Lkotlin/Unit;' in 'androidx/compose/runtime/Recomposer$runRecomposeAndApplyChanges$2')}
  0x00007f78c5a43014: f248 bf48 | 99d2 9278 | 7f00 008b | 7608 483b | b7d8 0300 | 0075 0d48 | 8387 e003 | 0000 01e9 
  0x00007f78c5a43034: 6000 0000 | 483b b7e8 | 0300 0075 | 0d48 8387 | f003 0000 | 01e9 4a00 | 0000 4883 | bfd8 0300 
  0x00007f78c5a43054: 0000 7517 | 4889 b7d8 | 0300 0048 | c787 e003 | 0000 0100 | 0000 e929 | 0000 0048 | 83bf e803 
  0x00007f78c5a43074: 0000 0075 | 1748 89b7 | e803 0000 | 48c7 87f0 | 0300 0001 | 0000 00e9 | 0800 0000 | 4883 87d0 
  0x00007f78c5a43094: 0300 0001 | 488b f20f 

  0x00007f78c5a4309c: ;   {optimized virtual_call}
  0x00007f78c5a4309c: 1f40 00e8 

  0x00007f78c5a430a0: ; ImmutableOopMap {[216]=Oop [224]=Oop [232]=Oop [240]=Oop [248]=Oop [256]=Oop [640]=Oop [648]=Oop [656]=Oop }
                      ;*invokevirtual clear {reexecute=0 rethrow=0 return_oop=0}
                      ; - androidx.compose.runtime.Recomposer$runRecomposeAndApplyChanges$2::invokeSuspend$lambda$2@226 (line 650)
  0x00007f78c5a430a0: fc7f f0ff 

  0x00007f78c5a430a4: ;   {post_call_nop}
  0x00007f78c5a430a4: 0f1f 8400 | 9c0f 0008 | 488b 8c24 | f000 0000 

  0x00007f78c5a430b4: ; implicit exception: dispatches to 0x00007f78c5a4a4c6
  0x00007f78c5a430b4: 483b 0148 

  0x00007f78c5a430b8: ;   {metadata(method data for {method} {0x00007f7890f76848} 'invokeSuspend$lambda$2' '(Landroidx/compose/runtime/Recomposer;Landroidx/collection/MutableScatterSet;Landroidx/collection/MutableScatterSet;Ljava/util/List;Ljava/util/List;Landroidx/collection/MutableScatterSet;Ljava/util/List;Landroidx/collection/MutableScatterSet;Ljava/util/Set;J)Lkotlin/Unit;' in 'androidx/compose/runtime/Recomposer$runRecomposeAndApplyChanges$2')}
  0x00007f78c5a430b8: 8bf1 48bf | 4899 d292 | 787f 0000 | 8b76 0848 | 3bb7 0804 | 0000 750d | 4883 8710 | 0400 0001 
  0x00007f78c5a430d8: e960 0000 | 0048 3bb7 | 1804 0000 | 750d 4883 | 8720 0400 | 0001 e94a | 0000 0048 | 83bf 0804 
  0x00007f78c5a430f8: 0000 0075 | 1748 89b7 | 0804 0000 | 48c7 8710 | 0400 0001 | 0000 00e9 | 2900 0000 | 4883 bf18 
  0x00007f78c5a43118: 0400 0000 | 7517 4889 | b718 0400 | 0048 c787 | 2004 0000 | 0100 0000 | e908 0000 | 0048 8387 
  0x00007f78c5a43138: 0004 0000 | 0148 8bf1 | 0f1f 8000 

  0x00007f78c5a43144: ;   {optimized virtual_call}
  0x00007f78c5a43144: 0000 00e8 

  0x00007f78c5a43148: ; ImmutableOopMap {[216]=Oop [224]=Oop [232]=Oop [240]=Oop [248]=Oop [256]=Oop [640]=Oop [648]=Oop [656]=Oop }
                      ;*invokevirtual clear {reexecute=0 rethrow=0 return_oop=0}
                      ; - androidx.compose.runtime.Recomposer$runRecomposeAndApplyChanges$2::invokeSuspend$lambda$2@230 (line 651)
  0x00007f78c5a43148: 547f f0ff 

  0x00007f78c5a4314c: ;   {post_call_nop}
  0x00007f78c5a4314c: 0f1f 8400 | 4410 0009 | 0f1f 4000 | 4c8b 8424 | e000 0000 

  0x00007f78c5a43160: ;   {metadata(method data for {method} {0x00007f7890f76848} 'invokeSuspend$lambda$2' '(Landroidx/compose/runtime/Recomposer;Landroidx/collection/MutableScatterSet;Landroidx/collection/MutableScatterSet;Ljava/util/List;Ljava/util/List;Landroidx/collection/MutableScatterSet;Ljava/util/List;Landroidx/collection/MutableScatterSet;Ljava/util/Set;J)Lkotlin/Unit;' in 'androidx/compose/runtime/Recomposer$runRecomposeAndApplyChanges$2')}
  0x00007f78c5a43160: 4d85 c048 | bf48 99d2 | 9278 7f00 | 0075 0c80 | 8f29 0400 | 0001 e9b2 | 0000 0045 | 8b70 084c 
  0x00007f78c5a43180: 3bb7 3804 | 0000 750d | 4883 8740 | 0400 0001 | e960 0000 | 004c 3bb7 | 4804 0000 | 750d 4883 
  0x00007f78c5a431a0: 8750 0400 | 0001 e94a | 0000 0048 | 83bf 3804 | 0000 0075 | 174c 89b7 | 3804 0000 | 48c7 8740 
  0x00007f78c5a431c0: 0400 0001 | 0000 00e9 | 2900 0000 | 4883 bf48 | 0400 0000 | 7517 4c89 | b748 0400 | 0048 c787 
  0x00007f78c5a431e0: 5004 0000 | 0100 0000 | e908 0000 | 0048 8387 | 3004 0000 

  0x00007f78c5a431f4: ;   {metadata('java/util/Collection')}
  0x00007f78c5a431f4: 0149 beb0 | 5e01 2100 | 0000 0041 | 8b78 084c | 3b77 200f | 8420 0000 | 0049 3bfe | 0f84 1700 
  0x00007f78c5a43214: 0000 5741 

  0x00007f78c5a43218: ;   {runtime_call C1 Runtime slow_subtype_check_blob}
  0x00007f78c5a43218: 56e8 c207 | b406 5f5f | 85ff 0f84 | a372 0000 | e900 0000 | 004d 8bd8 

  0x00007f78c5a43230: ; implicit exception: dispatches to 0x00007f78c5a4a4d4
  0x00007f78c5a43230: 493b 0349 

  0x00007f78c5a43234: ;   {metadata(method data for {method} {0x00007f7890f76848} 'invokeSuspend$lambda$2' '(Landroidx/compose/runtime/Recomposer;Landroidx/collection/MutableScatterSet;Landroidx/collection/MutableScatterSet;Ljava/util/List;Ljava/util/List;Landroidx/collection/MutableScatterSet;Ljava/util/List;Landroidx/collection/MutableScatterSet;Ljava/util/Set;J)Lkotlin/Unit;' in 'androidx/compose/runtime/Recomposer$runRecomposeAndApplyChanges$2')}
  0x00007f78c5a43234: 8bfb 49bd | 4899 d292 | 787f 0000 | 8b7f 0849 | 3bbd 6804 | 0000 750d | 4983 8570 | 0400 0001 
  0x00007f78c5a43254: e960 0000 | 0049 3bbd | 7804 0000 | 750d 4983 | 8580 0400 | 0001 e94a | 0000 0049 | 83bd 6804 
  0x00007f78c5a43274: 0000 0075 | 1749 89bd | 6804 0000 | 49c7 8570 | 0400 0001 | 0000 00e9 | 2900 0000 | 4983 bd78 
  0x00007f78c5a43294: 0400 0000 | 7517 4989 | bd78 0400 | 0049 c785 | 8004 0000 | 0100 0000 | e908 0000 | 0049 8385 
  0x00007f78c5a432b4: 6004 0000 | 0149 8bf3 | 9048 b838 | 54de 6978 

  0x00007f78c5a432c4: ;   {virtual_call}
  0x00007f78c5a432c4: 7f00 00e8 

  0x00007f78c5a432c8: ; ImmutableOopMap {[216]=Oop [224]=Oop [232]=Oop [240]=Oop [248]=Oop [256]=Oop [640]=Oop [648]=Oop [656]=Oop }
                      ;*invokeinterface isEmpty {reexecute=0 rethrow=0 return_oop=0}
                      ; - androidx.compose.runtime.Recomposer$runRecomposeAndApplyChanges$2::invokeSuspend$lambda$2@237 (line 652)
  0x00007f78c5a432c8: 36ed 3307 

  0x00007f78c5a432cc: ;   {post_call_nop}
  0x00007f78c5a432cc: 0f1f 8400 | c411 000a 

  0x00007f78c5a432d4: ;   {metadata(method data for {method} {0x00007f7890f76848} 'invokeSuspend$lambda$2' '(Landroidx/compose/runtime/Recomposer;Landroidx/collection/MutableScatterSet;Landroidx/collection/MutableScatterSet;Ljava/util/List;Ljava/util/List;Landroidx/collection/MutableScatterSet;Ljava/util/List;Landroidx/collection/MutableScatterSet;Ljava/util/Set;J)Lkotlin/Unit;' in 'androidx/compose/runtime/Recomposer$runRecomposeAndApplyChanges$2')}
  0x00007f78c5a432d4: 85c0 48be | 4899 d292 | 787f 0000 | bf90 0400 | 0075 05bf | a004 0000 | 488b 1c3e | 488d 5b01 
  0x00007f78c5a432f4: 4889 1c3e | 0f85 1a00 

  0x00007f78c5a432fc: ;   {metadata(method data for {method} {0x00007f7890f76848} 'invokeSuspend$lambda$2' '(Landroidx/compose/runtime/Recomposer;Landroidx/collection/MutableScatterSet;Landroidx/collection/MutableScatterSet;Ljava/util/List;Ljava/util/List;Landroidx/collection/MutableScatterSet;Ljava/util/List;Landroidx/collection/MutableScatterSet;Ljava/util/Set;J)Lkotlin/Unit;' in 'androidx/compose/runtime/Recomposer$runRecomposeAndApplyChanges$2')}
  0x00007f78c5a432fc: 0000 48be | 4899 d292 | 787f 0000 | ff86 b004 | 0000 be01 | 0000 00e9 | 0500 0000 | be00 0000 
  0x00007f78c5a4331c: ;   {metadata(method data for {method} {0x00007f7890f76848} 'invokeSuspend$lambda$2' '(Landroidx/compose/runtime/Recomposer;Landroidx/collection/MutableScatterSet;Landroidx/collection/MutableScatterSet;Ljava/util/List;Ljava/util/List;Landroidx/collection/MutableScatterSet;Ljava/util/List;Landroidx/collection/MutableScatterSet;Ljava/util/Set;J)Lkotlin/Unit;' in 'androidx/compose/runtime/Recomposer$runRecomposeAndApplyChanges$2')}
  0x00007f78c5a4331c: 0085 f648 | be48 99d2 | 9278 7f00 | 00bf c804 | 0000 7505 | bfd8 0400 | 0048 8b1c | 3e48 8d5b 
  0x00007f78c5a4333c: 0148 891c | 3e0f 85f0 | 0100 004c | 8b8c 24f8 | 0000 004d 

  0x00007f78c5a43350: ;   {metadata(method data for {method} {0x00007f7890f76848} 'invokeSuspend$lambda$2' '(Landroidx/compose/runtime/Recomposer;Landroidx/collection/MutableScatterSet;Landroidx/collection/MutableScatterSet;Ljava/util/List;Ljava/util/List;Landroidx/collection/MutableScatterSet;Ljava/util/List;Landroidx/collection/MutableScatterSet;Ljava/util/Set;J)Lkotlin/Unit;' in 'androidx/compose/runtime/Recomposer$runRecomposeAndApplyChanges$2')}
  0x00007f78c5a43350: 85c9 48b8 | 4899 d292 | 787f 0000 | 750c 8088 | e104 0000 | 01e9 b100 | 0000 418b | 5908 483b 
  0x00007f78c5a43370: 98f0 0400 | 0075 0d48 | 8380 f804 | 0000 01e9 | 6000 0000 | 483b 9800 | 0500 0075 | 0d48 8380 
  0x00007f78c5a43390: 0805 0000 | 01e9 4a00 | 0000 4883 | b8f0 0400 | 0000 7517 | 4889 98f0 | 0400 0048 | c780 f804 
  0x00007f78c5a433b0: 0000 0100 | 0000 e929 | 0000 0048 | 83b8 0005 | 0000 0075 | 1748 8998 | 0005 0000 | 48c7 8008 
  0x00007f78c5a433d0: 0500 0001 | 0000 00e9 | 0800 0000 | 4883 80e8 | 0400 0001 

  0x00007f78c5a433e4: ;   {metadata('java/util/Collection')}
  0x00007f78c5a433e4: 48bb b05e | 0121 0000 | 0000 418b | 4108 483b | 5820 0f84 | 1f00 0000 | 483b c30f | 8416 0000 
  0x00007f78c5a43404: ;   {runtime_call C1 Runtime slow_subtype_check_blob}
  0x00007f78c5a43404: 0050 53e8 | d405 b406 | 5858 85c0 | 0f84 c370 | 0000 e900 | 0000 0049 | 8bf1 483b | 0648 8bfe 
  0x00007f78c5a43424: ;   {metadata(method data for {method} {0x00007f7890f76848} 'invokeSuspend$lambda$2' '(Landroidx/compose/runtime/Recomposer;Landroidx/collection/MutableScatterSet;Landroidx/collection/MutableScatterSet;Ljava/util/List;Ljava/util/List;Landroidx/collection/MutableScatterSet;Ljava/util/List;Landroidx/collection/MutableScatterSet;Ljava/util/Set;J)Lkotlin/Unit;' in 'androidx/compose/runtime/Recomposer$runRecomposeAndApplyChanges$2')}
  0x00007f78c5a43424: 48bb 4899 | d292 787f | 0000 8b7f | 0848 3bbb | 2005 0000 | 750d 4883 | 8328 0500 | 0001 e960 
  0x00007f78c5a43444: 0000 0048 | 3bbb 3005 | 0000 750d | 4883 8338 | 0500 0001 | e94a 0000 | 0048 83bb | 2005 0000 
  0x00007f78c5a43464: 0075 1748 | 89bb 2005 | 0000 48c7 | 8328 0500 | 0001 0000 | 00e9 2900 | 0000 4883 | bb30 0500 
  0x00007f78c5a43484: 0000 7517 | 4889 bb30 | 0500 0048 | c783 3805 | 0000 0100 | 0000 e908 | 0000 0048 | 8383 1805 
  0x00007f78c5a434a4: 0000 0166 | 0f1f 4400 | 0048 b860 | 54de 6978 

  0x00007f78c5a434b4: ;   {virtual_call}
  0x00007f78c5a434b4: 7f00 00e8 

  0x00007f78c5a434b8: ; ImmutableOopMap {[216]=Oop [224]=Oop [232]=Oop [240]=Oop [248]=Oop [256]=Oop [640]=Oop [648]=Oop [656]=Oop }
                      ;*invokeinterface isEmpty {reexecute=0 rethrow=0 return_oop=0}
                      ; - androidx.compose.runtime.Recomposer$runRecomposeAndApplyChanges$2::invokeSuspend$lambda$2@258 (line 652)
  0x00007f78c5a434b8: 46eb 3307 

  0x00007f78c5a434bc: ;   {post_call_nop}
  0x00007f78c5a434bc: 0f1f 8400 | b413 000b 

  0x00007f78c5a434c4: ;   {metadata(method data for {method} {0x00007f7890f76848} 'invokeSuspend$lambda$2' '(Landroidx/compose/runtime/Recomposer;Landroidx/collection/MutableScatterSet;Landroidx/collection/MutableScatterSet;Ljava/util/List;Ljava/util/List;Landroidx/collection/MutableScatterSet;Ljava/util/List;Landroidx/collection/MutableScatterSet;Ljava/util/Set;J)Lkotlin/Unit;' in 'androidx/compose/runtime/Recomposer$runRecomposeAndApplyChanges$2')}
  0x00007f78c5a434c4: 85c0 48be | 4899 d292 | 787f 0000 | bf48 0500 | 0075 05bf | 5805 0000 | 488b 1c3e | 488d 5b01 
  0x00007f78c5a434e4: 4889 1c3e | 0f85 1a00 

  0x00007f78c5a434ec: ;   {metadata(method data for {method} {0x00007f7890f76848} 'invokeSuspend$lambda$2' '(Landroidx/compose/runtime/Recomposer;Landroidx/collection/MutableScatterSet;Landroidx/collection/MutableScatterSet;Ljava/util/List;Ljava/util/List;Landroidx/collection/MutableScatterSet;Ljava/util/List;Landroidx/collection/MutableScatterSet;Ljava/util/Set;J)Lkotlin/Unit;' in 'androidx/compose/runtime/Recomposer$runRecomposeAndApplyChanges$2')}
  0x00007f78c5a434ec: 0000 48be | 4899 d292 | 787f 0000 | ff86 6805 | 0000 be01 | 0000 00e9 | 0500 0000 | be00 0000 
  0x00007f78c5a4350c: ;   {metadata(method data for {method} {0x00007f7890f76848} 'invokeSuspend$lambda$2' '(Landroidx/compose/runtime/Recomposer;Landroidx/collection/MutableScatterSet;Landroidx/collection/MutableScatterSet;Ljava/util/List;Ljava/util/List;Landroidx/collection/MutableScatterSet;Ljava/util/List;Landroidx/collection/MutableScatterSet;Ljava/util/Set;J)Lkotlin/Unit;' in 'androidx/compose/runtime/Recomposer$runRecomposeAndApplyChanges$2')}
  0x00007f78c5a4350c: 0085 f648 | be48 99d2 | 9278 7f00 | 00bf 8005 | 0000 7405 | bf90 0500 | 0048 8b1c | 3e48 8d5b 
  0x00007f78c5a4352c: 0148 891c | 3e0f 84cd | 2200 004c | 8b84 24e0 | 0000 004d 

  0x00007f78c5a43540: ;   {metadata(method data for {method} {0x00007f7890f76848} 'invokeSuspend$lambda$2' '(Landroidx/compose/runtime/Recomposer;Landroidx/collection/MutableScatterSet;Landroidx/collection/MutableScatterSet;Ljava/util/List;Ljava/util/List;Landroidx/collection/MutableScatterSet;Ljava/util/List;Landroidx/collection/MutableScatterSet;Ljava/util/Set;J)Lkotlin/Unit;' in 'androidx/compose/runtime/Recomposer$runRecomposeAndApplyChanges$2')}
  0x00007f78c5a43540: 85c0 48b8 | 4899 d292 | 787f 0000 | 750c 8088 | 9905 0000 | 01e9 b100 | 0000 418b | 5808 483b 
  0x00007f78c5a43560: 98a8 0500 | 0075 0d48 | 8380 b005 | 0000 01e9 | 6000 0000 | 483b 98b8 | 0500 0075 | 0d48 8380 
  0x00007f78c5a43580: c005 0000 | 01e9 4a00 | 0000 4883 | b8a8 0500 | 0000 7517 | 4889 98a8 | 0500 0048 | c780 b005 
  0x00007f78c5a435a0: 0000 0100 | 0000 e929 | 0000 0048 | 83b8 b805 | 0000 0075 | 1748 8998 | b805 0000 | 48c7 80c0 
  0x00007f78c5a435c0: 0500 0001 | 0000 00e9 | 0800 0000 | 4883 80a0 | 0500 0001 

  0x00007f78c5a435d4: ;   {metadata('java/util/Collection')}
  0x00007f78c5a435d4: 48bb b05e | 0121 0000 | 0000 418b | 4008 483b | 5820 0f84 | 1f00 0000 | 483b c30f | 8416 0000 
  0x00007f78c5a435f4: ;   {runtime_call C1 Runtime slow_subtype_check_blob}
  0x00007f78c5a435f4: 0050 53e8 | e403 b406 | 5858 85c0 | 0f84 e16e | 0000 e900 | 0000 0049 | 8bf0 483b | 0648 8bfe 
  0x00007f78c5a43614: ;   {metadata(method data for {method} {0x00007f7890f76848} 'invokeSuspend$lambda$2' '(Landroidx/compose/runtime/Recomposer;Landroidx/collection/MutableScatterSet;Landroidx/collection/MutableScatterSet;Ljava/util/List;Ljava/util/List;Landroidx/collection/MutableScatterSet;Ljava/util/List;Landroidx/collection/MutableScatterSet;Ljava/util/Set;J)Lkotlin/Unit;' in 'androidx/compose/runtime/Recomposer$runRecomposeAndApplyChanges$2')}
  0x00007f78c5a43614: 48bb 4899 | d292 787f | 0000 8b7f | 0848 3bbb | d805 0000 | 750d 4883 | 83e0 0500 | 0001 e960 
  0x00007f78c5a43634: 0000 0048 | 3bbb e805 | 0000 750d | 4883 83f0 | 0500 0001 | e94a 0000 | 0048 83bb | d805 0000 
  0x00007f78c5a43654: 0075 1748 | 89bb d805 | 0000 48c7 | 83e0 0500 | 0001 0000 | 00e9 2900 | 0000 4883 | bbe8 0500 
  0x00007f78c5a43674: 0000 7517 | 4889 bbe8 | 0500 0048 | c783 f005 | 0000 0100 | 0000 e908 | 0000 0048 | 8383 d005 
  0x00007f78c5a43694: 0000 0166 | 0f1f 4400 | 0048 b888 | 54de 6978 

  0x00007f78c5a436a4: ;   {virtual_call}
  0x00007f78c5a436a4: 7f00 00e8 

  0x00007f78c5a436a8: ; ImmutableOopMap {[216]=Oop [224]=Oop [232]=Oop [240]=Oop [248]=Oop [256]=Oop [640]=Oop [648]=Oop [656]=Oop }
                      ;*invokeinterface size {reexecute=0 rethrow=0 return_oop=0}
                      ; - androidx.compose.runtime.Recomposer$runRecomposeAndApplyChanges$2::invokeSuspend$lambda$2@289 (line 1958)
  0x00007f78c5a436a8: e6ad 1607 

  0x00007f78c5a436ac: ;   {post_call_nop}
  0x00007f78c5a436ac: 0f1f 8400 | a415 000c | 8984 242c | 0100 00bf | 0000 0000 | e9cd 0400 | 0066 6690 

  0x00007f78c5a436c8: ; implicit exception: dispatches to 0x00007f78c5a4a4f5
  0x00007f78c5a436c8: 493b 004d 

  0x00007f78c5a436cc: ;   {metadata(method data for {method} {0x00007f7890f76848} 'invokeSuspend$lambda$2' '(Landroidx/compose/runtime/Recomposer;Landroidx/collection/MutableScatterSet;Landroidx/collection/MutableScatterSet;Ljava/util/List;Ljava/util/List;Landroidx/collection/MutableScatterSet;Ljava/util/List;Landroidx/collection/MutableScatterSet;Ljava/util/Set;J)Lkotlin/Unit;' in 'androidx/compose/runtime/Recomposer$runRecomposeAndApplyChanges$2')}
  0x00007f78c5a436cc: 8bc8 49bb | 4899 d292 | 787f 0000 | 458b 4908 | 4d3b 8b28 | 0600 0075 | 0d49 8383 | 3006 0000 
  0x00007f78c5a436ec: 01e9 6000 | 0000 4d3b | 8b38 0600 | 0075 0d49 | 8383 4006 | 0000 01e9 | 4a00 0000 | 4983 bb28 
  0x00007f78c5a4370c: 0600 0000 | 7517 4d89 | 8b28 0600 | 0049 c783 | 3006 0000 | 0100 0000 | e929 0000 | 0049 83bb 
  0x00007f78c5a4372c: 3806 0000 | 0075 174d | 898b 3806 | 0000 49c7 | 8340 0600 | 0001 0000 | 00e9 0800 | 0000 4983 
  0x00007f78c5a4374c: 8320 0600 | 0001 488b | d749 8bf0 | 89bc 2428 | 0100 0066 | 0f1f 4400 | 0048 b8b0 | 54de 6978 
  0x00007f78c5a4376c: ;   {virtual_call}
  0x00007f78c5a4376c: 7f00 00e8 

  0x00007f78c5a43770: ; ImmutableOopMap {[216]=Oop [224]=Oop [232]=Oop [240]=Oop [248]=Oop [256]=Oop [640]=Oop [648]=Oop [656]=Oop }
                      ;*invokeinterface get {reexecute=0 rethrow=0 return_oop=0}
                      ; - androidx.compose.runtime.Recomposer$runRecomposeAndApplyChanges$2::invokeSuspend$lambda$2@307 (line 1959)
  0x00007f78c5a43770: 8e9f 1907 

  0x00007f78c5a43774: ;   {post_call_nop}
  0x00007f78c5a43774: 0f1f 8400 | 6c16 000d 

  0x00007f78c5a4377c: ;   {metadata(method data for {method} {0x00007f7890f76848} 'invokeSuspend$lambda$2' '(Landroidx/compose/runtime/Recomposer;Landroidx/collection/MutableScatterSet;Landroidx/collection/MutableScatterSet;Ljava/util/List;Ljava/util/List;Landroidx/collection/MutableScatterSet;Ljava/util/List;Landroidx/collection/MutableScatterSet;Ljava/util/Set;J)Lkotlin/Unit;' in 'androidx/compose/runtime/Recomposer$runRecomposeAndApplyChanges$2')}
  0x00007f78c5a4377c: 4885 c048 | be48 99d2 | 9278 7f00 | 0075 0c80 | 8e49 0600 | 0001 e9af | 0000 008b | 4808 483b 
  0x00007f78c5a4379c: 8e58 0600 | 0075 0d48 | 8386 6006 | 0000 01e9 | 6000 0000 | 483b 8e68 | 0600 0075 | 0d48 8386 
  0x00007f78c5a437bc: 7006 0000 | 01e9 4a00 | 0000 4883 | be58 0600 | 0000 7517 | 4889 8e58 | 0600 0048 | c786 6006 
  0x00007f78c5a437dc: 0000 0100 | 0000 e929 | 0000 0048 | 83be 6806 | 0000 0075 | 1748 898e | 6806 0000 | 48c7 8670 
  0x00007f78c5a437fc: 0600 0001 | 0000 00e9 | 0800 0000 | 4883 8650 | 0600 0001 

  0x00007f78c5a43810: ;   {metadata('androidx/compose/runtime/ControlledComposition')}
  0x00007f78c5a43810: 48b9 b8d6 | 1821 0000 | 0000 8b70 | 0848 3b4e | 200f 841f | 0000 0048 | 3bf1 0f84 | 1600 0000 
  0x00007f78c5a43830: ;   {runtime_call C1 Runtime slow_subtype_check_blob}
  0x00007f78c5a43830: 5651 e8a9 | 01b4 065e | 5e85 f60f | 84b9 6c00 | 00e9 0000 | 0000 488b 

  0x00007f78c5a43848: ;   {metadata(method data for {method} {0x00007f7890f76848} 'invokeSuspend$lambda$2' '(Landroidx/compose/runtime/Recomposer;Landroidx/collection/MutableScatterSet;Landroidx/collection/MutableScatterSet;Ljava/util/List;Ljava/util/List;Landroidx/collection/MutableScatterSet;Ljava/util/List;Landroidx/collection/MutableScatterSet;Ljava/util/Set;J)Lkotlin/Unit;' in 'androidx/compose/runtime/Recomposer$runRecomposeAndApplyChanges$2')}
  0x00007f78c5a43848: f848 ba48 | 99d2 9278 | 7f00 0048 | 8382 8006 

  0x00007f78c5a43858: ;   {metadata(method data for {method} {0x00007f7890e28000} 'access$performRecompose' '(Landroidx/compose/runtime/Recomposer;Landroidx/compose/runtime/ControlledComposition;Landroidx/collection/MutableScatterSet;)Landroidx/compose/runtime/ControlledComposition;' in 'androidx/compose/runtime/Recomposer')}
  0x00007f78c5a43858: 0000 0148 | ba38 d9d2 | 9278 7f00 | 008b 8a90 | 0000 0083 | c102 898a | 9000 0000 | 81e1 feff 
  0x00007f78c5a43878: 1f00 85c9 | 0f84 816c | 0000 488b | b424 d800 

  0x00007f78c5a43888: ;   {metadata(method data for {method} {0x00007f7890e28000} 'access$performRecompose' '(Landroidx/compose/runtime/Recomposer;Landroidx/compose/runtime/ControlledComposition;Landroidx/collection/MutableScatterSet;)Landroidx/compose/runtime/ControlledComposition;' in 'androidx/compose/runtime/Recomposer')}
  0x00007f78c5a43888: 0000 48ba | 38d9 d292 | 787f 0000 | 4883 82d8 | 0000 0001 | 488b d748 | 8b8c 24e8 | 0000 0048 
  0x00007f78c5a438a8: 8bb4 24d8 | 0000 0048 | 89bc 2430 

  0x00007f78c5a438b4: ;   {optimized virtual_call}
  0x00007f78c5a438b4: 0100 00e8 

  0x00007f78c5a438b8: ; ImmutableOopMap {[216]=Oop [224]=Oop [232]=Oop [240]=Oop [248]=Oop [256]=Oop [304]=Oop [640]=Oop [648]=Oop [656]=Oop }
                      ;*invokespecial performRecompose {reexecute=0 rethrow=0 return_oop=0}
                      ; - androidx.compose.runtime.Recomposer::access$performRecompose@3 (line 191)
                      ; - androidx.compose.runtime.Recomposer$runRecomposeAndApplyChanges$2::invokeSuspend$lambda$2@328 (line 655)
  0x00007f78c5a438b8: 007b 0000 

  0x00007f78c5a438bc: ;   {post_call_nop}
  0x00007f78c5a438bc: 0f1f 8400 | b417 000e 

  0x00007f78c5a438c4: ;   {metadata(method data for {method} {0x00007f7890f76848} 'invokeSuspend$lambda$2' '(Landroidx/compose/runtime/Recomposer;Landroidx/collection/MutableScatterSet;Landroidx/collection/MutableScatterSet;Ljava/util/List;Ljava/util/List;Landroidx/collection/MutableScatterSet;Ljava/util/List;Landroidx/collection/MutableScatterSet;Ljava/util/Set;J)Lkotlin/Unit;' in 'androidx/compose/runtime/Recomposer$runRecomposeAndApplyChanges$2')}
  0x00007f78c5a438c4: 4885 c048 | ba48 99d2 | 9278 7f00 | 00be 9006 | 0000 7405 | bea0 0600 | 0048 8b3c | 3248 8d7f 
  0x00007f78c5a438e4: 0148 893c | 320f 849c | 0100 0048 | 8bbc 2480 | 0200 0048 

  0x00007f78c5a438f8: ;   {metadata(method data for {method} {0x00007f7890f76848} 'invokeSuspend$lambda$2' '(Landroidx/compose/runtime/Recomposer;Landroidx/collection/MutableScatterSet;Landroidx/collection/MutableScatterSet;Ljava/util/List;Ljava/util/List;Landroidx/collection/MutableScatterSet;Ljava/util/List;Landroidx/collection/MutableScatterSet;Ljava/util/Set;J)Lkotlin/Unit;' in 'androidx/compose/runtime/Recomposer$runRecomposeAndApplyChanges$2')}
  0x00007f78c5a438f8: 85ff 48b9 | 4899 d292 | 787f 0000 | 750c 8089 | a906 0000 | 01e9 af00 | 0000 8b5f | 0848 3b99 
  0x00007f78c5a43918: b806 0000 | 750d 4883 | 81c0 0600 | 0001 e960 | 0000 0048 | 3b99 c806 | 0000 750d | 4883 81d0 
  0x00007f78c5a43938: 0600 0001 | e94a 0000 | 0048 83b9 | b806 0000 | 0075 1748 | 8999 b806 | 0000 48c7 | 81c0 0600 
  0x00007f78c5a43958: 0001 0000 | 00e9 2900 | 0000 4883 | b9c8 0600 | 0000 7517 | 4889 99c8 | 0600 0048 | c781 d006 
  0x00007f78c5a43978: 0000 0100 | 0000 e908 | 0000 0048 | 8381 b006 

  0x00007f78c5a43988: ;   {metadata('java/util/Collection')}
  0x00007f78c5a43988: 0000 0148 | bbb0 5e01 | 2100 0000 | 008b 4f08 | 483b 5920 | 0f84 1f00 | 0000 483b | cb0f 8416 
  0x00007f78c5a439a8: 0000 0051 

  0x00007f78c5a439ac: ;   {runtime_call C1 Runtime slow_subtype_check_blob}
  0x00007f78c5a439ac: 53e8 2e00 | b406 5959 | 85c9 0f84 | 686b 0000 | e900 0000 | 0048 8bf7 

  0x00007f78c5a439c4: ; implicit exception: dispatches to 0x00007f78c5a4a52d
  0x00007f78c5a439c4: 483b 0648 

  0x00007f78c5a439c8: ;   {metadata(method data for {method} {0x00007f7890f76848} 'invokeSuspend$lambda$2' '(Landroidx/compose/runtime/Recomposer;Landroidx/collection/MutableScatterSet;Landroidx/collection/MutableScatterSet;Ljava/util/List;Ljava/util/List;Landroidx/collection/MutableScatterSet;Ljava/util/List;Landroidx/collection/MutableScatterSet;Ljava/util/Set;J)Lkotlin/Unit;' in 'androidx/compose/runtime/Recomposer$runRecomposeAndApplyChanges$2')}
  0x00007f78c5a439c8: 8bd6 48bb | 4899 d292 | 787f 0000 | 8b52 0848 | 3b93 e806 | 0000 750d | 4883 83f0 | 0600 0001 
  0x00007f78c5a439e8: e960 0000 | 0048 3b93 | f806 0000 | 750d 4883 | 8300 0700 | 0001 e94a | 0000 0048 | 83bb e806 
  0x00007f78c5a43a08: 0000 0075 | 1748 8993 | e806 0000 | 48c7 83f0 | 0600 0001 | 0000 00e9 | 2900 0000 | 4883 bbf8 
  0x00007f78c5a43a28: 0600 0000 | 7517 4889 | 93f8 0600 | 0048 c783 | 0007 0000 | 0100 0000 | e908 0000 | 0048 8383 
  0x00007f78c5a43a48: e006 0000 | 0148 8bd0 | 0f1f 4400 | 0048 b8d8 | 54de 6978 

  0x00007f78c5a43a5c: ;   {virtual_call}
  0x00007f78c5a43a5c: 7f00 00e8 

  0x00007f78c5a43a60: ; ImmutableOopMap {[216]=Oop [224]=Oop [232]=Oop [240]=Oop [248]=Oop [256]=Oop [304]=Oop [640]=Oop [648]=Oop [656]=Oop }
                      ;*invokeinterface add {reexecute=0 rethrow=0 return_oop=0}
                      ; - androidx.compose.runtime.Recomposer$runRecomposeAndApplyChanges$2::invokeSuspend$lambda$2@347 (line 656)
  0x00007f78c5a43a60: 1ea8 1a07 

  0x00007f78c5a43a64: ;   {post_call_nop}
  0x00007f78c5a43a64: 0f1f 8400 | 5c19 000f 

  0x00007f78c5a43a6c: ;   {metadata(method data for {method} {0x00007f7890f76848} 'invokeSuspend$lambda$2' '(Landroidx/compose/runtime/Recomposer;Landroidx/collection/MutableScatterSet;Landroidx/collection/MutableScatterSet;Ljava/util/List;Ljava/util/List;Landroidx/collection/MutableScatterSet;Ljava/util/List;Landroidx/collection/MutableScatterSet;Ljava/util/Set;J)Lkotlin/Unit;' in 'androidx/compose/runtime/Recomposer$runRecomposeAndApplyChanges$2')}
  0x00007f78c5a43a6c: 48ba 4899 | d292 787f | 0000 ff82 | 1007 0000 

  0x00007f78c5a43a7c: ;   {oop(a 'kotlin/Unit'{0x00000004210022f8})}
  0x00007f78c5a43a7c: 48ba f822 | 0021 0400 | 0000 e90a 

  0x00007f78c5a43a88: ;   {oop(nullptr)}
  0x00007f78c5a43a88: 0000 0048 | ba00 0000 | 0000 0000 | 0048 8bbc | 2430 0100 | 0048 8b8c | 24f0 0000 

  0x00007f78c5a43aa4: ;   {metadata(method data for {method} {0x00007f7890f76848} 'invokeSuspend$lambda$2' '(Landroidx/compose/runtime/Recomposer;Landroidx/collection/MutableScatterSet;Landroidx/collection/MutableScatterSet;Ljava/util/List;Ljava/util/List;Landroidx/collection/MutableScatterSet;Ljava/util/List;Landroidx/collection/MutableScatterSet;Ljava/util/Set;J)Lkotlin/Unit;' in 'androidx/compose/runtime/Recomposer$runRecomposeAndApplyChanges$2')}
  0x00007f78c5a43aa4: 0048 ba48 | 99d2 9278 | 7f00 008b | 4908 483b | 8a30 0700 | 0075 0d48 | 8382 3807 | 0000 01e9 
  0x00007f78c5a43ac4: 6000 0000 | 483b 8a40 | 0700 0075 | 0d48 8382 | 4807 0000 | 01e9 4a00 | 0000 4883 | ba30 0700 
  0x00007f78c5a43ae4: 0000 7517 | 4889 8a30 | 0700 0048 | c782 3807 | 0000 0100 | 0000 e929 | 0000 0048 | 83ba 4007 
  0x00007f78c5a43b04: 0000 0075 | 1748 898a | 4007 0000 | 48c7 8248 | 0700 0001 | 0000 00e9 | 0800 0000 | 4883 8228 
  0x00007f78c5a43b24: 0700 0001 | 488b d748 | 8bb4 24f0 | 0000 000f 

  0x00007f78c5a43b34: ;   {optimized virtual_call}
  0x00007f78c5a43b34: 1f40 00e8 

  0x00007f78c5a43b38: ; ImmutableOopMap {[216]=Oop [224]=Oop [232]=Oop [240]=Oop [248]=Oop [256]=Oop [640]=Oop [648]=Oop [656]=Oop }
                      ;*invokevirtual add {reexecute=0 rethrow=0 return_oop=0}
                      ; - androidx.compose.runtime.Recomposer$runRecomposeAndApplyChanges$2::invokeSuspend$lambda$2@370 (line 658)
  0x00007f78c5a43b38: d42a 3f07 

  0x00007f78c5a43b3c: ;   {post_call_nop}
  0x00007f78c5a43b3c: 0f1f 8400 | 341a 0010 | 8bbc 2428 | 0100 00ff 

  0x00007f78c5a43b4c: ;   {metadata(method data for {method} {0x00007f7890f76848} 'invokeSuspend$lambda$2' '(Landroidx/compose/runtime/Recomposer;Landroidx/collection/MutableScatterSet;Landroidx/collection/MutableScatterSet;Ljava/util/List;Ljava/util/List;Landroidx/collection/MutableScatterSet;Ljava/util/List;Landroidx/collection/MutableScatterSet;Ljava/util/Set;J)Lkotlin/Unit;' in 'androidx/compose/runtime/Recomposer$runRecomposeAndApplyChanges$2')}
  0x00007f78c5a43b4c: c748 be48 | 99d2 9278 | 7f00 008b | 9e94 0000 | 0083 c302 | 899e 9400 | 0000 81e3 | fe3f 0000 
  0x00007f78c5a43b6c: 85db 0f84 | be69 0000 

  0x00007f78c5a43b74: ; ImmutableOopMap {[216]=Oop [224]=Oop [232]=Oop [240]=Oop [248]=Oop [256]=Oop [640]=Oop [648]=Oop [656]=Oop }
                      ;*goto {reexecute=1 rethrow=0 return_oop=0}
                      ; - (reexecute) androidx.compose.runtime.Recomposer$runRecomposeAndApplyChanges$2::invokeSuspend$lambda$2@379 (line 1958)
  0x00007f78c5a43b74: 4d8b 5730 

  0x00007f78c5a43b78: ;   {poll}
  0x00007f78c5a43b78: 4185 0248 | be48 99d2 | 9278 7f00 | 00ff 8658 | 0700 008b | 8424 2c01 | 0000 4c8b | 8424 e000 
  0x00007f78c5a43b98: 0000 3bf8 

  0x00007f78c5a43b9c: ;   {metadata(method data for {method} {0x00007f7890f76848} 'invokeSuspend$lambda$2' '(Landroidx/compose/runtime/Recomposer;Landroidx/collection/MutableScatterSet;Landroidx/collection/MutableScatterSet;Ljava/util/List;Ljava/util/List;Landroidx/collection/MutableScatterSet;Ljava/util/List;Landroidx/collection/MutableScatterSet;Ljava/util/Set;J)Lkotlin/Unit;' in 'androidx/compose/runtime/Recomposer$runRecomposeAndApplyChanges$2')}
  0x00007f78c5a43b9c: 49b9 4899 | d292 787f | 0000 41bb | 1006 0000 | 7c06 41bb | 0006 0000 | 4f8b 2c19 | 4d8d 6d01 
  0x00007f78c5a43bbc: 4f89 2c19 | 0f8c 02fb | ffff 493b | 0049 8bf0 

  0x00007f78c5a43bcc: ;   {metadata(method data for {method} {0x00007f7890f76848} 'invokeSuspend$lambda$2' '(Landroidx/compose/runtime/Recomposer;Landroidx/collection/MutableScatterSet;Landroidx/collection/MutableScatterSet;Ljava/util/List;Ljava/util/List;Landroidx/collection/MutableScatterSet;Ljava/util/List;Landroidx/collection/MutableScatterSet;Ljava/util/Set;J)Lkotlin/Unit;' in 'androidx/compose/runtime/Recomposer$runRecomposeAndApplyChanges$2')}
  0x00007f78c5a43bcc: 48bf 4899 | d292 787f | 0000 8b76 | 0848 3bb7 | 7807 0000 | 750d 4883 | 8780 0700 | 0001 e960 
  0x00007f78c5a43bec: 0000 0048 | 3bb7 8807 | 0000 750d | 4883 8790 | 0700 0001 | e94a 0000 | 0048 83bf | 7807 0000 
  0x00007f78c5a43c0c: 0075 1748 | 89b7 7807 | 0000 48c7 | 8780 0700 | 0001 0000 | 00e9 2900 | 0000 4883 | bf88 0700 
  0x00007f78c5a43c2c: 0000 7517 | 4889 b788 | 0700 0048 | c787 9007 | 0000 0100 | 0000 e908 | 0000 0048 | 8387 7007 
  0x00007f78c5a43c4c: 0000 0149 | 8bf0 6666 | 9048 b800 | 55de 6978 

  0x00007f78c5a43c5c: ;   {virtual_call}
  0x00007f78c5a43c5c: 7f00 00e8 

  0x00007f78c5a43c60: ; ImmutableOopMap {[216]=Oop [224]=Oop [232]=Oop [240]=Oop [248]=Oop [256]=Oop [640]=Oop [648]=Oop [656]=Oop }
                      ;*invokeinterface clear {reexecute=0 rethrow=0 return_oop=0}
                      ; - androidx.compose.runtime.Recomposer$runRecomposeAndApplyChanges$2::invokeSuspend$lambda$2@384 (line 665)
  0x00007f78c5a43c60: 1e84 3807 

  0x00007f78c5a43c64: ;   {post_call_nop}
  0x00007f78c5a43c64: 0f1f 8400 | 5c1b 0012 

  0x00007f78c5a43c6c: ;   {metadata(method data for {method} {0x00007f7890f76848} 'invokeSuspend$lambda$2' '(Landroidx/compose/runtime/Recomposer;Landroidx/collection/MutableScatterSet;Landroidx/collection/MutableScatterSet;Ljava/util/List;Ljava/util/List;Landroidx/collection/MutableScatterSet;Ljava/util/List;Landroidx/collection/MutableScatterSet;Ljava/util/Set;J)Lkotlin/Unit;' in 'androidx/compose/runtime/Recomposer$runRecomposeAndApplyChanges$2')}
  0x00007f78c5a43c6c: 48b8 4899 | d292 787f | 0000 ff80 | a007 0000 | 488b 9424 | e800 0000 

  0x00007f78c5a43c84: ;   {metadata(method data for {method} {0x00007f7890f76848} 'invokeSuspend$lambda$2' '(Landroidx/compose/runtime/Recomposer;Landroidx/collection/MutableScatterSet;Landroidx/collection/MutableScatterSet;Ljava/util/List;Ljava/util/List;Landroidx/collection/MutableScatterSet;Ljava/util/List;Landroidx/collection/MutableScatterSet;Ljava/util/Set;J)Lkotlin/Unit;' in 'androidx/compose/runtime/Recomposer$runRecomposeAndApplyChanges$2')}
  0x00007f78c5a43c84: 488b c248 | be48 99d2 | 9278 7f00 | 008b 4008 | 483b 8670 | 0800 0075 | 0d48 8386 | 7808 0000 
  0x00007f78c5a43ca4: 01e9 6000 | 0000 483b | 8680 0800 | 0075 0d48 | 8386 8808 | 0000 01e9 | 4a00 0000 | 4883 be70 
  0x00007f78c5a43cc4: 0800 0000 | 7517 4889 | 8670 0800 | 0048 c786 | 7808 0000 | 0100 0000 | e929 0000 | 0048 83be 
  0x00007f78c5a43ce4: 8008 0000 | 0075 1748 | 8986 8008 | 0000 48c7 | 8688 0800 | 0001 0000 | 00e9 0800 | 0000 4883 
  0x00007f78c5a43d04: 8668 0800 

  0x00007f78c5a43d08: ;   {metadata(method data for {method} {0x00007f7890e781e8} 'isNotEmpty' '()Z' in 'androidx/collection/ScatterSet')}
  0x00007f78c5a43d08: 0001 48b8 | b851 a992 | 787f 0000 | 8bb0 9000 | 0000 83c6 | 0289 b090 | 0000 0081 | e6fe ff1f 
  0x00007f78c5a43d28: 0085 f60f | 8427 6800 | 008b 4210 

  0x00007f78c5a43d34: ;   {metadata(method data for {method} {0x00007f7890e781e8} 'isNotEmpty' '()Z' in 'androidx/collection/ScatterSet')}
  0x00007f78c5a43d34: 85c0 48b8 | b851 a992 | 787f 0000 | bed8 0000 | 0074 05be | e800 0000 | 488b 3c30 | 488d 7f01 
  0x00007f78c5a43d54: 4889 3c30 | 0f84 1a00 

  0x00007f78c5a43d5c: ;   {metadata(method data for {method} {0x00007f7890e781e8} 'isNotEmpty' '()Z' in 'androidx/collection/ScatterSet')}
  0x00007f78c5a43d5c: 0000 48b8 | b851 a992 | 787f 0000 | ff80 f800 | 0000 b801 | 0000 00e9 | 0500 0000 | b800 0000 
  0x00007f78c5a43d7c: 0083 e001 

  0x00007f78c5a43d80: ;   {metadata(method data for {method} {0x00007f7890f76848} 'invokeSuspend$lambda$2' '(Landroidx/compose/runtime/Recomposer;Landroidx/collection/MutableScatterSet;Landroidx/collection/MutableScatterSet;Ljava/util/List;Ljava/util/List;Landroidx/collection/MutableScatterSet;Ljava/util/List;Landroidx/collection/MutableScatterSet;Ljava/util/Set;J)Lkotlin/Unit;' in 'androidx/compose/runtime/Recomposer$runRecomposeAndApplyChanges$2')}
  0x00007f78c5a43d80: 85c0 48b8 | 4899 d292 | 787f 0000 | be98 0800 | 0075 05be | a808 0000 | 488b 3c30 | 488d 7f01 
  0x00007f78c5a43da0: 4889 3c30 | 488b b424 | d800 0000 | 0f85 1801 

  0x00007f78c5a43db0: ;   {metadata(method data for {method} {0x00007f7890f76848} 'invokeSuspend$lambda$2' '(Landroidx/compose/runtime/Recomposer;Landroidx/collection/MutableScatterSet;Landroidx/collection/MutableScatterSet;Ljava/util/List;Ljava/util/List;Landroidx/collection/MutableScatterSet;Ljava/util/List;Landroidx/collection/MutableScatterSet;Ljava/util/Set;J)Lkotlin/Unit;' in 'androidx/compose/runtime/Recomposer$runRecomposeAndApplyChanges$2')}
  0x00007f78c5a43db0: 0000 48b8 | 4899 d292 | 787f 0000 | 4883 80b8 | 0800 0001 | 8b46 3c48 | c1e0 0348 | 3b00 488b 
  0x00007f78c5a43dd0: ;   {metadata(method data for {method} {0x00007f7890f76848} 'invokeSuspend$lambda$2' '(Landroidx/compose/runtime/Recomposer;Landroidx/collection/MutableScatterSet;Landroidx/collection/MutableScatterSet;Ljava/util/List;Ljava/util/List;Landroidx/collection/MutableScatterSet;Ljava/util/List;Landroidx/collection/MutableScatterSet;Ljava/util/Set;J)Lkotlin/Unit;' in 'androidx/compose/runtime/Recomposer$runRecomposeAndApplyChanges$2')}
  0x00007f78c5a43dd0: f848 bb48 | 99d2 9278 | 7f00 008b | 7f08 483b | bbd0 0800 | 0075 0d48 | 8383 d808 | 0000 01e9 
  0x00007f78c5a43df0: 6000 0000 | 483b bbe0 | 0800 0075 | 0d48 8383 | e808 0000 | 01e9 4a00 | 0000 4883 | bbd0 0800 
  0x00007f78c5a43e10: 0000 7517 | 4889 bbd0 | 0800 0048 | c783 d808 | 0000 0100 | 0000 e929 | 0000 0048 | 83bb e008 
  0x00007f78c5a43e30: 0000 0075 | 1748 89bb | e008 0000 | 48c7 83e8 | 0800 0001 | 0000 00e9 | 0800 0000 | 4883 83c8 
  0x00007f78c5a43e50: 0800 0001 | 8b40 0c85 

  0x00007f78c5a43e58: ;   {metadata(method data for {method} {0x00007f7890f76848} 'invokeSuspend$lambda$2' '(Landroidx/compose/runtime/Recomposer;Landroidx/collection/MutableScatterSet;Landroidx/collection/MutableScatterSet;Ljava/util/List;Ljava/util/List;Landroidx/collection/MutableScatterSet;Ljava/util/List;Landroidx/collection/MutableScatterSet;Ljava/util/Set;J)Lkotlin/Unit;' in 'androidx/compose/runtime/Recomposer$runRecomposeAndApplyChanges$2')}
  0x00007f78c5a43e58: c048 b848 | 99d2 9278 | 7f00 00bf | f808 0000 | 7405 bf08 | 0900 0048 | 8b1c 3848 | 8d5b 0148 
  0x00007f78c5a43e78: 891c 380f | 841a 0000 

  0x00007f78c5a43e80: ;   {metadata(method data for {method} {0x00007f7890f76848} 'invokeSuspend$lambda$2' '(Landroidx/compose/runtime/Recomposer;Landroidx/collection/MutableScatterSet;Landroidx/collection/MutableScatterSet;Ljava/util/List;Ljava/util/List;Landroidx/collection/MutableScatterSet;Ljava/util/List;Landroidx/collection/MutableScatterSet;Ljava/util/Set;J)Lkotlin/Unit;' in 'androidx/compose/runtime/Recomposer$runRecomposeAndApplyChanges$2')}
  0x00007f78c5a43e80: 0048 b848 | 99d2 9278 | 7f00 00ff | 8018 0900 | 00b8 0100 | 0000 e905 | 0000 00b8 | 0000 0000 
  0x00007f78c5a43ea0: ;   {metadata(method data for {method} {0x00007f7890f76848} 'invokeSuspend$lambda$2' '(Landroidx/compose/runtime/Recomposer;Landroidx/collection/MutableScatterSet;Landroidx/collection/MutableScatterSet;Ljava/util/List;Ljava/util/List;Landroidx/collection/MutableScatterSet;Ljava/util/List;Landroidx/collection/MutableScatterSet;Ljava/util/Set;J)Lkotlin/Unit;' in 'androidx/compose/runtime/Recomposer$runRecomposeAndApplyChanges$2')}
  0x00007f78c5a43ea0: 85c0 48b8 | 4899 d292 | 787f 0000 | bf30 0900 | 0074 05bf | 4009 0000 | 488b 1c38 | 488d 5b01 
  0x00007f78c5a43ec0: 4889 1c38 | 0f84 d510 

  0x00007f78c5a43ec8: ;   {metadata(method data for {method} {0x00007f7890f76848} 'invokeSuspend$lambda$2' '(Landroidx/compose/runtime/Recomposer;Landroidx/collection/MutableScatterSet;Landroidx/collection/MutableScatterSet;Ljava/util/List;Ljava/util/List;Landroidx/collection/MutableScatterSet;Ljava/util/List;Landroidx/collection/MutableScatterSet;Ljava/util/Set;J)Lkotlin/Unit;' in 'androidx/compose/runtime/Recomposer$runRecomposeAndApplyChanges$2')}
  0x00007f78c5a43ec8: 0000 48b8 | 4899 d292 | 787f 0000 | 4883 8050 | 0900 0001 | 8b7e 2448 | c1e7 0348 | 89bc 2438 
  0x00007f78c5a43ee8: 0100 0048 | 8d9c 2450 | 0200 0048 | 897b 0848 | 8b07 418b | 8fd0 0700 | 0081 f920 | 0800 000f 
  0x00007f78c5a43f08: 8d76 6600 | 0049 3b7c | 0ff8 0f84 | 2500 0000 | a802 0f85 | 6366 0000 | 488b c848 | 83e1 fe48 
  0x00007f78c5a43f28: 83c8 01f0 | 480f b10f | 0f85 4d66 | 0000 418b | 8fd0 0700 | 0049 893c | 0f83 c108 | 4189 8fd0 
  0x00007f78c5a43f48: ;   {metadata(method data for {method} {0x00007f7890f76848} 'invokeSuspend$lambda$2' '(Landroidx/compose/runtime/Recomposer;Landroidx/collection/MutableScatterSet;Landroidx/collection/MutableScatterSet;Ljava/util/List;Ljava/util/List;Landroidx/collection/MutableScatterSet;Ljava/util/List;Landroidx/collection/MutableScatterSet;Ljava/util/Set;J)Lkotlin/Unit;' in 'androidx/compose/runtime/Recomposer$runRecomposeAndApplyChanges$2')}
  0x00007f78c5a43f48: 0700 0048 | bb48 99d2 | 9278 7f00 | 0048 8383 | 6009 0000 

  0x00007f78c5a43f5c: ;   {metadata(method data for {method} {0x00007f7890e280c0} 'access$knownCompositionsLocked' '(Landroidx/compose/runtime/Recomposer;)Ljava/util/List;' in 'androidx/compose/runtime/Recomposer')}
  0x00007f78c5a43f5c: 0148 bbf0 | ead2 9278 | 7f00 008b | 8390 0000 | 0083 c002 | 8983 9000 | 0000 25fe | ff1f 0085 
  0x00007f78c5a43f7c: c00f 8413 | 6600 0048 

  0x00007f78c5a43f84: ;   {metadata(method data for {method} {0x00007f7890e280c0} 'access$knownCompositionsLocked' '(Landroidx/compose/runtime/Recomposer;)Ljava/util/List;' in 'androidx/compose/runtime/Recomposer')}
  0x00007f78c5a43f84: 8bde 48b8 | f0ea d292 | 787f 0000 | 4883 80d8 | 0000 0001 | 488b de48 

  0x00007f78c5a43f9c: ;   {optimized virtual_call}
  0x00007f78c5a43f9c: 8bf3 90e8 

  0x00007f78c5a43fa0: ; ImmutableOopMap {[216]=Oop [224]=Oop [232]=Oop [240]=Oop [248]=Oop [256]=Oop [312]=Oop [600]=Oop [640]=Oop [648]=Oop [656]=Oop }
                      ;*invokespecial knownCompositionsLocked {reexecute=0 rethrow=0 return_oop=0}
                      ; - androidx.compose.runtime.Recomposer::access$knownCompositionsLocked@1 (line 191)
                      ; - androidx.compose.runtime.Recomposer$runRecomposeAndApplyChanges$2::invokeSuspend$lambda$2@509 (line 676)
  0x00007f78c5a43fa0: 7c99 c7ff 

  0x00007f78c5a43fa4: ;   {post_call_nop}
  0x00007f78c5a43fa4: 0f1f 8400 | 9c1e 0013 | 4889 8424 | 4001 0000 

  0x00007f78c5a43fb4: ;   {metadata(method data for {method} {0x00007f7890f76848} 'invokeSuspend$lambda$2' '(Landroidx/compose/runtime/Recomposer;Landroidx/collection/MutableScatterSet;Landroidx/collection/MutableScatterSet;Ljava/util/List;Ljava/util/List;Landroidx/collection/MutableScatterSet;Ljava/util/List;Landroidx/collection/MutableScatterSet;Ljava/util/Set;J)Lkotlin/Unit;' in 'androidx/compose/runtime/Recomposer$runRecomposeAndApplyChanges$2')}
  0x00007f78c5a43fb4: 4885 c048 | ba48 99d2 | 9278 7f00 | 0075 0c80 | 8a69 0900 | 0001 e9af | 0000 008b | 5808 483b 
  0x00007f78c5a43fd4: 9a78 0900 | 0075 0d48 | 8382 8009 | 0000 01e9 | 6000 0000 | 483b 9a88 | 0900 0075 | 0d48 8382 
  0x00007f78c5a43ff4: 9009 0000 | 01e9 4a00 | 0000 4883 | ba78 0900 | 0000 7517 | 4889 9a78 | 0900 0048 | c782 8009 
  0x00007f78c5a44014: 0000 0100 | 0000 e929 | 0000 0048 | 83ba 8809 | 0000 0075 | 1748 899a | 8809 0000 | 48c7 8290 
  0x00007f78c5a44034: 0900 0001 | 0000 00e9 | 0800 0000 | 4883 8270 | 0900 0001 

  0x00007f78c5a44048: ;   {metadata('java/util/Collection')}
  0x00007f78c5a44048: 48bb b05e | 0121 0000 | 0000 8b50 | 0848 3b5a | 200f 841f | 0000 0048 | 3bd3 0f84 | 1600 0000 
  0x00007f78c5a44068: ;   {runtime_call C1 Runtime slow_subtype_check_blob}
  0x00007f78c5a44068: 5253 e871 | f9b3 065a | 5a85 d20f | 843e 6500 | 00e9 0000 | 0000 488b | f048 3b06 

  0x00007f78c5a44084: ;   {metadata(method data for {method} {0x00007f7890f76848} 'invokeSuspend$lambda$2' '(Landroidx/compose/runtime/Recomposer;Landroidx/collection/MutableScatterSet;Landroidx/collection/MutableScatterSet;Ljava/util/List;Ljava/util/List;Landroidx/collection/MutableScatterSet;Ljava/util/List;Landroidx/collection/MutableScatterSet;Ljava/util/Set;J)Lkotlin/Unit;' in 'androidx/compose/runtime/Recomposer$runRecomposeAndApplyChanges$2')}
  0x00007f78c5a44084: 488b fe48 | bb48 99d2 | 9278 7f00 | 008b 7f08 | 483b bba8 | 0900 0075 | 0d48 8383 | b009 0000 
  0x00007f78c5a440a4: 01e9 6000 | 0000 483b | bbb8 0900 | 0075 0d48 | 8383 c009 | 0000 01e9 | 4a00 0000 | 4883 bba8 
  0x00007f78c5a440c4: 0900 0000 | 7517 4889 | bba8 0900 | 0048 c783 | b009 0000 | 0100 0000 | e929 0000 | 0048 83bb 
  0x00007f78c5a440e4: b809 0000 | 0075 1748 | 89bb b809 | 0000 48c7 | 83c0 0900 | 0001 0000 | 00e9 0800 | 0000 4883 
  0x00007f78c5a44104: 83a0 0900 | 0001 6666 | 9048 b828 | 55de 6978 

  0x00007f78c5a44114: ;   {virtual_call}
  0x00007f78c5a44114: 7f00 00e8 

  0x00007f78c5a44118: ; ImmutableOopMap {[216]=Oop [224]=Oop [232]=Oop [240]=Oop [248]=Oop [256]=Oop [312]=Oop [320]=Oop [600]=Oop [640]=Oop [648]=Oop [656]=Oop }
                      ;*invokeinterface size {reexecute=0 rethrow=0 return_oop=0}
                      ; - androidx.compose.runtime.Recomposer$runRecomposeAndApplyChanges$2::invokeSuspend$lambda$2@525 (line 1966)
  0x00007f78c5a44118: 76a3 1607 

  0x00007f78c5a4411c: ;   {post_call_nop}
  0x00007f78c5a4411c: 0f1f 8400 | 1420 0014 | 8984 244c | 0100 00bf | 0000 0000 | 488b 9c24 | 4001 0000 

  0x00007f78c5a44138: ;   {metadata(method data for {method} {0x00007f7890f76848} 'invokeSuspend$lambda$2' '(Landroidx/compose/runtime/Recomposer;Landroidx/collection/MutableScatterSet;Landroidx/collection/MutableScatterSet;Ljava/util/List;Ljava/util/List;Landroidx/collection/MutableScatterSet;Ljava/util/List;Landroidx/collection/MutableScatterSet;Ljava/util/Set;J)Lkotlin/Unit;' in 'androidx/compose/runtime/Recomposer$runRecomposeAndApplyChanges$2')}
  0x00007f78c5a44138: 3bf8 48ba | 4899 d292 | 787f 0000 | bed0 0900 | 007d 05be | e009 0000 | 4c8b 0c32 | 4d8d 4901 
  0x00007f78c5a44158: 4c89 0c32 | 0f8d cd04 | 0000 483b | 0348 8bd3 

  0x00007f78c5a44168: ;   {metadata(method data for {method} {0x00007f7890f76848} 'invokeSuspend$lambda$2' '(Landroidx/compose/runtime/Recomposer;Landroidx/collection/MutableScatterSet;Landroidx/collection/MutableScatterSet;Ljava/util/List;Ljava/util/List;Landroidx/collection/MutableScatterSet;Ljava/util/List;Landroidx/collection/MutableScatterSet;Ljava/util/Set;J)Lkotlin/Unit;' in 'androidx/compose/runtime/Recomposer$runRecomposeAndApplyChanges$2')}
  0x00007f78c5a44168: 48be 4899 | d292 787f | 0000 8b52 | 0848 3b96 | f809 0000 | 750d 4883 | 8600 0a00 | 0001 e960 
  0x00007f78c5a44188: 0000 0048 | 3b96 080a | 0000 750d | 4883 8610 | 0a00 0001 | e94a 0000 | 0048 83be | f809 0000 
  0x00007f78c5a441a8: 0075 1748 | 8996 f809 | 0000 48c7 | 8600 0a00 | 0001 0000 | 00e9 2900 | 0000 4883 | be08 0a00 
  0x00007f78c5a441c8: 0000 7517 | 4889 9608 | 0a00 0048 | c786 100a | 0000 0100 | 0000 e908 | 0000 0048 | 8386 f009 
  0x00007f78c5a441e8: 0000 0148 | 8bd7 488b | f389 bc24 | 4801 0000 | 0f1f 4400 | 0048 b850 | 55de 6978 

  0x00007f78c5a44204: ;   {virtual_call}
  0x00007f78c5a44204: 7f00 00e8 

  0x00007f78c5a44208: ; ImmutableOopMap {[216]=Oop [224]=Oop [232]=Oop [240]=Oop [248]=Oop [256]=Oop [312]=Oop [320]=Oop [600]=Oop [640]=Oop [648]=Oop [656]=Oop }
                      ;*invokeinterface get {reexecute=0 rethrow=0 return_oop=0}
                      ; - androidx.compose.runtime.Recomposer$runRecomposeAndApplyChanges$2::invokeSuspend$lambda$2@543 (line 1967)
  0x00007f78c5a44208: f694 1907 

  0x00007f78c5a4420c: ;   {post_call_nop}
  0x00007f78c5a4420c: 0f1f 8400 | 0421 0015 

  0x00007f78c5a44214: ;   {metadata(method data for {method} {0x00007f7890f76848} 'invokeSuspend$lambda$2' '(Landroidx/compose/runtime/Recomposer;Landroidx/collection/MutableScatterSet;Landroidx/collection/MutableScatterSet;Ljava/util/List;Ljava/util/List;Landroidx/collection/MutableScatterSet;Ljava/util/List;Landroidx/collection/MutableScatterSet;Ljava/util/Set;J)Lkotlin/Unit;' in 'androidx/compose/runtime/Recomposer$runRecomposeAndApplyChanges$2')}
  0x00007f78c5a44214: 4885 c048 | bb48 99d2 | 9278 7f00 | 0075 0c80 | 8b19 0a00 | 0001 e9af | 0000 008b | 7008 483b 
  0x00007f78c5a44234: b328 0a00 | 0075 0d48 | 8383 300a | 0000 01e9 | 6000 0000 | 483b b338 | 0a00 0075 | 0d48 8383 
  0x00007f78c5a44254: 400a 0000 | 01e9 4a00 | 0000 4883 | bb28 0a00 | 0000 7517 | 4889 b328 | 0a00 0048 | c783 300a 
  0x00007f78c5a44274: 0000 0100 | 0000 e929 | 0000 0048 | 83bb 380a | 0000 0075 | 1748 89b3 | 380a 0000 | 48c7 8340 
  0x00007f78c5a44294: 0a00 0001 | 0000 00e9 | 0800 0000 | 4883 8320 | 0a00 0001 

  0x00007f78c5a442a8: ;   {metadata('androidx/compose/runtime/ControlledComposition')}
  0x00007f78c5a442a8: 48be b8d6 | 1821 0000 | 0000 8b58 | 0848 3b73 | 200f 841f | 0000 0048 | 3bde 0f84 | 1600 0000 
  0x00007f78c5a442c8: ;   {runtime_call C1 Runtime slow_subtype_check_blob}
  0x00007f78c5a442c8: 5356 e811 | f7b3 065b | 5b85 db0f | 84f1 6200 | 00e9 0000 | 0000 488b | f848 89bc | 2450 0100 
  0x00007f78c5a442e8: 0048 8b8c | 24f0 0000 

  0x00007f78c5a442f0: ;   {metadata(method data for {method} {0x00007f7890f76848} 'invokeSuspend$lambda$2' '(Landroidx/compose/runtime/Recomposer;Landroidx/collection/MutableScatterSet;Landroidx/collection/MutableScatterSet;Ljava/util/List;Ljava/util/List;Landroidx/collection/MutableScatterSet;Ljava/util/List;Landroidx/collection/MutableScatterSet;Ljava/util/Set;J)Lkotlin/Unit;' in 'androidx/compose/runtime/Recomposer$runRecomposeAndApplyChanges$2')}
  0x00007f78c5a442f0: 0048 ba48 | 99d2 9278 | 7f00 008b | 4908 483b | 8a58 0a00 | 0075 0d48 | 8382 600a | 0000 01e9 
  0x00007f78c5a44310: 6000 0000 | 483b 8a68 | 0a00 0075 | 0d48 8382 | 700a 0000 | 01e9 4a00 | 0000 4883 | ba58 0a00 
  0x00007f78c5a44330: 0000 7517 | 4889 8a58 | 0a00 0048 | c782 600a | 0000 0100 | 0000 e929 | 0000 0048 | 83ba 680a 
  0x00007f78c5a44350: 0000 0075 | 1748 898a | 680a 0000 | 48c7 8270 | 0a00 0001 | 0000 00e9 | 0800 0000 | 4883 8250 
  0x00007f78c5a44370: 0a00 0001 | 488b d748 | 8bb4 24f0 

  0x00007f78c5a4437c: ;   {optimized virtual_call}
  0x00007f78c5a4437c: 0000 00e8 

  0x00007f78c5a44380: ; ImmutableOopMap {[216]=Oop [224]=Oop [232]=Oop [240]=Oop [248]=Oop [256]=Oop [312]=Oop [320]=Oop [336]=Oop [600]=Oop [640]=Oop [648]=Oop [656]=Oop }
                      ;*invokevirtual contains {reexecute=0 rethrow=0 return_oop=0}
                      ; - androidx.compose.runtime.Recomposer$runRecomposeAndApplyChanges$2::invokeSuspend$lambda$2@563 (line 678)
  0x00007f78c5a44380: 9c2c cdff 

  0x00007f78c5a44384: ;   {post_call_nop}
  0x00007f78c5a44384: 0f1f 8400 | 7c22 0016 

  0x00007f78c5a4438c: ;   {metadata(method data for {method} {0x00007f7890f76848} 'invokeSuspend$lambda$2' '(Landroidx/compose/runtime/Recomposer;Landroidx/collection/MutableScatterSet;Landroidx/collection/MutableScatterSet;Ljava/util/List;Ljava/util/List;Landroidx/collection/MutableScatterSet;Ljava/util/List;Landroidx/collection/MutableScatterSet;Ljava/util/Set;J)Lkotlin/Unit;' in 'androidx/compose/runtime/Recomposer$runRecomposeAndApplyChanges$2')}
  0x00007f78c5a4438c: 85c0 48ba | 4899 d292 | 787f 0000 | be80 0a00 | 0075 05be | 900a 0000 | 488b 3c32 | 488d 7f01 
  0x00007f78c5a443ac: 4889 3c32 | 0f85 2602 | 0000 488b | bc24 5001 | 0000 4885 | ff0f 841b 

  0x00007f78c5a443c4: ;   {metadata('androidx/compose/runtime/CompositionImpl')}
  0x00007f78c5a443c4: 0000 0048 | bb30 7919 | 2100 0000 | 008b 7708 | 483b de0f | 85f6 6100 | 00e9 0000 | 0000 488b 
  0x00007f78c5a443e4: d748 3b07 

  0x00007f78c5a443e8: ;   {metadata(method data for {method} {0x00007f7890f76848} 'invokeSuspend$lambda$2' '(Landroidx/compose/runtime/Recomposer;Landroidx/collection/MutableScatterSet;Landroidx/collection/MutableScatterSet;Ljava/util/List;Ljava/util/List;Landroidx/collection/MutableScatterSet;Ljava/util/List;Landroidx/collection/MutableScatterSet;Ljava/util/Set;J)Lkotlin/Unit;' in 'androidx/compose/runtime/Recomposer$runRecomposeAndApplyChanges$2')}
  0x00007f78c5a443e8: 488b d748 | be48 99d2 | 9278 7f00 

  0x00007f78c5a443f4: ;   {metadata('androidx/compose/runtime/CompositionImpl')}
  0x00007f78c5a443f4: 0049 ba30 | 7919 2100 | 0000 004c | 8996 a80a | 0000 4883 | 86b0 0a00 | 0001 488b | 9424 9002 
  0x00007f78c5a44414: 0000 488b | f766 0f1f 

  0x00007f78c5a4441c: ;   {optimized virtual_call}
  0x00007f78c5a4441c: 4400 00e8 

  0x00007f78c5a44420: ; ImmutableOopMap {[216]=Oop [224]=Oop [232]=Oop [240]=Oop [248]=Oop [256]=Oop [312]=Oop [320]=Oop [336]=Oop [600]=Oop [640]=Oop [648]=Oop [656]=Oop }
                      ;*invokeinterface observesAnyOf {reexecute=0 rethrow=0 return_oop=0}
                      ; - androidx.compose.runtime.Recomposer$runRecomposeAndApplyChanges$2::invokeSuspend$lambda$2@573 (line 679)
  0x00007f78c5a44420: e96c 0000 

  0x00007f78c5a44424: ;   {post_call_nop}
  0x00007f78c5a44424: 0f1f 8400 | 1c23 0017 

  0x00007f78c5a4442c: ;   {metadata(method data for {method} {0x00007f7890f76848} 'invokeSuspend$lambda$2' '(Landroidx/compose/runtime/Recomposer;Landroidx/collection/MutableScatterSet;Landroidx/collection/MutableScatterSet;Ljava/util/List;Ljava/util/List;Landroidx/collection/MutableScatterSet;Ljava/util/List;Landroidx/collection/MutableScatterSet;Ljava/util/Set;J)Lkotlin/Unit;' in 'androidx/compose/runtime/Recomposer$runRecomposeAndApplyChanges$2')}
  0x00007f78c5a4442c: 85c0 48ba | 4899 d292 | 787f 0000 | bed0 0a00 | 0074 05be | e00a 0000 | 488b 3c32 | 488d 7f01 
  0x00007f78c5a4444c: 4889 3c32 | 0f84 8601 | 0000 488b | bc24 5001 | 0000 4c8b | 8424 e000 | 0000 4d85 

  0x00007f78c5a44468: ;   {metadata(method data for {method} {0x00007f7890f76848} 'invokeSuspend$lambda$2' '(Landroidx/compose/runtime/Recomposer;Landroidx/collection/MutableScatterSet;Landroidx/collection/MutableScatterSet;Ljava/util/List;Ljava/util/List;Landroidx/collection/MutableScatterSet;Ljava/util/List;Landroidx/collection/MutableScatterSet;Ljava/util/Set;J)Lkotlin/Unit;' in 'androidx/compose/runtime/Recomposer$runRecomposeAndApplyChanges$2')}
  0x00007f78c5a44468: c048 b848 | 99d2 9278 | 7f00 0075 | 0c80 88e9 | 0a00 0001 | e9b1 0000 | 0041 8b58 | 0848 3b98 
  0x00007f78c5a44488: f80a 0000 | 750d 4883 | 8000 0b00 | 0001 e960 | 0000 0048 | 3b98 080b | 0000 750d | 4883 8010 
  0x00007f78c5a444a8: 0b00 0001 | e94a 0000 | 0048 83b8 | f80a 0000 | 0075 1748 | 8998 f80a | 0000 48c7 | 8000 0b00 
  0x00007f78c5a444c8: 0001 0000 | 00e9 2900 | 0000 4883 | b808 0b00 | 0000 7517 | 4889 9808 | 0b00 0048 | c780 100b 
  0x00007f78c5a444e8: 0000 0100 | 0000 e908 | 0000 0048 | 8380 f00a 

  0x00007f78c5a444f8: ;   {metadata('java/util/Collection')}
  0x00007f78c5a444f8: 0000 0148 | bbb0 5e01 | 2100 0000 | 0041 8b40 | 0848 3b58 | 200f 841f | 0000 0048 | 3bc3 0f84 
  0x00007f78c5a44518: 1600 0000 

  0x00007f78c5a4451c: ;   {runtime_call C1 Runtime slow_subtype_check_blob}
  0x00007f78c5a4451c: 5053 e8bd | f4b3 0658 | 5885 c00f | 84b0 6000 | 00e9 0000 | 0000 498b | f048 3b06 

  0x00007f78c5a44538: ;   {metadata(method data for {method} {0x00007f7890f76848} 'invokeSuspend$lambda$2' '(Landroidx/compose/runtime/Recomposer;Landroidx/collection/MutableScatterSet;Landroidx/collection/MutableScatterSet;Ljava/util/List;Ljava/util/List;Landroidx/collection/MutableScatterSet;Ljava/util/List;Landroidx/collection/MutableScatterSet;Ljava/util/Set;J)Lkotlin/Unit;' in 'androidx/compose/runtime/Recomposer$runRecomposeAndApplyChanges$2')}
  0x00007f78c5a44538: 488b d648 | bb48 99d2 | 9278 7f00 | 008b 5208 | 483b 9328 | 0b00 0075 | 0d48 8383 | 300b 0000 
  0x00007f78c5a44558: 01e9 6000 | 0000 483b | 9338 0b00 | 0075 0d48 | 8383 400b | 0000 01e9 | 4a00 0000 | 4883 bb28 
  0x00007f78c5a44578: 0b00 0000 | 7517 4889 | 9328 0b00 | 0048 c783 | 300b 0000 | 0100 0000 | e929 0000 | 0048 83bb 
  0x00007f78c5a44598: 380b 0000 | 0075 1748 | 8993 380b | 0000 48c7 | 8340 0b00 | 0001 0000 | 00e9 0800 | 0000 4883 
  0x00007f78c5a445b8: 8320 0b00 | 0001 488b | d70f 1f40 | 0048 b878 | 55de 6978 

  0x00007f78c5a445cc: ;   {virtual_call}
  0x00007f78c5a445cc: 7f00 00e8 

  0x00007f78c5a445d0: ; ImmutableOopMap {[216]=Oop [224]=Oop [232]=Oop [240]=Oop [248]=Oop [256]=Oop [312]=Oop [320]=Oop [600]=Oop [640]=Oop [648]=Oop [656]=Oop }
                      ;*invokeinterface add {reexecute=0 rethrow=0 return_oop=0}
                      ; - androidx.compose.runtime.Recomposer$runRecomposeAndApplyChanges$2::invokeSuspend$lambda$2@587 (line 681)
  0x00007f78c5a445d0: 0c9a a606 

  0x00007f78c5a445d4: ;   {post_call_nop}
  0x00007f78c5a445d4: 0f1f 8400 | cc24 0018 | 8bbc 2448 | 0100 00ff 

  0x00007f78c5a445e4: ;   {metadata(method data for {method} {0x00007f7890f76848} 'invokeSuspend$lambda$2' '(Landroidx/compose/runtime/Recomposer;Landroidx/collection/MutableScatterSet;Landroidx/collection/MutableScatterSet;Ljava/util/List;Ljava/util/List;Landroidx/collection/MutableScatterSet;Ljava/util/List;Landroidx/collection/MutableScatterSet;Ljava/util/Set;J)Lkotlin/Unit;' in 'androidx/compose/runtime/Recomposer$runRecomposeAndApplyChanges$2')}
  0x00007f78c5a445e4: c748 ba48 | 99d2 9278 | 7f00 008b | b294 0000 | 0083 c602 | 89b2 9400 | 0000 81e6 | fe3f 0000 
  0x00007f78c5a44604: 85f6 0f84 | df5f 0000 

  0x00007f78c5a4460c: ; ImmutableOopMap {[216]=Oop [224]=Oop [232]=Oop [240]=Oop [248]=Oop [256]=Oop [312]=Oop [320]=Oop [600]=Oop [640]=Oop [648]=Oop [656]=Oop }
                      ;*goto {reexecute=1 rethrow=0 return_oop=0}
                      ; - (reexecute) androidx.compose.runtime.Recomposer$runRecomposeAndApplyChanges$2::invokeSuspend$lambda$2@598 (line 1966)
  0x00007f78c5a4460c: 4d8b 5730 

  0x00007f78c5a44610: ;   {poll}
  0x00007f78c5a44610: 4185 0248 | ba48 99d2 | 9278 7f00 | 00ff 8250 | 0b00 008b | 8424 4c01 | 0000 e901 | fbff ff48 
  0x00007f78c5a44630: 8bb4 24d8 

  0x00007f78c5a44634: ;   {metadata(method data for {method} {0x00007f7890f76848} 'invokeSuspend$lambda$2' '(Landroidx/compose/runtime/Recomposer;Landroidx/collection/MutableScatterSet;Landroidx/collection/MutableScatterSet;Ljava/util/List;Ljava/util/List;Landroidx/collection/MutableScatterSet;Ljava/util/List;Landroidx/collection/MutableScatterSet;Ljava/util/Set;J)Lkotlin/Unit;' in 'androidx/compose/runtime/Recomposer$runRecomposeAndApplyChanges$2')}
  0x00007f78c5a44634: 0000 0048 | ba48 99d2 | 9278 7f00 | 0048 8382 | 680b 0000 | 018b 7e3c | 48c1 e703 | 4889 bc24 
  0x00007f78c5a44654: 6801 0000 

  0x00007f78c5a44658: ; implicit exception: dispatches to 0x00007f78c5a4a60c
  0x00007f78c5a44658: 483b 0748 

  0x00007f78c5a4465c: ;   {metadata(method data for {method} {0x00007f7890f76848} 'invokeSuspend$lambda$2' '(Landroidx/compose/runtime/Recomposer;Landroidx/collection/MutableScatterSet;Landroidx/collection/MutableScatterSet;Ljava/util/List;Ljava/util/List;Landroidx/collection/MutableScatterSet;Ljava/util/List;Landroidx/collection/MutableScatterSet;Ljava/util/Set;J)Lkotlin/Unit;' in 'androidx/compose/runtime/Recomposer$runRecomposeAndApplyChanges$2')}
  0x00007f78c5a4465c: 8bd7 48bb | 4899 d292 | 787f 0000 | 8b52 0848 | 3b93 800b | 0000 750d | 4883 8388 | 0b00 0001 
  0x00007f78c5a4467c: e960 0000 | 0048 3b93 | 900b 0000 | 750d 4883 | 8398 0b00 | 0001 e94a | 0000 0048 | 83bb 800b 
  0x00007f78c5a4469c: 0000 0075 | 1748 8993 | 800b 0000 | 48c7 8388 | 0b00 0001 | 0000 00e9 | 2900 0000 | 4883 bb90 
  0x00007f78c5a446bc: 0b00 0000 | 7517 4889 | 9390 0b00 | 0048 c783 | 980b 0000 | 0100 0000 | e908 0000 | 0048 8383 
  0x00007f78c5a446dc: 780b 0000 | 018b 5f0c | 899c 2470 | 0100 00b8 | 0000 0000 | b900 0000 | 0089 8c24 | 6001 0000 
  0x00007f78c5a446fc: 0f1f 4000 

  0x00007f78c5a44700: ;   {metadata(method data for {method} {0x00007f7890f76848} 'invokeSuspend$lambda$2' '(Landroidx/compose/runtime/Recomposer;Landroidx/collection/MutableScatterSet;Landroidx/collection/MutableScatterSet;Ljava/util/List;Ljava/util/List;Landroidx/collection/MutableScatterSet;Ljava/util/List;Landroidx/collection/MutableScatterSet;Ljava/util/Set;J)Lkotlin/Unit;' in 'androidx/compose/runtime/Recomposer$runRecomposeAndApplyChanges$2')}
  0x00007f78c5a44700: 3bc3 48ba | 4899 d292 | 787f 0000 | 41b9 a80b | 0000 7d06 | 41b9 b80b | 0000 4e8b | 1c0a 4d8d 
  0x00007f78c5a44720: 5b01 4e89 | 1c0a 0f8d | 6e06 0000 | 8b57 1048 | c1e2 033b | 420c 0f83 | df5e 0000 | 4c63 c842 
  0x00007f78c5a44740: 8b54 8a10 | 48c1 e203 

  0x00007f78c5a44748: ;   {metadata(method data for {method} {0x00007f7890f76848} 'invokeSuspend$lambda$2' '(Landroidx/compose/runtime/Recomposer;Landroidx/collection/MutableScatterSet;Landroidx/collection/MutableScatterSet;Ljava/util/List;Ljava/util/List;Landroidx/collection/MutableScatterSet;Ljava/util/List;Landroidx/collection/MutableScatterSet;Ljava/util/Set;J)Lkotlin/Unit;' in 'androidx/compose/runtime/Recomposer$runRecomposeAndApplyChanges$2')}
  0x00007f78c5a44748: 4885 d249 | bd48 99d2 | 9278 7f00 | 0075 0d41 | 808d c10b | 0000 01e9 | b600 0000 | 448b 5a08 
  0x00007f78c5a44768: 4d3b 9dd0 | 0b00 0075 | 0d49 8385 | d80b 0000 | 01e9 6000 | 0000 4d3b | 9de0 0b00 | 0075 0d49 
  0x00007f78c5a44788: 8385 e80b | 0000 01e9 | 4a00 0000 | 4983 bdd0 | 0b00 0000 | 7517 4d89 | 9dd0 0b00 | 0049 c785 
  0x00007f78c5a447a8: d80b 0000 | 0100 0000 | e929 0000 | 0049 83bd | e00b 0000 | 0075 174d | 899d e00b | 0000 49c7 
  0x00007f78c5a447c8: 85e8 0b00 | 0001 0000 | 00e9 0800 | 0000 4983 | 85c8 0b00 

  0x00007f78c5a447dc: ;   {metadata('androidx/compose/runtime/ControlledComposition')}
  0x00007f78c5a447dc: 0001 49bb | b8d6 1821 | 0000 0000 | 448b 6a08 | 4d3b 5d20 | 0f84 2400 | 0000 4d3b | eb0f 841b 
  0x00007f78c5a447fc: 0000 0041 

  0x00007f78c5a44800: ;   {runtime_call C1 Runtime slow_subtype_check_blob}
  0x00007f78c5a44800: 5541 53e8 | d8f1 b306 | 415d 415d | 4585 ed0f | 8414 5e00 | 00e9 0000 | 0000 4c8b | ca48 8b94 
  0x00007f78c5a44820: 24f0 0000 

  0x00007f78c5a44824: ;   {metadata(method data for {method} {0x00007f7890f76848} 'invokeSuspend$lambda$2' '(Landroidx/compose/runtime/Recomposer;Landroidx/collection/MutableScatterSet;Landroidx/collection/MutableScatterSet;Ljava/util/List;Ljava/util/List;Landroidx/collection/MutableScatterSet;Ljava/util/List;Landroidx/collection/MutableScatterSet;Ljava/util/Set;J)Lkotlin/Unit;' in 'androidx/compose/runtime/Recomposer$runRecomposeAndApplyChanges$2')}
  0x00007f78c5a44824: 0049 bb48 | 99d2 9278 | 7f00 008b | 5208 493b | 9300 0c00 | 0075 0d49 | 8383 080c | 0000 01e9 
  0x00007f78c5a44844: 6000 0000 | 493b 9310 | 0c00 0075 | 0d49 8383 | 180c 0000 | 01e9 4a00 | 0000 4983 | bb00 0c00 
  0x00007f78c5a44864: 0000 7517 | 4989 9300 | 0c00 0049 | c783 080c | 0000 0100 | 0000 e929 | 0000 0049 | 83bb 100c 
  0x00007f78c5a44884: 0000 0075 | 1749 8993 | 100c 0000 | 49c7 8318 | 0c00 0001 | 0000 00e9 | 0800 0000 | 4983 83f8 
  0x00007f78c5a448a4: 0b00 0001 | 498b d148 | 8bb4 24f0 | 0000 0089 | 8424 6401 | 0000 4c89 | 8c24 5801 | 0000 0f1f 
  0x00007f78c5a448c4: ;   {optimized virtual_call}
  0x00007f78c5a448c4: 4400 00e8 

  0x00007f78c5a448c8: ; ImmutableOopMap {[216]=Oop [224]=Oop [232]=Oop [240]=Oop [248]=Oop [256]=Oop [312]=Oop [344]=Oop [360]=Oop [600]=Oop [640]=Oop [648]=Oop [656]=Oop }
                      ;*invokevirtual contains {reexecute=0 rethrow=0 return_oop=0}
                      ; - androidx.compose.runtime.Recomposer$runRecomposeAndApplyChanges$2::invokeSuspend$lambda$2@650 (line 690)
  0x00007f78c5a448c8: 1492 a606 

  0x00007f78c5a448cc: ;   {post_call_nop}
  0x00007f78c5a448cc: 0f1f 8400 | c427 001a 

  0x00007f78c5a448d4: ;   {metadata(method data for {method} {0x00007f7890f76848} 'invokeSuspend$lambda$2' '(Landroidx/compose/runtime/Recomposer;Landroidx/collection/MutableScatterSet;Landroidx/collection/MutableScatterSet;Ljava/util/List;Ljava/util/List;Landroidx/collection/MutableScatterSet;Ljava/util/List;Landroidx/collection/MutableScatterSet;Ljava/util/Set;J)Lkotlin/Unit;' in 'androidx/compose/runtime/Recomposer$runRecomposeAndApplyChanges$2')}
  0x00007f78c5a448d4: 85c0 48ba | 4899 d292 | 787f 0000 | be28 0c00 | 0075 05be | 380c 0000 | 488b 3c32 | 488d 7f01 
  0x00007f78c5a448f4: 4889 3c32 | 0f85 e000 | 0000 4c8b | 8424 e000 

  0x00007f78c5a44904: ;   {metadata(method data for {method} {0x00007f7890f76848} 'invokeSuspend$lambda$2' '(Landroidx/compose/runtime/Recomposer;Landroidx/collection/MutableScatterSet;Landroidx/collection/MutableScatterSet;Ljava/util/List;Ljava/util/List;Landroidx/collection/MutableScatterSet;Ljava/util/List;Landroidx/collection/MutableScatterSet;Ljava/util/Set;J)Lkotlin/Unit;' in 'androidx/compose/runtime/Recomposer$runRecomposeAndApplyChanges$2')}
  0x00007f78c5a44904: 0000 48ba | 4899 d292 | 787f 0000 | 458b 4008 | 4c3b 8250 | 0c00 0075 | 0d48 8382 | 580c 0000 
  0x00007f78c5a44924: 01e9 6000 | 0000 4c3b | 8260 0c00 | 0075 0d48 | 8382 680c | 0000 01e9 | 4a00 0000 | 4883 ba50 
  0x00007f78c5a44944: 0c00 0000 | 7517 4c89 | 8250 0c00 | 0048 c782 | 580c 0000 | 0100 0000 | e929 0000 | 0048 83ba 
  0x00007f78c5a44964: 600c 0000 | 0075 174c | 8982 600c | 0000 48c7 | 8268 0c00 | 0001 0000 | 00e9 0800 | 0000 4883 
  0x00007f78c5a44984: 8248 0c00 | 0001 488b | 9424 5801 | 0000 488b | b424 e000 | 0000 6666 | 9048 b8a0 | 55de 6978 
  0x00007f78c5a449a4: ;   {virtual_call}
  0x00007f78c5a449a4: 7f00 00e8 

  0x00007f78c5a449a8: ; ImmutableOopMap {[216]=Oop [224]=Oop [232]=Oop [240]=Oop [248]=Oop [256]=Oop [312]=Oop [344]=Oop [360]=Oop [600]=Oop [640]=Oop [648]=Oop [656]=Oop }
                      ;*invokeinterface contains {reexecute=0 rethrow=0 return_oop=0}
                      ; - androidx.compose.runtime.Recomposer$runRecomposeAndApplyChanges$2::invokeSuspend$lambda$2@659 (line 690)
  0x00007f78c5a449a8: 3496 a606 

  0x00007f78c5a449ac: ;   {post_call_nop}
  0x00007f78c5a449ac: 0f1f 8400 | a428 001b 

  0x00007f78c5a449b4: ;   {metadata(method data for {method} {0x00007f7890f76848} 'invokeSuspend$lambda$2' '(Landroidx/compose/runtime/Recomposer;Landroidx/collection/MutableScatterSet;Landroidx/collection/MutableScatterSet;Ljava/util/List;Ljava/util/List;Landroidx/collection/MutableScatterSet;Ljava/util/List;Landroidx/collection/MutableScatterSet;Ljava/util/Set;J)Lkotlin/Unit;' in 'androidx/compose/runtime/Recomposer$runRecomposeAndApplyChanges$2')}
  0x00007f78c5a449b4: 85c0 48ba | 4899 d292 | 787f 0000 | be88 0c00 | 0074 05be | 780c 0000 | 488b 3c32 | 488d 7f01 
  0x00007f78c5a449d4: 4889 3c32 | 0f84 0a00 | 0000 be00 | 0000 00e9 | 9901 0000 | 4c8b 8c24 | 5801 0000 | 4c8b 8424 
  0x00007f78c5a449f4: e000 0000 

  0x00007f78c5a449f8: ;   {metadata(method data for {method} {0x00007f7890f76848} 'invokeSuspend$lambda$2' '(Landroidx/compose/runtime/Recomposer;Landroidx/collection/MutableScatterSet;Landroidx/collection/MutableScatterSet;Ljava/util/List;Ljava/util/List;Landroidx/collection/MutableScatterSet;Ljava/util/List;Landroidx/collection/MutableScatterSet;Ljava/util/Set;J)Lkotlin/Unit;' in 'androidx/compose/runtime/Recomposer$runRecomposeAndApplyChanges$2')}
  0x00007f78c5a449f8: 4d85 c048 | bb48 99d2 | 9278 7f00 | 0075 0c80 | 8b91 0c00 | 0001 e9b1 | 0000 0041 | 8b78 0848 
  0x00007f78c5a44a18: 3bbb a00c | 0000 750d | 4883 83a8 | 0c00 0001 | e960 0000 | 0048 3bbb | b00c 0000 | 750d 4883 
  0x00007f78c5a44a38: 83b8 0c00 | 0001 e94a | 0000 0048 | 83bb a00c | 0000 0075 | 1748 89bb | a00c 0000 | 48c7 83a8 
  0x00007f78c5a44a58: 0c00 0001 | 0000 00e9 | 2900 0000 | 4883 bbb0 | 0c00 0000 | 7517 4889 | bbb0 0c00 | 0048 c783 
  0x00007f78c5a44a78: b80c 0000 | 0100 0000 | e908 0000 | 0048 8383 | 980c 0000 

  0x00007f78c5a44a8c: ;   {metadata('java/util/Collection')}
  0x00007f78c5a44a8c: 0148 bfb0 | 5e01 2100 | 0000 0041 | 8b58 0848 | 3b7b 200f | 841f 0000 | 0048 3bdf | 0f84 1600 
  0x00007f78c5a44aac: 0000 5357 

  0x00007f78c5a44ab0: ;   {runtime_call C1 Runtime slow_subtype_check_blob}
  0x00007f78c5a44ab0: e82b efb3 | 065b 5b85 | db0f 8473 | 5b00 00e9 | 0000 0000 | 498b f048 | 3b06 488b 

  0x00007f78c5a44acc: ;   {metadata(method data for {method} {0x00007f7890f76848} 'invokeSuspend$lambda$2' '(Landroidx/compose/runtime/Recomposer;Landroidx/collection/MutableScatterSet;Landroidx/collection/MutableScatterSet;Ljava/util/List;Ljava/util/List;Landroidx/collection/MutableScatterSet;Ljava/util/List;Landroidx/collection/MutableScatterSet;Ljava/util/Set;J)Lkotlin/Unit;' in 'androidx/compose/runtime/Recomposer$runRecomposeAndApplyChanges$2')}
  0x00007f78c5a44acc: d648 bf48 | 99d2 9278 | 7f00 008b | 5208 483b | 97d0 0c00 | 0075 0d48 | 8387 d80c | 0000 01e9 
  0x00007f78c5a44aec: 6000 0000 | 483b 97e0 | 0c00 0075 | 0d48 8387 | e80c 0000 | 01e9 4a00 | 0000 4883 | bfd0 0c00 
  0x00007f78c5a44b0c: 0000 7517 | 4889 97d0 | 0c00 0048 | c787 d80c | 0000 0100 | 0000 e929 | 0000 0048 | 83bf e00c 
  0x00007f78c5a44b2c: 0000 0075 | 1748 8997 | e00c 0000 | 48c7 87e8 | 0c00 0001 | 0000 00e9 | 0800 0000 | 4883 87c8 
  0x00007f78c5a44b4c: 0c00 0001 | 498b d166 | 9048 b8c8 | 55de 6978 

  0x00007f78c5a44b5c: ;   {virtual_call}
  0x00007f78c5a44b5c: 7f00 00e8 

  0x00007f78c5a44b60: ; ImmutableOopMap {[216]=Oop [224]=Oop [232]=Oop [240]=Oop [248]=Oop [256]=Oop [312]=Oop [360]=Oop [600]=Oop [640]=Oop [648]=Oop [656]=Oop }
                      ;*invokeinterface add {reexecute=0 rethrow=0 return_oop=0}
                      ; - androidx.compose.runtime.Recomposer$runRecomposeAndApplyChanges$2::invokeSuspend$lambda$2@673 (line 691)
  0x00007f78c5a44b60: 7c94 a606 

  0x00007f78c5a44b64: ;   {post_call_nop}
  0x00007f78c5a44b64: 0f1f 8400 | 5c2a 001c 

  0x00007f78c5a44b6c: ;   {metadata(method data for {method} {0x00007f7890f76848} 'invokeSuspend$lambda$2' '(Landroidx/compose/runtime/Recomposer;Landroidx/collection/MutableScatterSet;Landroidx/collection/MutableScatterSet;Ljava/util/List;Ljava/util/List;Landroidx/collection/MutableScatterSet;Ljava/util/List;Landroidx/collection/MutableScatterSet;Ljava/util/Set;J)Lkotlin/Unit;' in 'androidx/compose/runtime/Recomposer$runRecomposeAndApplyChanges$2')}
  0x00007f78c5a44b6c: 48be 4899 | d292 787f | 0000 ff86 | f80c 0000 | be01 0000 

  0x00007f78c5a44b80: ;   {metadata(method data for {method} {0x00007f7890f76848} 'invokeSuspend$lambda$2' '(Landroidx/compose/runtime/Recomposer;Landroidx/collection/MutableScatterSet;Landroidx/collection/MutableScatterSet;Ljava/util/List;Ljava/util/List;Landroidx/collection/MutableScatterSet;Ljava/util/List;Landroidx/collection/MutableScatterSet;Ljava/util/Set;J)Lkotlin/Unit;' in 'androidx/compose/runtime/Recomposer$runRecomposeAndApplyChanges$2')}
  0x00007f78c5a44b80: 0085 f648 | be48 99d2 | 9278 7f00 | 00ba 100d | 0000 7405 | ba20 0d00 | 0048 8b0c | 1648 8d49 
  0x00007f78c5a44ba0: 0148 890c | 168b 8c24 | 6001 0000 | 0f84 2600 | 0000 ffc1 

  0x00007f78c5a44bb4: ;   {metadata(method data for {method} {0x00007f7890f76848} 'invokeSuspend$lambda$2' '(Landroidx/compose/runtime/Recomposer;Landroidx/collection/MutableScatterSet;Landroidx/collection/MutableScatterSet;Ljava/util/List;Ljava/util/List;Landroidx/collection/MutableScatterSet;Ljava/util/List;Landroidx/collection/MutableScatterSet;Ljava/util/Set;J)Lkotlin/Unit;' in 'androidx/compose/runtime/Recomposer$runRecomposeAndApplyChanges$2')}
  0x00007f78c5a44bb4: 48be 4899 | d292 787f | 0000 ff86 | 300d 0000 | 8b84 2464 | 0100 0048 | 8bbc 2468 | 0100 00e9 
  0x00007f78c5a44bd4: 6f01 0000 

  0x00007f78c5a44bd8: ;   {metadata(method data for {method} {0x00007f7890f76848} 'invokeSuspend$lambda$2' '(Landroidx/compose/runtime/Recomposer;Landroidx/collection/MutableScatterSet;Landroidx/collection/MutableScatterSet;Ljava/util/List;Ljava/util/List;Landroidx/collection/MutableScatterSet;Ljava/util/List;Landroidx/collection/MutableScatterSet;Ljava/util/Set;J)Lkotlin/Unit;' in 'androidx/compose/runtime/Recomposer$runRecomposeAndApplyChanges$2')}
  0x00007f78c5a44bd8: 85c9 48be | 4899 d292 | 787f 0000 | ba48 0d00 | 007e 05ba | 580d 0000 | 4c8b 0416 | 4d8d 4001 
  0x00007f78c5a44bf8: 4c89 0416 | 8b84 2464 | 0100 0048 | 8bbc 2468 | 0100 000f | 8e36 0100 | 008b 7710 | 48c1 e603 
  0x00007f78c5a44c18: ; implicit exception: dispatches to 0x00007f78c5a4a640
  0x00007f78c5a44c18: 3b46 0c0f | 8329 5a00 | 0048 63d0 | 8b54 9610 | 48c1 e203 | 4c8b c044 | 2bc1 443b | 460c 0f83 
  0x00007f78c5a44c38: 1c5a 0000 

  0x00007f78c5a44c3c: ;   {metadata(method data for {method} {0x00007f7890f76848} 'invokeSuspend$lambda$2' '(Landroidx/compose/runtime/Recomposer;Landroidx/collection/MutableScatterSet;Landroidx/collection/MutableScatterSet;Ljava/util/List;Ljava/util/List;Landroidx/collection/MutableScatterSet;Ljava/util/List;Landroidx/collection/MutableScatterSet;Ljava/util/Set;J)Lkotlin/Unit;' in 'androidx/compose/runtime/Recomposer$runRecomposeAndApplyChanges$2')}
  0x00007f78c5a44c3c: 4885 d249 | b948 99d2 | 9278 7f00 | 0075 0d41 | 8089 610d | 0000 01e9 | bb00 0000 | 8b5a 0849 
  0x00007f78c5a44c5c: 3b99 700d | 0000 750d | 4983 8178 | 0d00 0001 | e960 0000 | 0049 3b99 | 800d 0000 | 750d 4983 
  0x00007f78c5a44c7c: 8188 0d00 | 0001 e94a | 0000 0049 | 83b9 700d | 0000 0075 | 1749 8999 | 700d 0000 | 49c7 8178 
  0x00007f78c5a44c9c: 0d00 0001 | 0000 00e9 | 2900 0000 | 4983 b980 | 0d00 0000 | 7517 4989 | 9980 0d00 | 0049 c781 
  0x00007f78c5a44cbc: 880d 0000 | 0100 0000 | e908 0000 | 0049 8381 | 680d 0000 | 018b 5e08 | 448b 4a08 | 488b 9b18 
  0x00007f78c5a44cdc: 0100 004c | 3bcb 0f84 | 2b00 0000 | 448b 5b14 | 4b3b 1c19 | 0f84 1d00 | 0000 4183 | fb20 0f85 
  0x00007f78c5a44cfc: 6b59 0000 

  0x00007f78c5a44d00: ;   {runtime_call C1 Runtime slow_subtype_check_blob}
  0x00007f78c5a44d00: 4151 53e8 | d8ec b306 | 4159 5b85 | db0f 8458 | 5900 004d | 63c0 4a8d | 7486 1045 | 0fbe 4748 
  0x00007f78c5a44d20: 4585 c00f | 854b 5900 | 004c 8bd2 | 49c1 ea03 | 4489 164c | 8bc6 4c33 | c249 c1e8 | 1749 83f8 
  0x00007f78c5a44d40: 000f 854c | 5900 00ff 

  0x00007f78c5a44d48: ;   {metadata(method data for {method} {0x00007f7890f76848} 'invokeSuspend$lambda$2' '(Landroidx/compose/runtime/Recomposer;Landroidx/collection/MutableScatterSet;Landroidx/collection/MutableScatterSet;Ljava/util/List;Ljava/util/List;Landroidx/collection/MutableScatterSet;Ljava/util/List;Landroidx/collection/MutableScatterSet;Ljava/util/Set;J)Lkotlin/Unit;' in 'androidx/compose/runtime/Recomposer$runRecomposeAndApplyChanges$2')}
  0x00007f78c5a44d48: c048 be48 | 99d2 9278 | 7f00 008b | 9694 0000 | 0083 c202 | 8996 9400 | 0000 81e2 | fe3f 0000 
  0x00007f78c5a44d68: 85d2 0f84 | 3b59 0000 

  0x00007f78c5a44d70: ; ImmutableOopMap {rdi=Oop [216]=Oop [224]=Oop [232]=Oop [240]=Oop [248]=Oop [256]=Oop [312]=Oop [360]=Oop [600]=Oop [640]=Oop [648]=Oop [656]=Oop }
                      ;*goto {reexecute=1 rethrow=0 return_oop=0}
                      ; - (reexecute) androidx.compose.runtime.Recomposer$runRecomposeAndApplyChanges$2::invokeSuspend$lambda$2@724 (line 1973)
  0x00007f78c5a44d70: 4d8b 5730 

  0x00007f78c5a44d74: ;   {poll}
  0x00007f78c5a44d74: 4185 0248 | be48 99d2 | 9278 7f00 | 00ff 8698 | 0d00 0089 | 8c24 6001 | 0000 8b9c | 2470 0100 
  0x00007f78c5a44d94: 00e9 66f9 | ffff 8b8c | 2460 0100 | 008b 5f10 | 48c1 e303 | 4889 9c24 | 8001 0000 | 8b84 2470 
  0x00007f78c5a44db4: 0100 002b | c189 8424 | 7401 0000 

  0x00007f78c5a44dc0: ;   {metadata(method data for {method} {0x00007f7890f76848} 'invokeSuspend$lambda$2' '(Landroidx/compose/runtime/Recomposer;Landroidx/collection/MutableScatterSet;Landroidx/collection/MutableScatterSet;Ljava/util/List;Ljava/util/List;Landroidx/collection/MutableScatterSet;Ljava/util/List;Landroidx/collection/MutableScatterSet;Ljava/util/Set;J)Lkotlin/Unit;' in 'androidx/compose/runtime/Recomposer$runRecomposeAndApplyChanges$2')}
  0x00007f78c5a44dc0: 48be 4899 | d292 787f | 0000 4883 | 86b0 0d00 

  0x00007f78c5a44dd0: ;   {metadata(method data for {method} {0x00007f7890f34620} 'fill' '([Ljava/lang/Object;Ljava/lang/Object;II)V' in 'kotlin/collections/ArraysKt___ArraysJvmKt')}
  0x00007f78c5a44dd0: 0001 48be | 001f 8c92 | 787f 0000 | 8b96 9000 | 0000 83c2 | 0289 9690 | 0000 0081 | e2fe ff1f 
  0x00007f78c5a44df0: 0085 d20f | 84d3 5800 

  0x00007f78c5a44df8: ;   {metadata(method data for {method} {0x00007f7890f34620} 'fill' '([Ljava/lang/Object;Ljava/lang/Object;II)V' in 'kotlin/collections/ArraysKt___ArraysJvmKt')}
  0x00007f78c5a44df8: 0048 be00 | 1f8c 9278 | 7f00 0048 | 8386 d800 

  0x00007f78c5a44e08: ;   {metadata(method data for {method} {0x00007f789051b880} 'checkNotNullParameter' '(Ljava/lang/Object;Ljava/lang/String;)V' in 'kotlin/jvm/internal/Intrinsics')}
  0x00007f78c5a44e08: 0000 0148 | be28 e1ca | 9078 7f00 | 008b 9690 | 0000 0083 | c202 8996 | 9000 0000 | 81e2 feff 
  0x00007f78c5a44e28: 1f00 85d2 | 0f84 bb58 | 0000 4885 

  0x00007f78c5a44e34: ;   {metadata(method data for {method} {0x00007f789051b880} 'checkNotNullParameter' '(Ljava/lang/Object;Ljava/lang/String;)V' in 'kotlin/jvm/internal/Intrinsics')}
  0x00007f78c5a44e34: db48 be28 | e1ca 9078 | 7f00 00ba | e800 0000 | 7405 bad8 | 0000 004c | 8b04 164d | 8d40 014c 
  0x00007f78c5a44e54: 8904 1689 | 8c24 6001 | 0000 0f84 | 2f07 0000 

  0x00007f78c5a44e64: ;   {metadata(method data for {method} {0x00007f7890f34620} 'fill' '([Ljava/lang/Object;Ljava/lang/Object;II)V' in 'kotlin/collections/ArraysKt___ArraysJvmKt')}
  0x00007f78c5a44e64: 48be 001f | 8c92 787f | 0000 4883 | 86e8 0000 | 0001 488b | f348 8bd0 | 8b8c 2470 

  0x00007f78c5a44e80: ;   {oop(nullptr)}
  0x00007f78c5a44e80: 0100 0049 | b800 0000 | 0000 0000 

  0x00007f78c5a44e8c: ;   {static_call}
  0x00007f78c5a44e8c: 0066 90e8 

  0x00007f78c5a44e90: ; ImmutableOopMap {[216]=Oop [224]=Oop [232]=Oop [240]=Oop [248]=Oop [256]=Oop [312]=Oop [360]=Oop [600]=Oop [640]=Oop [648]=Oop [656]=Oop }
                      ;*invokestatic fill {reexecute=0 rethrow=0 return_oop=0}
                      ; - kotlin.collections.ArraysKt___ArraysJvmKt::fill@10 (line 1563)
                      ; - androidx.compose.runtime.Recomposer$runRecomposeAndApplyChanges$2::invokeSuspend$lambda$2@740 (line 1983)
  0x00007f78c5a44e90: ece8 3607 

  0x00007f78c5a44e94: ;   {post_call_nop}
  0x00007f78c5a44e94: 0f1f 8400 | 8c2d 001e | 8b84 2474 | 0100 0048 | 8bbc 2468 | 0100 0048 

  0x00007f78c5a44eac: ;   {metadata(method data for {method} {0x00007f7890f76848} 'invokeSuspend$lambda$2' '(Landroidx/compose/runtime/Recomposer;Landroidx/collection/MutableScatterSet;Landroidx/collection/MutableScatterSet;Ljava/util/List;Ljava/util/List;Landroidx/collection/MutableScatterSet;Ljava/util/List;Landroidx/collection/MutableScatterSet;Ljava/util/Set;J)Lkotlin/Unit;' in 'androidx/compose/runtime/Recomposer$runRecomposeAndApplyChanges$2')}
  0x00007f78c5a44eac: 8bf7 48bb | 4899 d292 | 787f 0000 | 8b76 0848 | 3bb3 c80d | 0000 750d | 4883 83d0 | 0d00 0001 
  0x00007f78c5a44ecc: e960 0000 | 0048 3bb3 | d80d 0000 | 750d 4883 | 83e0 0d00 | 0001 e94a | 0000 0048 | 83bb c80d 
  0x00007f78c5a44eec: 0000 0075 | 1748 89b3 | c80d 0000 | 48c7 83d0 | 0d00 0001 | 0000 00e9 | 2900 0000 | 4883 bbd8 
  0x00007f78c5a44f0c: 0d00 0000 | 7517 4889 | b3d8 0d00 | 0048 c783 | e00d 0000 | 0100 0000 | e908 0000 | 0048 8383 
  0x00007f78c5a44f2c: c00d 0000 | 0189 470c | 488d 8424 | 5002 0000 | 488b 7808 | 418b b7d0 | 0700 0049 | 3b7c 37f8 
  0x00007f78c5a44f4c: 0f85 bc57 | 0000 4183 | afd0 0700 | 0008 493b | 7c37 f00f | 842a 0000 | 0048 8b07 | a802 0f85 
  0x00007f78c5a44f6c: 1200 0000 | 488b f048 | 83ce 01f0 | 480f b137 | 0f84 0d00 | 0000 4183 | 87d0 0700 | 0008 e97f 
  0x00007f78c5a44f8c: ;   {metadata(method data for {method} {0x00007f7890f76848} 'invokeSuspend$lambda$2' '(Landroidx/compose/runtime/Recomposer;Landroidx/collection/MutableScatterSet;Landroidx/collection/MutableScatterSet;Ljava/util/List;Ljava/util/List;Landroidx/collection/MutableScatterSet;Ljava/util/List;Landroidx/collection/MutableScatterSet;Ljava/util/Set;J)Lkotlin/Unit;' in 'androidx/compose/runtime/Recomposer$runRecomposeAndApplyChanges$2')}
  0x00007f78c5a44f8c: 5700 0048 | be48 99d2 | 9278 7f00 | 00ff 86f0 | 0d00 004c | 8b84 24e0 

  0x00007f78c5a44fa4: ;   {metadata(method data for {method} {0x00007f7890f76848} 'invokeSuspend$lambda$2' '(Landroidx/compose/runtime/Recomposer;Landroidx/collection/MutableScatterSet;Landroidx/collection/MutableScatterSet;Ljava/util/List;Ljava/util/List;Landroidx/collection/MutableScatterSet;Ljava/util/List;Landroidx/collection/MutableScatterSet;Ljava/util/Set;J)Lkotlin/Unit;' in 'androidx/compose/runtime/Recomposer$runRecomposeAndApplyChanges$2')}
  0x00007f78c5a44fa4: 0000 0048 | be48 99d2 | 9278 7f00 | 0045 8b40 | 084c 3b86 | 100e 0000 | 750d 4883 | 8618 0e00 
  0x00007f78c5a44fc4: 0001 e960 | 0000 004c | 3b86 200e | 0000 750d | 4883 8628 | 0e00 0001 | e94a 0000 | 0048 83be 
  0x00007f78c5a44fe4: 100e 0000 | 0075 174c | 8986 100e | 0000 48c7 | 8618 0e00 | 0001 0000 | 00e9 2900 | 0000 4883 
  0x00007f78c5a45004: be20 0e00 | 0000 7517 | 4c89 8620 | 0e00 0048 | c786 280e | 0000 0100 | 0000 e908 | 0000 0048 
  0x00007f78c5a45024: 8386 080e | 0000 0148 | 8bb4 24e0 | 0000 0066 | 9048 b8f0 | 55de 6978 

  0x00007f78c5a4503c: ;   {virtual_call}
  0x00007f78c5a4503c: 7f00 00e8 

  0x00007f78c5a45040: ; ImmutableOopMap {[216]=Oop [224]=Oop [232]=Oop [240]=Oop [248]=Oop [256]=Oop [640]=Oop [648]=Oop [656]=Oop }
                      ;*invokeinterface isEmpty {reexecute=0 rethrow=0 return_oop=0}
                      ; - androidx.compose.runtime.Recomposer$runRecomposeAndApplyChanges$2::invokeSuspend$lambda$2@779 (line 700)
  0x00007f78c5a45040: becf 3307 

  0x00007f78c5a45044: ;   {post_call_nop}
  0x00007f78c5a45044: 0f1f 8400 | 3c2f 001f | 85c0 be02 | 0000 0074 | 05be 0000 

  0x00007f78c5a45058: ;   {metadata(method data for {method} {0x00007f7890f76848} 'invokeSuspend$lambda$2' '(Landroidx/compose/runtime/Recomposer;Landroidx/collection/MutableScatterSet;Landroidx/collection/MutableScatterSet;Ljava/util/List;Ljava/util/List;Landroidx/collection/MutableScatterSet;Ljava/util/List;Landroidx/collection/MutableScatterSet;Ljava/util/Set;J)Lkotlin/Unit;' in 'androidx/compose/runtime/Recomposer$runRecomposeAndApplyChanges$2')}
  0x00007f78c5a45058: 0000 48ba | 4899 d292 | 787f 0000 | 8bba 9400 | 0000 03fe | 89ba 9400 | 0000 85f6 | 7505 bf02 
  0x00007f78c5a45078: 0000 0081 | e7fe 3f00 | 0085 ff0f | 849b 5600 | 004d 8b57 

  0x00007f78c5a4508c: ; ImmutableOopMap {[216]=Oop [224]=Oop [232]=Oop [240]=Oop [248]=Oop [256]=Oop [640]=Oop [648]=Oop [656]=Oop }
                      ;*ifeq {reexecute=1 rethrow=0 return_oop=0}
                      ; - (reexecute) androidx.compose.runtime.Recomposer$runRecomposeAndApplyChanges$2::invokeSuspend$lambda$2@784 (line 700)
                      ;   {poll}
  0x00007f78c5a4508c: 3041 8502 

  0x00007f78c5a45090: ;   {metadata(method data for {method} {0x00007f7890f76848} 'invokeSuspend$lambda$2' '(Landroidx/compose/runtime/Recomposer;Landroidx/collection/MutableScatterSet;Landroidx/collection/MutableScatterSet;Ljava/util/List;Ljava/util/List;Landroidx/collection/MutableScatterSet;Ljava/util/List;Landroidx/collection/MutableScatterSet;Ljava/util/Set;J)Lkotlin/Unit;' in 'androidx/compose/runtime/Recomposer$runRecomposeAndApplyChanges$2')}
  0x00007f78c5a45090: 85c0 48be | 4899 d292 | 787f 0000 | ba38 0e00 | 0074 05ba | 480e 0000 | 488b 3c16 | 488d 7f01 
  0x00007f78c5a450b0: 4889 3c16 | 0f84 9ee0 

  0x00007f78c5a450b8: ;   {metadata(method data for {method} {0x00007f7890f76848} 'invokeSuspend$lambda$2' '(Landroidx/compose/runtime/Recomposer;Landroidx/collection/MutableScatterSet;Landroidx/collection/MutableScatterSet;Ljava/util/List;Ljava/util/List;Landroidx/collection/MutableScatterSet;Ljava/util/List;Landroidx/collection/MutableScatterSet;Ljava/util/Set;J)Lkotlin/Unit;' in 'androidx/compose/runtime/Recomposer$runRecomposeAndApplyChanges$2')}
  0x00007f78c5a450b8: ffff 48be | 4899 d292 | 787f 0000 | 4883 8658 | 0e00 0001 | 488b b424 | f800 0000 | 488b 9424 
  0x00007f78c5a450d8: d800 0000 

  0x00007f78c5a450dc: ;   {static_call}
  0x00007f78c5a450dc: 6666 90e8 

  0x00007f78c5a450e0: ; ImmutableOopMap {[216]=Oop [224]=Oop [232]=Oop [240]=Oop [248]=Oop [256]=Oop [640]=Oop [648]=Oop [656]=Oop }
                      ;*invokestatic invokeSuspend$fillToInsert {reexecute=0 rethrow=0 return_oop=0}
                      ; - androidx.compose.runtime.Recomposer$runRecomposeAndApplyChanges$2::invokeSuspend$lambda$2@791 (line 702)
  0x00007f78c5a450e0: 8d62 0000 

  0x00007f78c5a450e4: ;   {post_call_nop}
  0x00007f78c5a450e4: 0f1f 8400 | dc2f 0021 | e9f1 0200 | 000f 1f80 | 0000 0000 

  0x00007f78c5a450f8: ;   {metadata(method data for {method} {0x00007f7890f76848} 'invokeSuspend$lambda$2' '(Landroidx/compose/runtime/Recomposer;Landroidx/collection/MutableScatterSet;Landroidx/collection/MutableScatterSet;Ljava/util/List;Ljava/util/List;Landroidx/collection/MutableScatterSet;Ljava/util/List;Landroidx/collection/MutableScatterSet;Ljava/util/Set;J)Lkotlin/Unit;' in 'androidx/compose/runtime/Recomposer$runRecomposeAndApplyChanges$2')}
  0x00007f78c5a450f8: 48ba 4899 | d292 787f | 0000 ff82 | e80e 0000 | ba01 0000 | 00e9 0500 | 0000 ba00 | 0000 0085 
  0x00007f78c5a45118: d2b9 0200 | 0000 7405 | b900 0000 

  0x00007f78c5a45124: ;   {metadata(method data for {method} {0x00007f7890f76848} 'invokeSuspend$lambda$2' '(Landroidx/compose/runtime/Recomposer;Landroidx/collection/MutableScatterSet;Landroidx/collection/MutableScatterSet;Ljava/util/List;Ljava/util/List;Landroidx/collection/MutableScatterSet;Ljava/util/List;Landroidx/collection/MutableScatterSet;Ljava/util/Set;J)Lkotlin/Unit;' in 'androidx/compose/runtime/Recomposer$runRecomposeAndApplyChanges$2')}
  0x00007f78c5a45124: 0048 be48 | 99d2 9278 | 7f00 008b | be94 0000 | 0003 f989 | be94 0000 | 0085 c975 | 05bf 0200 
  0x00007f78c5a45144: 0000 81e7 | fe3f 0000 | 85ff 0f84 | f155 0000 

  0x00007f78c5a45154: ; ImmutableOopMap {[216]=Oop [224]=Oop [232]=Oop [240]=Oop [248]=Oop [256]=Oop [640]=Oop [648]=Oop [656]=Oop }
                      ;*ifeq {reexecute=1 rethrow=0 return_oop=0}
                      ; - (reexecute) androidx.compose.runtime.Recomposer$runRecomposeAndApplyChanges$2::invokeSuspend$lambda$2@812 (line 703)
  0x00007f78c5a45154: 4d8b 5730 

  0x00007f78c5a45158: ;   {poll}
  0x00007f78c5a45158: 4185 0285 

  0x00007f78c5a4515c: ;   {metadata(method data for {method} {0x00007f7890f76848} 'invokeSuspend$lambda$2' '(Landroidx/compose/runtime/Recomposer;Landroidx/collection/MutableScatterSet;Landroidx/collection/MutableScatterSet;Ljava/util/List;Ljava/util/List;Landroidx/collection/MutableScatterSet;Ljava/util/List;Landroidx/collection/MutableScatterSet;Ljava/util/Set;J)Lkotlin/Unit;' in 'androidx/compose/runtime/Recomposer$runRecomposeAndApplyChanges$2')}
  0x00007f78c5a4515c: d248 ba48 | 99d2 9278 | 7f00 00b9 | 000f 0000 | 7405 b910 | 0f00 0048 | 8b34 0a48 | 8d76 0148 
  0x00007f78c5a4517c: 8934 0a0f | 84d3 dfff 

  0x00007f78c5a45184: ;   {metadata(method data for {method} {0x00007f7890f76848} 'invokeSuspend$lambda$2' '(Landroidx/compose/runtime/Recomposer;Landroidx/collection/MutableScatterSet;Landroidx/collection/MutableScatterSet;Ljava/util/List;Ljava/util/List;Landroidx/collection/MutableScatterSet;Ljava/util/List;Landroidx/collection/MutableScatterSet;Ljava/util/Set;J)Lkotlin/Unit;' in 'androidx/compose/runtime/Recomposer$runRecomposeAndApplyChanges$2')}
  0x00007f78c5a45184: ff48 ba48 | 99d2 9278 | 7f00 0048 | 8382 200f 

  0x00007f78c5a45194: ;   {metadata(method data for {method} {0x00007f7890e281a0} 'access$performInsertValues' '(Landroidx/compose/runtime/Recomposer;Ljava/util/List;Landroidx/collection/MutableScatterSet;)Ljava/util/List;' in 'androidx/compose/runtime/Recomposer')}
  0x00007f78c5a45194: 0000 0148 | baf0 f3d2 | 9278 7f00 | 008b 8a90 | 0000 0083 | c102 898a | 9000 0000 | 81e1 feff 
  0x00007f78c5a451b4: 1f00 85c9 | 0f84 a855 | 0000 488b | b424 d800 

  0x00007f78c5a451c4: ;   {metadata(method data for {method} {0x00007f7890e281a0} 'access$performInsertValues' '(Landroidx/compose/runtime/Recomposer;Ljava/util/List;Landroidx/collection/MutableScatterSet;)Ljava/util/List;' in 'androidx/compose/runtime/Recomposer')}
  0x00007f78c5a451c4: 0000 48ba | f0f3 d292 | 787f 0000 | 4883 82d8 | 0000 0001 | 488b 9424 | f800 0000 | 488b 8c24 
  0x00007f78c5a451e4: e800 0000 | 488b b424 | d800 0000 | 0f1f 8000 

  0x00007f78c5a451f4: ;   {optimized virtual_call}
  0x00007f78c5a451f4: 0000 00e8 

  0x00007f78c5a451f8: ; ImmutableOopMap {[216]=Oop [224]=Oop [232]=Oop [240]=Oop [248]=Oop [256]=Oop [640]=Oop [648]=Oop [656]=Oop }
                      ;*invokespecial performInsertValues {reexecute=0 rethrow=0 return_oop=0}
                      ; - androidx.compose.runtime.Recomposer::access$performInsertValues@3 (line 191)
                      ; - androidx.compose.runtime.Recomposer$runRecomposeAndApplyChanges$2::invokeSuspend$lambda$2@821 (line 704)
  0x00007f78c5a451f8: e488 a606 

  0x00007f78c5a451fc: ;   {post_call_nop}
  0x00007f78c5a451fc: 0f1f 8400 | f430 0023 

  0x00007f78c5a45204: ;   {metadata(method data for {method} {0x00007f7890f76848} 'invokeSuspend$lambda$2' '(Landroidx/compose/runtime/Recomposer;Landroidx/collection/MutableScatterSet;Landroidx/collection/MutableScatterSet;Ljava/util/List;Ljava/util/List;Landroidx/collection/MutableScatterSet;Ljava/util/List;Landroidx/collection/MutableScatterSet;Ljava/util/Set;J)Lkotlin/Unit;' in 'androidx/compose/runtime/Recomposer$runRecomposeAndApplyChanges$2')}
  0x00007f78c5a45204: 4885 c048 | bb48 99d2 | 9278 7f00 | 0075 0c80 | 8b29 0f00 | 0001 e9af | 0000 008b | 7808 483b 
  0x00007f78c5a45224: bb38 0f00 | 0075 0d48 | 8383 400f | 0000 01e9 | 6000 0000 | 483b bb48 | 0f00 0075 | 0d48 8383 
  0x00007f78c5a45244: 500f 0000 | 01e9 4a00 | 0000 4883 | bb38 0f00 | 0000 7517 | 4889 bb38 | 0f00 0048 | c783 400f 
  0x00007f78c5a45264: 0000 0100 | 0000 e929 | 0000 0048 | 83bb 480f | 0000 0075 | 1748 89bb | 480f 0000 | 48c7 8350 
  0x00007f78c5a45284: 0f00 0001 | 0000 00e9 | 0800 0000 | 4883 8330 | 0f00 0001 

  0x00007f78c5a45298: ;   {metadata('java/lang/Iterable')}
  0x00007f78c5a45298: 48bf 705c | 0121 0000 | 0000 8b58 | 0848 3b7b | 200f 841f | 0000 0048 | 3bdf 0f84 | 1600 0000 
  0x00007f78c5a452b8: ;   {runtime_call C1 Runtime slow_subtype_check_blob}
  0x00007f78c5a452b8: 5357 e821 | e7b3 065b | 5b85 db0f | 84be 5400 | 00e9 0000 | 0000 488b | d048 8bbc | 2400 0100 
  0x00007f78c5a452d8: 0048 3b07 

  0x00007f78c5a452dc: ;   {metadata(method data for {method} {0x00007f7890f76848} 'invokeSuspend$lambda$2' '(Landroidx/compose/runtime/Recomposer;Landroidx/collection/MutableScatterSet;Landroidx/collection/MutableScatterSet;Ljava/util/List;Ljava/util/List;Landroidx/collection/MutableScatterSet;Ljava/util/List;Landroidx/collection/MutableScatterSet;Ljava/util/Set;J)Lkotlin/Unit;' in 'androidx/compose/runtime/Recomposer$runRecomposeAndApplyChanges$2')}
  0x00007f78c5a452dc: 488b f748 | bb48 99d2 | 9278 7f00 | 008b 7608 | 483b b368 | 0f00 0075 | 0d48 8383 | 700f 0000 
  0x00007f78c5a452fc: 01e9 6000 | 0000 483b | b378 0f00 | 0075 0d48 | 8383 800f | 0000 01e9 | 4a00 0000 | 4883 bb68 
  0x00007f78c5a4531c: 0f00 0000 | 7517 4889 | b368 0f00 | 0048 c783 | 700f 0000 | 0100 0000 | e929 0000 | 0048 83bb 
  0x00007f78c5a4533c: 780f 0000 | 0075 1748 | 89b3 780f | 0000 48c7 | 8380 0f00 | 0001 0000 | 00e9 0800 | 0000 4883 
  0x00007f78c5a4535c: 8360 0f00 | 0001 488b 

  0x00007f78c5a45364: ;   {optimized virtual_call}
  0x00007f78c5a45364: f766 90e8 

  0x00007f78c5a45368: ; ImmutableOopMap {[216]=Oop [224]=Oop [232]=Oop [240]=Oop [248]=Oop [256]=Oop [640]=Oop [648]=Oop [656]=Oop }
                      ;*invokevirtual plusAssign {reexecute=0 rethrow=0 return_oop=0}
                      ; - androidx.compose.runtime.Recomposer$runRecomposeAndApplyChanges$2::invokeSuspend$lambda$2@827 (line 704)
  0x00007f78c5a45368: 7487 a606 

  0x00007f78c5a4536c: ;   {post_call_nop}
  0x00007f78c5a4536c: 0f1f 8400 | 6432 0024 

  0x00007f78c5a45374: ;   {metadata(method data for {method} {0x00007f7890f76848} 'invokeSuspend$lambda$2' '(Landroidx/compose/runtime/Recomposer;Landroidx/collection/MutableScatterSet;Landroidx/collection/MutableScatterSet;Ljava/util/List;Ljava/util/List;Landroidx/collection/MutableScatterSet;Ljava/util/List;Landroidx/collection/MutableScatterSet;Ljava/util/Set;J)Lkotlin/Unit;' in 'androidx/compose/runtime/Recomposer$runRecomposeAndApplyChanges$2')}
  0x00007f78c5a45374: 48be 4899 | d292 787f | 0000 4883 | 8690 0f00 | 0001 488b | b424 f800 | 0000 488b | 9424 d800 
  0x00007f78c5a45394: ;   {static_call}
  0x00007f78c5a45394: 0000 90e8 

  0x00007f78c5a45398: ; ImmutableOopMap {[216]=Oop [224]=Oop [232]=Oop [240]=Oop [248]=Oop [256]=Oop [640]=Oop [648]=Oop [656]=Oop }
                      ;*invokestatic invokeSuspend$fillToInsert {reexecute=0 rethrow=0 return_oop=0}
                      ; - androidx.compose.runtime.Recomposer$runRecomposeAndApplyChanges$2::invokeSuspend$lambda$2@833 (line 705)
  0x00007f78c5a45398: 4491 a606 

  0x00007f78c5a4539c: ;   {post_call_nop}
  0x00007f78c5a4539c: 0f1f 8400 | 9432 0025 

  0x00007f78c5a453a4: ;   {metadata(method data for {method} {0x00007f7890f76848} 'invokeSuspend$lambda$2' '(Landroidx/compose/runtime/Recomposer;Landroidx/collection/MutableScatterSet;Landroidx/collection/MutableScatterSet;Ljava/util/List;Ljava/util/List;Landroidx/collection/MutableScatterSet;Ljava/util/List;Landroidx/collection/MutableScatterSet;Ljava/util/Set;J)Lkotlin/Unit;' in 'androidx/compose/runtime/Recomposer$runRecomposeAndApplyChanges$2')}
  0x00007f78c5a453a4: 48ba 4899 | d292 787f | 0000 8bb2 | 9400 0000 | 83c6 0289 | b294 0000 | 0081 e6fe | 3f00 0085 
  0x00007f78c5a453c4: f60f 84ca | 5300 004d 

  0x00007f78c5a453cc: ; ImmutableOopMap {[216]=Oop [224]=Oop [232]=Oop [240]=Oop [248]=Oop [256]=Oop [640]=Oop [648]=Oop [656]=Oop }
                      ;*goto {reexecute=1 rethrow=0 return_oop=0}
                      ; - (reexecute) androidx.compose.runtime.Recomposer$runRecomposeAndApplyChanges$2::invokeSuspend$lambda$2@836 (line 705)
                      ;   {poll}
  0x00007f78c5a453cc: 8b57 3041 

  0x00007f78c5a453d0: ;   {metadata(method data for {method} {0x00007f7890f76848} 'invokeSuspend$lambda$2' '(Landroidx/compose/runtime/Recomposer;Landroidx/collection/MutableScatterSet;Landroidx/collection/MutableScatterSet;Ljava/util/List;Ljava/util/List;Landroidx/collection/MutableScatterSet;Ljava/util/List;Landroidx/collection/MutableScatterSet;Ljava/util/Set;J)Lkotlin/Unit;' in 'androidx/compose/runtime/Recomposer$runRecomposeAndApplyChanges$2')}
  0x00007f78c5a453d0: 8502 48ba | 4899 d292 | 787f 0000 | ff82 a00f | 0000 4c8b | 8c24 f800 | 0000 4d85 

  0x00007f78c5a453ec: ;   {metadata(method data for {method} {0x00007f7890f76848} 'invokeSuspend$lambda$2' '(Landroidx/compose/runtime/Recomposer;Landroidx/collection/MutableScatterSet;Landroidx/collection/MutableScatterSet;Ljava/util/List;Ljava/util/List;Landroidx/collection/MutableScatterSet;Ljava/util/List;Landroidx/collection/MutableScatterSet;Ljava/util/Set;J)Lkotlin/Unit;' in 'androidx/compose/runtime/Recomposer$runRecomposeAndApplyChanges$2')}
  0x00007f78c5a453ec: c949 b848 | 99d2 9278 | 7f00 0075 | 0d41 8088 | 610e 0000 | 01e9 b500 | 0000 418b | 4908 493b 
  0x00007f78c5a4540c: 8870 0e00 | 0075 0d49 | 8380 780e | 0000 01e9 | 6000 0000 | 493b 8880 | 0e00 0075 | 0d49 8380 
  0x00007f78c5a4542c: 880e 0000 | 01e9 4a00 | 0000 4983 | b870 0e00 | 0000 7517 | 4989 8870 | 0e00 0049 | c780 780e 
  0x00007f78c5a4544c: 0000 0100 | 0000 e929 | 0000 0049 | 83b8 800e | 0000 0075 | 1749 8988 | 800e 0000 | 49c7 8088 
  0x00007f78c5a4546c: 0e00 0001 | 0000 00e9 | 0800 0000 | 4983 8068 | 0e00 0001 

  0x00007f78c5a45480: ;   {metadata('java/util/Collection')}
  0x00007f78c5a45480: 48b9 b05e | 0121 0000 | 0000 458b | 4108 493b | 4820 0f84 | 2300 0000 | 4c3b c10f | 841a 0000 
  0x00007f78c5a454a0: 0041 5051 

  0x00007f78c5a454a4: ;   {runtime_call C1 Runtime slow_subtype_check_blob}
  0x00007f78c5a454a4: e837 e5b3 | 0641 5841 | 5845 85c0 | 0f84 0053 | 0000 e900 | 0000 0049 | 8bd9 483b | 0348 8bc3 
  0x00007f78c5a454c4: ;   {metadata(method data for {method} {0x00007f7890f76848} 'invokeSuspend$lambda$2' '(Landroidx/compose/runtime/Recomposer;Landroidx/collection/MutableScatterSet;Landroidx/collection/MutableScatterSet;Ljava/util/List;Ljava/util/List;Landroidx/collection/MutableScatterSet;Ljava/util/List;Landroidx/collection/MutableScatterSet;Ljava/util/Set;J)Lkotlin/Unit;' in 'androidx/compose/runtime/Recomposer$runRecomposeAndApplyChanges$2')}
  0x00007f78c5a454c4: 48b9 4899 | d292 787f | 0000 8b40 | 0848 3b81 | a00e 0000 | 750d 4883 | 81a8 0e00 | 0001 e960 
  0x00007f78c5a454e4: 0000 0048 | 3b81 b00e | 0000 750d | 4883 81b8 | 0e00 0001 | e94a 0000 | 0048 83b9 | a00e 0000 
  0x00007f78c5a45504: 0075 1748 | 8981 a00e | 0000 48c7 | 81a8 0e00 | 0001 0000 | 00e9 2900 | 0000 4883 | b9b0 0e00 
  0x00007f78c5a45524: 0000 7517 | 4889 81b0 | 0e00 0048 | c781 b80e | 0000 0100 | 0000 e908 | 0000 0048 | 8381 980e 
  0x00007f78c5a45544: 0000 0148 | 8bf3 6666 | 9048 b818 | 56de 6978 

  0x00007f78c5a45554: ;   {virtual_call}
  0x00007f78c5a45554: 7f00 00e8 

  0x00007f78c5a45558: ; ImmutableOopMap {[216]=Oop [224]=Oop [232]=Oop [240]=Oop [248]=Oop [256]=Oop [640]=Oop [648]=Oop [656]=Oop }
                      ;*invokeinterface isEmpty {reexecute=0 rethrow=0 return_oop=0}
                      ; - androidx.compose.runtime.Recomposer$runRecomposeAndApplyChanges$2::invokeSuspend$lambda$2@799 (line 703)
  0x00007f78c5a45558: a6ca 3307 

  0x00007f78c5a4555c: ;   {post_call_nop}
  0x00007f78c5a4555c: 0f1f 8400 | 5434 0027 

  0x00007f78c5a45564: ;   {metadata(method data for {method} {0x00007f7890f76848} 'invokeSuspend$lambda$2' '(Landroidx/compose/runtime/Recomposer;Landroidx/collection/MutableScatterSet;Landroidx/collection/MutableScatterSet;Ljava/util/List;Ljava/util/List;Landroidx/collection/MutableScatterSet;Ljava/util/List;Landroidx/collection/MutableScatterSet;Ljava/util/Set;J)Lkotlin/Unit;' in 'androidx/compose/runtime/Recomposer$runRecomposeAndApplyChanges$2')}
  0x00007f78c5a45564: 85c0 48ba | 4899 d292 | 787f 0000 | b9c8 0e00 | 0075 05b9 | d80e 0000 | 488b 340a | 488d 7601 
  0x00007f78c5a45584: 4889 340a | 0f85 84fb | ffff e965 

  0x00007f78c5a45590: ;   {metadata(method data for {method} {0x00007f789051b880} 'checkNotNullParameter' '(Ljava/lang/Object;Ljava/lang/String;)V' in 'kotlin/jvm/internal/Intrinsics')}
  0x00007f78c5a45590: fbff ff48 | ba28 e1ca | 9078 7f00 | 0048 8382 | f800 0000 

  0x00007f78c5a455a4: ;   {metadata(method data for {method} {0x00007f789051ba30} 'throwParameterIsNullNPE' '(Ljava/lang/String;)V' in 'kotlin/jvm/internal/Intrinsics')}
  0x00007f78c5a455a4: 0148 ba78 | e2ca 9078 | 7f00 008b | b290 0000 | 0083 c602 | 89b2 9000 | 0000 81e6 | feff 1f00 
  0x00007f78c5a455c4: 85f6 0f84 | f851 0000 | 0f1f 4000 

  0x00007f78c5a455d0: ;   {other}
  0x00007f78c5a455d0: e91f 5200 | 0000 0000 | 0000 498b | 87c8 0100 | 0048 8d78 | 3049 3bbf | d801 0000 | 0f87 0c52 
  0x00007f78c5a455f0: 0000 4989 | bfc8 0100 | 0048 c700 | 0100 0000 | 488b ca89 | 4808 4833 | c989 480c | 4833 c948 
  0x00007f78c5a45610: 8948 1048 | 8948 1848 | 8948 2048 

  0x00007f78c5a4561c: ;   {metadata(method data for {method} {0x00007f789051ba30} 'throwParameterIsNullNPE' '(Ljava/lang/String;)V' in 'kotlin/jvm/internal/Intrinsics')}
  0x00007f78c5a4561c: 8948 2848 | be78 e2ca | 9078 7f00 | 0048 8386 | d800 0000 

  0x00007f78c5a45630: ;   {oop("<this>"{0x0000000421516cc8})}
  0x00007f78c5a45630: 0148 bec8 | 6c51 2104 | 0000 0048 | 8984 2478 | 0100 000f 

  0x00007f78c5a45644: ;   {static_call}
  0x00007f78c5a45644: 1f40 00e8 

  0x00007f78c5a45648: ; ImmutableOopMap {[216]=Oop [224]=Oop [232]=Oop [240]=Oop [248]=Oop [256]=Oop [312]=Oop [360]=Oop [376]=Oop [384]=Oop [600]=Oop [640]=Oop [648]=Oop [656]=Oop }
                      ;*invokestatic createParameterIsNullExceptionMessage {reexecute=0 rethrow=0 return_oop=0}
                      ; - kotlin.jvm.internal.Intrinsics::throwParameterIsNullNPE@5 (line 140)
                      ; - kotlin.jvm.internal.Intrinsics::checkNotNullParameter@5 (line 131)
                      ; - kotlin.collections.ArraysKt___ArraysJvmKt::fill@3
                      ; - androidx.compose.runtime.Recomposer$runRecomposeAndApplyChanges$2::invokeSuspend$lambda$2@740 (line 1983)
  0x00007f78c5a45648: 948e a606 

  0x00007f78c5a4564c: ;   {post_call_nop}
  0x00007f78c5a4564c: 0f1f 8400 | 4435 0028 | 488b 9424 | 7801 0000 

  0x00007f78c5a4565c: ;   {metadata(method data for {method} {0x00007f789051ba30} 'throwParameterIsNullNPE' '(Ljava/lang/String;)V' in 'kotlin/jvm/internal/Intrinsics')}
  0x00007f78c5a4565c: 48be 78e2 | ca90 787f | 0000 4883 | 86e8 0000 | 0001 488b | d048 8bb4 | 2478 0100 | 0066 0f1f 
  0x00007f78c5a4567c: ;   {optimized virtual_call}
  0x00007f78c5a4567c: 4400 00e8 

  0x00007f78c5a45680: ; ImmutableOopMap {[216]=Oop [224]=Oop [232]=Oop [240]=Oop [248]=Oop [256]=Oop [312]=Oop [360]=Oop [376]=Oop [384]=Oop [600]=Oop [640]=Oop [648]=Oop [656]=Oop }
                      ;*invokespecial <init> {reexecute=0 rethrow=0 return_oop=0}
                      ; - kotlin.jvm.internal.Intrinsics::throwParameterIsNullNPE@8 (line 140)
                      ; - kotlin.jvm.internal.Intrinsics::checkNotNullParameter@5 (line 131)
                      ; - kotlin.collections.ArraysKt___ArraysJvmKt::fill@3
                      ; - androidx.compose.runtime.Recomposer$runRecomposeAndApplyChanges$2::invokeSuspend$lambda$2@740 (line 1983)
  0x00007f78c5a45680: 5c84 a606 

  0x00007f78c5a45684: ;   {post_call_nop}
  0x00007f78c5a45684: 0f1f 8400 | 7c35 0029 

  0x00007f78c5a4568c: ;   {metadata(method data for {method} {0x00007f789051ba30} 'throwParameterIsNullNPE' '(Ljava/lang/String;)V' in 'kotlin/jvm/internal/Intrinsics')}
  0x00007f78c5a4568c: 48be 78e2 | ca90 787f | 0000 4883 | 86f8 0000 

  0x00007f78c5a4569c: ;   {metadata(method data for {method} {0x00007f789051cc70} 'sanitizeStackTrace' '(Ljava/lang/Throwable;)Ljava/lang/Throwable;' in 'kotlin/jvm/internal/Intrinsics')}
  0x00007f78c5a4569c: 0001 48be | 68e8 ca90 | 787f 0000 | 8bbe 9000 | 0000 83c7 | 0289 be90 | 0000 0081 | e7fe ff1f 
  0x00007f78c5a456bc: 0085 ff0f | 8446 5100 

  0x00007f78c5a456c4: ;   {oop(a 'java/lang/Class'{0x0000000421173878} = 'kotlin/jvm/internal/Intrinsics')}
  0x00007f78c5a456c4: 0048 be78 | 3817 2104 | 0000 0048 

  0x00007f78c5a456d0: ;   {metadata(method data for {method} {0x00007f789051cc70} 'sanitizeStackTrace' '(Ljava/lang/Throwable;)Ljava/lang/Throwable;' in 'kotlin/jvm/internal/Intrinsics')}
  0x00007f78c5a456d0: 8bfe 48bb | 68e8 ca90 | 787f 0000 | 8b7f 0848 | 3bbb e000 | 0000 750d | 4883 83e8 | 0000 0001 
  0x00007f78c5a456f0: e960 0000 | 0048 3bbb | f000 0000 | 750d 4883 | 83f8 0000 | 0001 e94a | 0000 0048 | 83bb e000 
  0x00007f78c5a45710: 0000 0075 | 1748 89bb | e000 0000 | 48c7 83e8 | 0000 0001 | 0000 00e9 | 2900 0000 | 4883 bbf0 
  0x00007f78c5a45730: 0000 0000 | 7517 4889 | bbf0 0000 | 0048 c783 | f800 0000 | 0100 0000 | e908 0000 | 0048 8383 
  0x00007f78c5a45750: d800 0000 

  0x00007f78c5a45754: ;   {metadata(method data for {method} {0x00007f78900180d8} 'getName' '()Ljava/lang/String;' in 'java/lang/Class')}
  0x00007f78c5a45754: 0148 bf50 | fe57 9078 | 7f00 008b | 9f90 0000 | 0083 c302 | 899f 9000 | 0000 81e3 | feff 1f00 
  0x00007f78c5a45774: 85db 0f84 | b050 0000 | 8b76 3048 | c1e6 0348 

  0x00007f78c5a45784: ;   {metadata(method data for {method} {0x00007f78900180d8} 'getName' '()Ljava/lang/String;' in 'java/lang/Class')}
  0x00007f78c5a45784: 85f6 48bf | 50fe 5790 | 787f 0000 | bbd8 0000 | 0074 05bb | e800 0000 | 488b 041f | 488d 4001 
  0x00007f78c5a457a4: 4889 041f | 0f84 1800 

  0x00007f78c5a457ac: ;   {metadata(method data for {method} {0x00007f78900180d8} 'getName' '()Ljava/lang/String;' in 'java/lang/Class')}
  0x00007f78c5a457ac: 0000 48bf | 50fe 5790 | 787f 0000 | ff87 f800 | 0000 488b | fee9 3100 

  0x00007f78c5a457c4: ;   {oop(a 'java/lang/Class'{0x0000000421173878} = 'kotlin/jvm/internal/Intrinsics')}
  0x00007f78c5a457c4: 0000 48be | 7838 1721 | 0400 0000 

  0x00007f78c5a457d0: ;   {metadata(method data for {method} {0x00007f78900180d8} 'getName' '()Ljava/lang/String;' in 'java/lang/Class')}
  0x00007f78c5a457d0: 488b fe48 | bb50 fe57 | 9078 7f00 | 0048 8383 | 1001 0000 

  0x00007f78c5a457e4: ;   {optimized virtual_call}
  0x00007f78c5a457e4: 0166 90e8 

  0x00007f78c5a457e8: ; ImmutableOopMap {[216]=Oop [224]=Oop [232]=Oop [240]=Oop [248]=Oop [256]=Oop [312]=Oop [360]=Oop [376]=Oop [384]=Oop [600]=Oop [640]=Oop [648]=Oop [656]=Oop }
                      ;*invokevirtual initClassName {reexecute=0 rethrow=0 return_oop=0}
                      ; - java.lang.Class::getName@14
                      ; - kotlin.jvm.internal.Intrinsics::sanitizeStackTrace@3 (line 253)
                      ; - kotlin.jvm.internal.Intrinsics::throwParameterIsNullNPE@11 (line 140)
                      ; - kotlin.jvm.internal.Intrinsics::checkNotNullParameter@5 (line 131)
                      ; - kotlin.collections.ArraysKt___ArraysJvmKt::fill@3
                      ; - androidx.compose.runtime.Recomposer$runRecomposeAndApplyChanges$2::invokeSuspend$lambda$2@740 (line 1983)
  0x00007f78c5a457e8: f482 a606 

  0x00007f78c5a457ec: ;   {post_call_nop}
  0x00007f78c5a457ec: 0f1f 8400 | e436 002a | 488b f848 | 8b84 2478 | 0100 00e9 | b83f 0000 

  0x00007f78c5a45804: ;   {oop(a 'androidx/compose/runtime/snapshots/Snapshot$Companion'{0x0000000421145890})}
  0x00007f78c5a45804: 48be 9058 | 1421 0400 

  0x00007f78c5a4580c: ;   {metadata(method data for {method} {0x00007f7890f76848} 'invokeSuspend$lambda$2' '(Landroidx/compose/runtime/Recomposer;Landroidx/collection/MutableScatterSet;Landroidx/collection/MutableScatterSet;Ljava/util/List;Ljava/util/List;Landroidx/collection/MutableScatterSet;Ljava/util/List;Landroidx/collection/MutableScatterSet;Ljava/util/Set;J)Lkotlin/Unit;' in 'androidx/compose/runtime/Recomposer$runRecomposeAndApplyChanges$2')}
  0x00007f78c5a4580c: 0000 48bf | 4899 d292 | 787f 0000 | 8b76 0848 | 3bb7 1010 | 0000 750d | 4883 8718 | 1000 0001 
  0x00007f78c5a4582c: e960 0000 | 0048 3bb7 | 2010 0000 | 750d 4883 | 8728 1000 | 0001 e94a | 0000 0048 | 83bf 1010 
  0x00007f78c5a4584c: 0000 0075 | 1748 89b7 | 1010 0000 | 48c7 8718 | 1000 0001 | 0000 00e9 | 2900 0000 | 4883 bf20 
  0x00007f78c5a4586c: 1000 0000 | 7517 4889 | b720 1000 | 0048 c787 | 2810 0000 | 0100 0000 | e908 0000 | 0048 8387 
  0x00007f78c5a4588c: 0810 0000 

  0x00007f78c5a45890: ;   {metadata(method data for {method} {0x00007f7890cec178} 'getCurrent' '()Landroidx/compose/runtime/snapshots/Snapshot;' in 'androidx/compose/runtime/snapshots/Snapshot$Companion')}
  0x00007f78c5a45890: 0148 be68 | c366 9278 | 7f00 008b | be90 0000 | 0083 c702 | 89be 9000 | 0000 81e7 | feff 1f00 
  0x00007f78c5a458b0: 85ff 0f84 | 954f 0000 

  0x00007f78c5a458b8: ;   {metadata(method data for {method} {0x00007f7890cec178} 'getCurrent' '()Landroidx/compose/runtime/snapshots/Snapshot;' in 'androidx/compose/runtime/snapshots/Snapshot$Companion')}
  0x00007f78c5a458b8: 48be 68c3 | 6692 787f | 0000 4883 | 86d8 0000 

  0x00007f78c5a458c8: ;   {metadata(method data for {method} {0x00007f7890cf2050} 'currentSnapshot' '()Landroidx/compose/runtime/snapshots/Snapshot;' in 'androidx/compose/runtime/snapshots/SnapshotKt')}
  0x00007f78c5a458c8: 0001 48be | 2846 4692 | 787f 0000 | 8bbe 9000 | 0000 83c7 | 0289 be90 | 0000 0081 | e7fe ff1f 
  0x00007f78c5a458e8: 0085 ff0f | 847d 4f00 

  0x00007f78c5a458f0: ;   {oop(a 'androidx/compose/runtime/internal/SnapshotThreadLocal'{0x00000004214f8a00})}
  0x00007f78c5a458f0: 0048 be00 | 8a4f 2104 | 0000 0048 

  0x00007f78c5a458fc: ;   {metadata(method data for {method} {0x00007f7890cf2050} 'currentSnapshot' '()Landroidx/compose/runtime/snapshots/Snapshot;' in 'androidx/compose/runtime/snapshots/SnapshotKt')}
  0x00007f78c5a458fc: 8bfe 48bb | 2846 4692 | 787f 0000 | 8b7f 0848 | 3bbb e000 | 0000 750d | 4883 83e8 | 0000 0001 
  0x00007f78c5a4591c: e960 0000 | 0048 3bbb | f000 0000 | 750d 4883 | 83f8 0000 | 0001 e94a | 0000 0048 | 83bb e000 
  0x00007f78c5a4593c: 0000 0075 | 1748 89bb | e000 0000 | 48c7 83e8 | 0000 0001 | 0000 00e9 | 2900 0000 | 4883 bbf0 
  0x00007f78c5a4595c: 0000 0000 | 7517 4889 | bbf0 0000 | 0048 c783 | f800 0000 | 0100 0000 | e908 0000 | 0048 8383 
  0x00007f78c5a4597c: d800 0000 | 0166 0f1f 

  0x00007f78c5a45984: ;   {optimized virtual_call}
  0x00007f78c5a45984: 4400 00e8 

  0x00007f78c5a45988: ; ImmutableOopMap {[216]=Oop [224]=Oop [232]=Oop [240]=Oop [248]=Oop [256]=Oop [640]=Oop [648]=Oop }
                      ;*invokevirtual get {reexecute=0 rethrow=0 return_oop=0}
                      ; - androidx.compose.runtime.snapshots.SnapshotKt::currentSnapshot@3 (line 1284)
                      ; - androidx.compose.runtime.snapshots.Snapshot$Companion::getCurrent@0 (line 294)
                      ; - androidx.compose.runtime.Recomposer$runRecomposeAndApplyChanges$2::invokeSuspend$lambda$2@891 (line 1986)
  0x00007f78c5a45988: 84db 3307 

  0x00007f78c5a4598c: ;   {post_call_nop}
  0x00007f78c5a4598c: 0f1f 8400 | 8438 002b 

  0x00007f78c5a45994: ;   {metadata(method data for {method} {0x00007f7890cf2050} 'currentSnapshot' '()Landroidx/compose/runtime/snapshots/Snapshot;' in 'androidx/compose/runtime/snapshots/SnapshotKt')}
  0x00007f78c5a45994: 4885 c048 | ba28 4646 | 9278 7f00 | 0075 0c80 | 8a01 0100 | 0001 e995 | 0000 008b | 7808 483b 
  0x00007f78c5a459b4: ba10 0100 | 0075 0d48 | 8382 1801 | 0000 01e9 | 6000 0000 | 483b ba20 | 0100 0075 | 0d48 8382 
  0x00007f78c5a459d4: 2801 0000 | 01e9 4a00 | 0000 4883 | ba10 0100 | 0000 7517 | 4889 ba10 | 0100 0048 | c782 1801 
  0x00007f78c5a459f4: 0000 0100 | 0000 e929 | 0000 0048 | 83ba 2001 | 0000 0075 | 1748 89ba | 2001 0000 | 48c7 8228 
  0x00007f78c5a45a14: 0100 0001 | 0000 00e9 | 0800 0000 | 4883 8208 | 0100 0001 

  0x00007f78c5a45a28: ;   {metadata('androidx/compose/runtime/snapshots/Snapshot')}
  0x00007f78c5a45a28: 48bf 5809 | 1821 0000 | 0000 8b50 | 0848 3b7a | 380f 8550 | 4e00 00e9 | 0000 0000 | 488b d048 
  0x00007f78c5a45a48: ;   {metadata(method data for {method} {0x00007f7890cf2050} 'currentSnapshot' '()Landroidx/compose/runtime/snapshots/Snapshot;' in 'androidx/compose/runtime/snapshots/SnapshotKt')}
  0x00007f78c5a45a48: 85d2 48be | 2846 4692 | 787f 0000 | bf48 0100 | 0074 05bf | 3801 0000 | 488b 043e | 488d 4001 
  0x00007f78c5a45a68: 4889 043e | 0f84 0800 | 0000 488b | dae9 0a00 

  0x00007f78c5a45a78: ;   {oop(a 'androidx/compose/runtime/snapshots/GlobalSnapshot'{0x00000004214f8368})}
  0x00007f78c5a45a78: 0000 48bb | 6883 4f21 | 0400 0000 

  0x00007f78c5a45a84: ;   {metadata(method data for {method} {0x00007f7890f76848} 'invokeSuspend$lambda$2' '(Landroidx/compose/runtime/Recomposer;Landroidx/collection/MutableScatterSet;Landroidx/collection/MutableScatterSet;Ljava/util/List;Ljava/util/List;Landroidx/collection/MutableScatterSet;Ljava/util/List;Landroidx/collection/MutableScatterSet;Ljava/util/Set;J)Lkotlin/Unit;' in 'androidx/compose/runtime/Recomposer$runRecomposeAndApplyChanges$2')}
  0x00007f78c5a45a84: 4885 db48 | b848 99d2 | 9278 7f00 | 0075 0c80 | 8831 1000 | 0001 e995 | 0000 008b | 7b08 483b 
  0x00007f78c5a45aa4: b840 1000 | 0075 0d48 | 8380 4810 | 0000 01e9 | 6000 0000 | 483b b850 | 1000 0075 | 0d48 8380 
  0x00007f78c5a45ac4: 5810 0000 | 01e9 4a00 | 0000 4883 | b840 1000 | 0000 7517 | 4889 b840 | 1000 0048 | c780 4810 
  0x00007f78c5a45ae4: 0000 0100 | 0000 e929 | 0000 0048 | 83b8 5010 | 0000 0075 | 1748 89b8 | 5010 0000 | 48c7 8058 
  0x00007f78c5a45b04: 1000 0001 | 0000 00e9 | 0800 0000 | 4883 8038 | 1000 0001 

  0x00007f78c5a45b18: ;   {metadata('androidx/compose/runtime/snapshots/MutableSnapshot')}
  0x00007f78c5a45b18: 48bf e834 | 1821 0000 | 0000 8b43 | 0848 3b78 | 400f 8505 | 0000 00e9 | 0500 0000 | 4833 d2eb 
  0x00007f78c5a45b38: 05ba 0100 | 0000 85d2 

  0x00007f78c5a45b40: ;   {metadata(method data for {method} {0x00007f7890f76848} 'invokeSuspend$lambda$2' '(Landroidx/compose/runtime/Recomposer;Landroidx/collection/MutableScatterSet;Landroidx/collection/MutableScatterSet;Ljava/util/List;Ljava/util/List;Landroidx/collection/MutableScatterSet;Ljava/util/List;Landroidx/collection/MutableScatterSet;Ljava/util/Set;J)Lkotlin/Unit;' in 'androidx/compose/runtime/Recomposer$runRecomposeAndApplyChanges$2')}
  0x00007f78c5a45b40: 48ba 4899 | d292 787f | 0000 be68 | 1000 0074 | 05be 7810 | 0000 488b | 3c32 488d | 7f01 4889 
  0x00007f78c5a45b60: 3c32 0f84 | 7101 0000 

  0x00007f78c5a45b68: ;   {metadata('androidx/compose/runtime/snapshots/TransparentObserverMutableSnapshot')}
  0x00007f78c5a45b68: 48ba a0c1 | 3c21 0000 | 0000 498b | 87c8 0100 | 0048 8d78 | 5849 3bbf | d801 0000 | 0f87 0e4d 
  0x00007f78c5a45b88: 0000 4989 | bfc8 0100 | 0048 c700 | 0100 0000 | 488b ca89 | 4808 4833 | c989 480c | 4833 c9bf 
  0x00007f78c5a45ba8: 0900 0000 | 4889 4cf8 | 0848 ffcf | 75f6 4885 

  0x00007f78c5a45bb8: ;   {metadata(method data for {method} {0x00007f7890f76848} 'invokeSuspend$lambda$2' '(Landroidx/compose/runtime/Recomposer;Landroidx/collection/MutableScatterSet;Landroidx/collection/MutableScatterSet;Ljava/util/List;Ljava/util/List;Landroidx/collection/MutableScatterSet;Ljava/util/List;Landroidx/collection/MutableScatterSet;Ljava/util/Set;J)Lkotlin/Unit;' in 'androidx/compose/runtime/Recomposer$runRecomposeAndApplyChanges$2')}
  0x00007f78c5a45bb8: db49 b948 | 99d2 9278 | 7f00 0075 | 0d41 8089 | 8110 0000 | 01e9 9700 | 0000 448b | 4308 4d3b 
  0x00007f78c5a45bd8: 8190 1000 | 0075 0d49 | 8381 9810 | 0000 01e9 | 6000 0000 | 4d3b 81a0 | 1000 0075 | 0d49 8381 
  0x00007f78c5a45bf8: a810 0000 | 01e9 4a00 | 0000 4983 | b990 1000 | 0000 7517 | 4d89 8190 | 1000 0049 | c781 9810 
  0x00007f78c5a45c18: 0000 0100 | 0000 e929 | 0000 0049 | 83b9 a010 | 0000 0075 | 174d 8981 | a010 0000 | 49c7 81a8 
  0x00007f78c5a45c38: 1000 0001 | 0000 00e9 | 0800 0000 | 4983 8188 | 1000 0001 

  0x00007f78c5a45c4c: ;   {metadata('androidx/compose/runtime/snapshots/MutableSnapshot')}
  0x00007f78c5a45c4c: 49b8 e834 | 1821 0000 | 0000 448b | 4b08 4d3b | 4140 0f85 | 414c 0000 | e900 0000 | 0048 8bd3 
  0x00007f78c5a45c6c: ;   {metadata(method data for {method} {0x00007f7890f76848} 'invokeSuspend$lambda$2' '(Landroidx/compose/runtime/Recomposer;Landroidx/collection/MutableScatterSet;Landroidx/collection/MutableScatterSet;Ljava/util/List;Ljava/util/List;Landroidx/collection/MutableScatterSet;Ljava/util/List;Landroidx/collection/MutableScatterSet;Ljava/util/Set;J)Lkotlin/Unit;' in 'androidx/compose/runtime/Recomposer$runRecomposeAndApplyChanges$2')}
  0x00007f78c5a45c6c: 488b c849 | b848 99d2 | 9278 7f00 | 0049 8380 | b810 0000 

  0x00007f78c5a45c80: ;   {oop(nullptr)}
  0x00007f78c5a45c80: 0148 b900 | 0000 0000 

  0x00007f78c5a45c88: ;   {oop(nullptr)}
  0x00007f78c5a45c88: 0000 0049 | b800 0000 | 0000 0000 | 0041 b901 | 0000 00bf | 0000 0000 | 488b f048 | 8984 2488 
  0x00007f78c5a45ca8: 0100 000f 

  0x00007f78c5a45cac: ;   {optimized virtual_call}
  0x00007f78c5a45cac: 1f40 00e8 

  0x00007f78c5a45cb0: ; ImmutableOopMap {[216]=Oop [224]=Oop [232]=Oop [240]=Oop [248]=Oop [256]=Oop [392]=Oop [640]=Oop [648]=Oop }
                      ;*invokespecial <init> {reexecute=0 rethrow=0 return_oop=0}
                      ; - androidx.compose.runtime.Recomposer$runRecomposeAndApplyChanges$2::invokeSuspend$lambda$2@917 (line 1990)
  0x00007f78c5a45cb0: 6cc4 d9ff 

  0x00007f78c5a45cb4: ;   {post_call_nop}
  0x00007f78c5a45cb4: 0f1f 8400 | ac3b 002c 

  0x00007f78c5a45cbc: ;   {metadata(method data for {method} {0x00007f7890f76848} 'invokeSuspend$lambda$2' '(Landroidx/compose/runtime/Recomposer;Landroidx/collection/MutableScatterSet;Landroidx/collection/MutableScatterSet;Ljava/util/List;Ljava/util/List;Landroidx/collection/MutableScatterSet;Ljava/util/List;Landroidx/collection/MutableScatterSet;Ljava/util/Set;J)Lkotlin/Unit;' in 'androidx/compose/runtime/Recomposer$runRecomposeAndApplyChanges$2')}
  0x00007f78c5a45cbc: 48ba 4899 | d292 787f | 0000 ff82 | f810 0000 | 488b 8424 | 8801 0000 | e9b3 0000 | 000f 1f80 
  0x00007f78c5a45cdc: 0000 0000 

  0x00007f78c5a45ce0: ;   {other}
  0x00007f78c5a45ce0: e9d8 4b00 | 0000 0000 | 0000 80ba | 6801 0000 | 040f 85d5 | 4b00 0049 | 8b87 c801 | 0000 488d 
  0x00007f78c5a45d00: 7838 493b | bfd8 0100 | 000f 87bd | 4b00 0049 | 89bf c801 | 0000 48c7 | 0001 0000 | 0048 8bca 
  0x00007f78c5a45d20: 8948 0848 | 33c9 8948 | 0c48 33c9 | bf05 0000 | 0048 894c | f808 48ff | cf75 f648 

  0x00007f78c5a45d3c: ;   {metadata(method data for {method} {0x00007f7890f76848} 'invokeSuspend$lambda$2' '(Landroidx/compose/runtime/Recomposer;Landroidx/collection/MutableScatterSet;Landroidx/collection/MutableScatterSet;Ljava/util/List;Ljava/util/List;Landroidx/collection/MutableScatterSet;Ljava/util/List;Landroidx/collection/MutableScatterSet;Ljava/util/Set;J)Lkotlin/Unit;' in 'androidx/compose/runtime/Recomposer$runRecomposeAndApplyChanges$2')}
  0x00007f78c5a45d3c: 8bd0 48b9 | 4899 d292 | 787f 0000 | 4883 8110 | 1100 0001 

  0x00007f78c5a45d50: ;   {oop(nullptr)}
  0x00007f78c5a45d50: 488b d348 | b900 0000 | 0000 0000 | 0041 b801 | 0000 0041 | b900 0000 | 0048 8bf0 | 4889 8424 
  0x00007f78c5a45d70: 9001 0000 

  0x00007f78c5a45d74: ;   {optimized virtual_call}
  0x00007f78c5a45d74: 6666 90e8 

  0x00007f78c5a45d78: ; ImmutableOopMap {[216]=Oop [224]=Oop [232]=Oop [240]=Oop [248]=Oop [256]=Oop [400]=Oop [640]=Oop [648]=Oop }
                      ;*invokespecial <init> {reexecute=0 rethrow=0 return_oop=0}
                      ; - androidx.compose.runtime.Recomposer$runRecomposeAndApplyChanges$2::invokeSuspend$lambda$2@935 (line 1998)
  0x00007f78c5a45d78: 647d a606 

  0x00007f78c5a45d7c: ;   {post_call_nop}
  0x00007f78c5a45d7c: 0f1f 8400 | 743c 002d | 488b 8424 | 9001 0000 

  0x00007f78c5a45d8c: ; implicit exception: dispatches to 0x00007f78c5a4a8d9
  0x00007f78c5a45d8c: 483b 0048 

  0x00007f78c5a45d90: ;   {metadata(method data for {method} {0x00007f7890f76848} 'invokeSuspend$lambda$2' '(Landroidx/compose/runtime/Recomposer;Landroidx/collection/MutableScatterSet;Landroidx/collection/MutableScatterSet;Ljava/util/List;Ljava/util/List;Landroidx/collection/MutableScatterSet;Ljava/util/List;Landroidx/collection/MutableScatterSet;Ljava/util/Set;J)Lkotlin/Unit;' in 'androidx/compose/runtime/Recomposer$runRecomposeAndApplyChanges$2')}
  0x00007f78c5a45d90: 8bf0 48bf | 4899 d292 | 787f 0000 | 8b76 0848 | 3bb7 5811 | 0000 750d | 4883 8760 | 1100 0001 
  0x00007f78c5a45db0: e960 0000 | 0048 3bb7 | 6811 0000 | 750d 4883 | 8770 1100 | 0001 e94a | 0000 0048 | 83bf 5811 
  0x00007f78c5a45dd0: 0000 0075 | 1748 89b7 | 5811 0000 | 48c7 8760 | 1100 0001 | 0000 00e9 | 2900 0000 | 4883 bf68 
  0x00007f78c5a45df0: 1100 0000 | 7517 4889 | b768 1100 | 0048 c787 | 7011 0000 | 0100 0000 | e908 0000 | 0048 8387 
  0x00007f78c5a45e10: 5011 0000 

  0x00007f78c5a45e14: ;   {metadata(method data for {method} {0x00007f7890ce9ae0} 'makeCurrent' '()Landroidx/compose/runtime/snapshots/Snapshot;' in 'androidx/compose/runtime/snapshots/Snapshot')}
  0x00007f78c5a45e14: 0148 be78 | bd8f 9278 | 7f00 008b | be90 0000 | 0083 c702 | 89be 9000 | 0000 81e7 | feff 1f00 
  0x00007f78c5a45e34: 85ff 0f84 | a24a 0000 

  0x00007f78c5a45e3c: ;   {metadata(method data for {method} {0x00007f7890ce9ae0} 'makeCurrent' '()Landroidx/compose/runtime/snapshots/Snapshot;' in 'androidx/compose/runtime/snapshots/Snapshot')}
  0x00007f78c5a45e3c: 48be 78bd | 8f92 787f | 0000 4883 | 86d8 0000 

  0x00007f78c5a45e4c: ;   {metadata(method data for {method} {0x00007f7890cf70b0} 'access$getThreadSnapshot$p' '()Landroidx/compose/runtime/internal/SnapshotThreadLocal;' in 'androidx/compose/runtime/snapshots/SnapshotKt')}
  0x00007f78c5a45e4c: 0001 48be | b893 6d92 | 787f 0000 | 8bbe 9000 | 0000 83c7 | 0289 be90 | 0000 0081 | e7fe ff1f 
  0x00007f78c5a45e6c: 0085 ff0f | 848a 4a00 

  0x00007f78c5a45e74: ;   {oop(a 'androidx/compose/runtime/internal/SnapshotThreadLocal'{0x00000004214f8a00})}
  0x00007f78c5a45e74: 0048 bf00 | 8a4f 2104 | 0000 0048 

  0x00007f78c5a45e80: ;   {metadata(method data for {method} {0x00007f7890ce9ae0} 'makeCurrent' '()Landroidx/compose/runtime/snapshots/Snapshot;' in 'androidx/compose/runtime/snapshots/Snapshot')}
  0x00007f78c5a45e80: 8bf7 48bb | 78bd 8f92 | 787f 0000 | 8b76 0848 | 3bb3 f000 | 0000 750d | 4883 83f8 | 0000 0001 
  0x00007f78c5a45ea0: e960 0000 | 0048 3bb3 | 0001 0000 | 750d 4883 | 8308 0100 | 0001 e94a | 0000 0048 | 83bb f000 
  0x00007f78c5a45ec0: 0000 0075 | 1748 89b3 | f000 0000 | 48c7 83f8 | 0000 0001 | 0000 00e9 | 2900 0000 | 4883 bb00 
  0x00007f78c5a45ee0: 0100 0000 | 7517 4889 | b300 0100 | 0048 c783 | 0801 0000 | 0100 0000 | e908 0000 | 0048 8383 
  0x00007f78c5a45f00: e800 0000 | 0148 8bf7 | 4889 8424 | a001 0000 | 4889 bc24 | 9801 0000 | 0f1f 8000 

  0x00007f78c5a45f1c: ;   {optimized virtual_call}
  0x00007f78c5a45f1c: 0000 00e8 

  0x00007f78c5a45f20: ; ImmutableOopMap {[216]=Oop [224]=Oop [232]=Oop [240]=Oop [248]=Oop [256]=Oop [408]=Oop [416]=Oop [640]=Oop [648]=Oop }
                      ;*invokevirtual get {reexecute=0 rethrow=0 return_oop=0}
                      ; - androidx.compose.runtime.snapshots.Snapshot::makeCurrent@3 (line 160)
                      ; - androidx.compose.runtime.Recomposer$runRecomposeAndApplyChanges$2::invokeSuspend$lambda$2@953 (line 2007)
  0x00007f78c5a45f20: ecd5 3307 

  0x00007f78c5a45f24: ;   {post_call_nop}
  0x00007f78c5a45f24: 0f1f 8400 | 1c3e 002e 

  0x00007f78c5a45f2c: ;   {metadata(method data for {method} {0x00007f7890ce9ae0} 'makeCurrent' '()Landroidx/compose/runtime/snapshots/Snapshot;' in 'androidx/compose/runtime/snapshots/Snapshot')}
  0x00007f78c5a45f2c: 4885 c048 | bb78 bd8f | 9278 7f00 | 0075 0c80 | 8b11 0100 | 0001 e995 | 0000 008b | 7008 483b 
  0x00007f78c5a45f4c: b320 0100 | 0075 0d48 | 8383 2801 | 0000 01e9 | 6000 0000 | 483b b330 | 0100 0075 | 0d48 8383 
  0x00007f78c5a45f6c: 3801 0000 | 01e9 4a00 | 0000 4883 | bb20 0100 | 0000 7517 | 4889 b320 | 0100 0048 | c783 2801 
  0x00007f78c5a45f8c: 0000 0100 | 0000 e929 | 0000 0048 | 83bb 3001 | 0000 0075 | 1748 89b3 | 3001 0000 | 48c7 8338 
  0x00007f78c5a45fac: 0100 0001 | 0000 00e9 | 0800 0000 | 4883 8318 | 0100 0001 

  0x00007f78c5a45fc0: ;   {metadata('androidx/compose/runtime/snapshots/Snapshot')}
  0x00007f78c5a45fc0: 48be 5809 | 1821 0000 | 0000 8b58 | 0848 3b73 | 380f 8549 | 4900 00e9 | 0000 0000 

  0x00007f78c5a45fdc: ;   {metadata(method data for {method} {0x00007f7890ce9ae0} 'makeCurrent' '()Landroidx/compose/runtime/snapshots/Snapshot;' in 'androidx/compose/runtime/snapshots/Snapshot')}
  0x00007f78c5a45fdc: 488b f848 | ba78 bd8f | 9278 7f00 | 0048 8382 | 4801 0000 

  0x00007f78c5a45ff0: ;   {metadata(method data for {method} {0x00007f7890cf70b0} 'access$getThreadSnapshot$p' '()Landroidx/compose/runtime/internal/SnapshotThreadLocal;' in 'androidx/compose/runtime/snapshots/SnapshotKt')}
  0x00007f78c5a45ff0: 0148 bab8 | 936d 9278 | 7f00 008b | b290 0000 | 0083 c602 | 89b2 9000 | 0000 81e6 | feff 1f00 
  0x00007f78c5a46010: 85f6 0f84 | 1149 0000 | 488b 9424 | 9801 0000 

  0x00007f78c5a46020: ;   {metadata(method data for {method} {0x00007f7890ce9ae0} 'makeCurrent' '()Landroidx/compose/runtime/snapshots/Snapshot;' in 'androidx/compose/runtime/snapshots/Snapshot')}
  0x00007f78c5a46020: 48be 78bd | 8f92 787f | 0000 8b52 | 0848 3b96 | 6001 0000 | 750d 4883 | 8668 0100 | 0001 e960 
  0x00007f78c5a46040: 0000 0048 | 3b96 7001 | 0000 750d | 4883 8678 | 0100 0001 | e94a 0000 | 0048 83be | 6001 0000 
  0x00007f78c5a46060: 0075 1748 | 8996 6001 | 0000 48c7 | 8668 0100 | 0001 0000 | 00e9 2900 | 0000 4883 | be70 0100 
  0x00007f78c5a46080: 0000 7517 | 4889 9670 | 0100 0048 | c786 7801 | 0000 0100 | 0000 e908 | 0000 0048 | 8386 5801 
  0x00007f78c5a460a0: 0000 0148 | 8b94 24a0 | 0100 0048 | 8bb4 2498 | 0100 0048 | 89bc 24a8 | 0100 000f 

  0x00007f78c5a460bc: ;   {optimized virtual_call}
  0x00007f78c5a460bc: 1f40 00e8 

  0x00007f78c5a460c0: ; ImmutableOopMap {[216]=Oop [224]=Oop [232]=Oop [240]=Oop [248]=Oop [256]=Oop [416]=Oop [424]=Oop [640]=Oop [648]=Oop }
                      ;*invokevirtual set {reexecute=0 rethrow=0 return_oop=0}
                      ; - androidx.compose.runtime.snapshots.Snapshot::makeCurrent@14 (line 161)
                      ; - androidx.compose.runtime.Recomposer$runRecomposeAndApplyChanges$2::invokeSuspend$lambda$2@953 (line 2007)
  0x00007f78c5a460c0: dc7e ccff 

  0x00007f78c5a460c4: ;   {post_call_nop}
  0x00007f78c5a460c4: 0f1f 8400 | bc3f 002f | 488b bc24 | 8002 0000 

  0x00007f78c5a460d4: ;   {metadata(method data for {method} {0x00007f7890f76848} 'invokeSuspend$lambda$2' '(Landroidx/compose/runtime/Recomposer;Landroidx/collection/MutableScatterSet;Landroidx/collection/MutableScatterSet;Ljava/util/List;Ljava/util/List;Landroidx/collection/MutableScatterSet;Ljava/util/List;Landroidx/collection/MutableScatterSet;Ljava/util/Set;J)Lkotlin/Unit;' in 'androidx/compose/runtime/Recomposer$runRecomposeAndApplyChanges$2')}
  0x00007f78c5a460d4: 4885 ff48 | ba48 99d2 | 9278 7f00 | 0075 0c80 | 8a79 1100 | 0001 e9af | 0000 008b | 4708 483b 
  0x00007f78c5a460f4: 8288 1100 | 0075 0d48 | 8382 9011 | 0000 01e9 | 6000 0000 | 483b 8298 | 1100 0075 | 0d48 8382 
  0x00007f78c5a46114: a011 0000 | 01e9 4a00 | 0000 4883 | ba88 1100 | 0000 7517 | 4889 8288 | 1100 0048 | c782 9011 
  0x00007f78c5a46134: 0000 0100 | 0000 e929 | 0000 0048 | 83ba 9811 | 0000 0075 | 1748 8982 | 9811 0000 | 48c7 82a0 
  0x00007f78c5a46154: 1100 0001 | 0000 00e9 | 0800 0000 | 4883 8280 | 1100 0001 

  0x00007f78c5a46168: ;   {metadata('java/util/Collection')}
  0x00007f78c5a46168: 48b8 b05e | 0121 0000 | 0000 8b57 | 0848 3b42 | 200f 841f | 0000 0048 | 3bd0 0f84 | 1600 0000 
  0x00007f78c5a46188: ;   {runtime_call C1 Runtime slow_subtype_check_blob}
  0x00007f78c5a46188: 5250 e851 | d8b3 065a | 5a85 d20f | 84b1 4700 | 00e9 0000 | 0000 488b | f748 3b06 

  0x00007f78c5a461a4: ;   {metadata(method data for {method} {0x00007f7890f76848} 'invokeSuspend$lambda$2' '(Landroidx/compose/runtime/Recomposer;Landroidx/collection/MutableScatterSet;Landroidx/collection/MutableScatterSet;Ljava/util/List;Ljava/util/List;Landroidx/collection/MutableScatterSet;Ljava/util/List;Landroidx/collection/MutableScatterSet;Ljava/util/Set;J)Lkotlin/Unit;' in 'androidx/compose/runtime/Recomposer$runRecomposeAndApplyChanges$2')}
  0x00007f78c5a461a4: 488b de48 | b848 99d2 | 9278 7f00 | 008b 5b08 | 483b 98b8 | 1100 0075 | 0d48 8380 | c011 0000 
  0x00007f78c5a461c4: 01e9 6000 | 0000 483b | 98c8 1100 | 0075 0d48 | 8380 d011 | 0000 01e9 | 4a00 0000 | 4883 b8b8 
  0x00007f78c5a461e4: 1100 0000 | 7517 4889 | 98b8 1100 | 0048 c780 | c011 0000 | 0100 0000 | e929 0000 | 0048 83b8 
  0x00007f78c5a46204: c811 0000 | 0075 1748 | 8998 c811 | 0000 48c7 | 80d0 1100 | 0001 0000 | 00e9 0800 | 0000 4883 
  0x00007f78c5a46224: 80b0 1100 | 0001 6666 | 9048 b840 | 56de 6978 

  0x00007f78c5a46234: ;   {virtual_call}
  0x00007f78c5a46234: 7f00 00e8 

  0x00007f78c5a46238: ; ImmutableOopMap {[216]=Oop [224]=Oop [232]=Oop [240]=Oop [248]=Oop [256]=Oop [416]=Oop [424]=Oop [640]=Oop [648]=Oop }
                      ;*invokeinterface isEmpty {reexecute=0 rethrow=0 return_oop=0}
                      ; - androidx.compose.runtime.Recomposer$runRecomposeAndApplyChanges$2::invokeSuspend$lambda$2@967 (line 720)
  0x00007f78c5a46238: c6bd 3307 

  0x00007f78c5a4623c: ;   {post_call_nop}
  0x00007f78c5a4623c: 0f1f 8400 | 3441 0030 

  0x00007f78c5a46244: ;   {metadata(method data for {method} {0x00007f7890f76848} 'invokeSuspend$lambda$2' '(Landroidx/compose/runtime/Recomposer;Landroidx/collection/MutableScatterSet;Landroidx/collection/MutableScatterSet;Ljava/util/List;Ljava/util/List;Landroidx/collection/MutableScatterSet;Ljava/util/List;Landroidx/collection/MutableScatterSet;Ljava/util/Set;J)Lkotlin/Unit;' in 'androidx/compose/runtime/Recomposer$runRecomposeAndApplyChanges$2')}
  0x00007f78c5a46244: 85c0 48be | 4899 d292 | 787f 0000 | bfe0 1100 | 0075 05bf | f011 0000 | 488b 1c3e | 488d 5b01 
  0x00007f78c5a46264: 4889 1c3e | 0f85 1a00 

  0x00007f78c5a4626c: ;   {metadata(method data for {method} {0x00007f7890f76848} 'invokeSuspend$lambda$2' '(Landroidx/compose/runtime/Recomposer;Landroidx/collection/MutableScatterSet;Landroidx/collection/MutableScatterSet;Ljava/util/List;Ljava/util/List;Landroidx/collection/MutableScatterSet;Ljava/util/List;Landroidx/collection/MutableScatterSet;Ljava/util/Set;J)Lkotlin/Unit;' in 'androidx/compose/runtime/Recomposer$runRecomposeAndApplyChanges$2')}
  0x00007f78c5a4626c: 0000 48be | 4899 d292 | 787f 0000 | ff86 0012 | 0000 be01 | 0000 00e9 | 0500 0000 | be00 0000 
  0x00007f78c5a4628c: ;   {metadata(method data for {method} {0x00007f7890f76848} 'invokeSuspend$lambda$2' '(Landroidx/compose/runtime/Recomposer;Landroidx/collection/MutableScatterSet;Landroidx/collection/MutableScatterSet;Ljava/util/List;Ljava/util/List;Landroidx/collection/MutableScatterSet;Ljava/util/List;Landroidx/collection/MutableScatterSet;Ljava/util/Set;J)Lkotlin/Unit;' in 'androidx/compose/runtime/Recomposer$runRecomposeAndApplyChanges$2')}
  0x00007f78c5a4628c: 0085 f648 | be48 99d2 | 9278 7f00 | 00bf 1812 | 0000 7405 | bf28 1200 | 0048 8b1c | 3e48 8d5b 
  0x00007f78c5a462ac: 0148 891c | 3e0f 8485 | 0900 0048 | 8bb4 24d8 | 0000 0048 

  0x00007f78c5a462c0: ;   {metadata(method data for {method} {0x00007f7890f76848} 'invokeSuspend$lambda$2' '(Landroidx/compose/runtime/Recomposer;Landroidx/collection/MutableScatterSet;Landroidx/collection/MutableScatterSet;Ljava/util/List;Ljava/util/List;Landroidx/collection/MutableScatterSet;Ljava/util/List;Landroidx/collection/MutableScatterSet;Ljava/util/Set;J)Lkotlin/Unit;' in 'androidx/compose/runtime/Recomposer$runRecomposeAndApplyChanges$2')}
  0x00007f78c5a462c0: 8bfe 48bb | 4899 d292 | 787f 0000 | 8b7f 0848 | 3bbb 4012 | 0000 750d | 4883 8348 | 1200 0001 
  0x00007f78c5a462e0: e960 0000 | 0048 3bbb | 5012 0000 | 750d 4883 | 8358 1200 | 0001 e94a | 0000 0048 | 83bb 4012 
  0x00007f78c5a46300: 0000 0075 | 1748 89bb | 4012 0000 | 48c7 8348 | 1200 0001 | 0000 00e9 | 2900 0000 | 4883 bb50 
  0x00007f78c5a46320: 1200 0000 | 7517 4889 | bb50 1200 | 0048 c783 | 5812 0000 | 0100 0000 | e908 0000 | 0048 8383 
  0x00007f78c5a46340: 3812 0000 | 0148 8b7e 

  0x00007f78c5a46348: ;   {metadata(method data for {method} {0x00007f7890f76848} 'invokeSuspend$lambda$2' '(Landroidx/compose/runtime/Recomposer;Landroidx/collection/MutableScatterSet;Landroidx/collection/MutableScatterSet;Ljava/util/List;Ljava/util/List;Landroidx/collection/MutableScatterSet;Ljava/util/List;Landroidx/collection/MutableScatterSet;Ljava/util/Set;J)Lkotlin/Unit;' in 'androidx/compose/runtime/Recomposer$runRecomposeAndApplyChanges$2')}
  0x00007f78c5a46348: 1048 bb48 | 99d2 9278 | 7f00 0048 | 8383 6812 | 0000 0141 | ba01 0000 | 0049 03fa | 4889 7e10 
  0x00007f78c5a46368: 488b bc24 | 8002 0000 

  0x00007f78c5a46370: ;   {metadata(method data for {method} {0x00007f7890f76848} 'invokeSuspend$lambda$2' '(Landroidx/compose/runtime/Recomposer;Landroidx/collection/MutableScatterSet;Landroidx/collection/MutableScatterSet;Ljava/util/List;Ljava/util/List;Landroidx/collection/MutableScatterSet;Ljava/util/List;Landroidx/collection/MutableScatterSet;Ljava/util/Set;J)Lkotlin/Unit;' in 'androidx/compose/runtime/Recomposer$runRecomposeAndApplyChanges$2')}
  0x00007f78c5a46370: 4885 ff48 | b948 99d2 | 9278 7f00 | 0075 0c80 | 8971 1200 | 0001 e9af | 0000 008b | 5708 483b 
  0x00007f78c5a46390: 9180 1200 | 0075 0d48 | 8381 8812 | 0000 01e9 | 6000 0000 | 483b 9190 | 1200 0075 | 0d48 8381 
  0x00007f78c5a463b0: 9812 0000 | 01e9 4a00 | 0000 4883 | b980 1200 | 0000 7517 | 4889 9180 | 1200 0048 | c781 8812 
  0x00007f78c5a463d0: 0000 0100 | 0000 e929 | 0000 0048 | 83b9 9012 | 0000 0075 | 1748 8991 | 9012 0000 | 48c7 8198 
  0x00007f78c5a463f0: 1200 0001 | 0000 00e9 | 0800 0000 | 4883 8178 | 1200 0001 

  0x00007f78c5a46404: ;   {metadata('java/util/Collection')}
  0x00007f78c5a46404: 48ba b05e | 0121 0000 | 0000 8b4f | 0848 3b51 | 200f 841f | 0000 0048 | 3bca 0f84 | 1600 0000 
  0x00007f78c5a46424: ;   {runtime_call C1 Runtime slow_subtype_check_blob}
  0x00007f78c5a46424: 5152 e8b5 | d5b3 0659 | 5985 c90f | 8423 4500 | 00e9 0000 | 0000 488b | df48 3b03 

  0x00007f78c5a46440: ;   {metadata(method data for {method} {0x00007f7890f76848} 'invokeSuspend$lambda$2' '(Landroidx/compose/runtime/Recomposer;Landroidx/collection/MutableScatterSet;Landroidx/collection/MutableScatterSet;Ljava/util/List;Ljava/util/List;Landroidx/collection/MutableScatterSet;Ljava/util/List;Landroidx/collection/MutableScatterSet;Ljava/util/Set;J)Lkotlin/Unit;' in 'androidx/compose/runtime/Recomposer$runRecomposeAndApplyChanges$2')}
  0x00007f78c5a46440: 488b c348 | ba48 99d2 | 9278 7f00 | 008b 4008 | 483b 82b0 | 1200 0075 | 0d48 8382 | b812 0000 
  0x00007f78c5a46460: 01e9 6000 | 0000 483b | 82c0 1200 | 0075 0d48 | 8382 c812 | 0000 01e9 | 4a00 0000 | 4883 bab0 
  0x00007f78c5a46480: 1200 0000 | 7517 4889 | 82b0 1200 | 0048 c782 | b812 0000 | 0100 0000 | e929 0000 | 0048 83ba 
  0x00007f78c5a464a0: c012 0000 | 0075 1748 | 8982 c012 | 0000 48c7 | 82c8 1200 | 0001 0000 | 00e9 0800 | 0000 4883 
  0x00007f78c5a464c0: 82a8 1200 | 0001 488b | f30f 1f40 | 0048 b868 | 56de 6978 

  0x00007f78c5a464d4: ;   {virtual_call}
  0x00007f78c5a464d4: 7f00 00e8 

  0x00007f78c5a464d8: ; ImmutableOopMap {[216]=Oop [224]=Oop [232]=Oop [240]=Oop [248]=Oop [256]=Oop [416]=Oop [424]=Oop [640]=Oop [648]=Oop }
                      ;*invokeinterface size {reexecute=0 rethrow=0 return_oop=0}
                      ; - androidx.compose.runtime.Recomposer$runRecomposeAndApplyChanges$2::invokeSuspend$lambda$2@1013 (line 2010)
  0x00007f78c5a464d8: b67f 1607 

  0x00007f78c5a464dc: ;   {post_call_nop}
  0x00007f78c5a464dc: 0f1f 8400 | d443 0031 | 8984 24b4 | 0100 00bf | 0000 0000 | e975 0200 | 0066 6690 

  0x00007f78c5a464f8: ; implicit exception: dispatches to 0x00007f78c5a4a966
  0x00007f78c5a464f8: 483b 0348 

  0x00007f78c5a464fc: ;   {metadata(method data for {method} {0x00007f7890f76848} 'invokeSuspend$lambda$2' '(Landroidx/compose/runtime/Recomposer;Landroidx/collection/MutableScatterSet;Landroidx/collection/MutableScatterSet;Ljava/util/List;Ljava/util/List;Landroidx/collection/MutableScatterSet;Ljava/util/List;Landroidx/collection/MutableScatterSet;Ljava/util/Set;J)Lkotlin/Unit;' in 'androidx/compose/runtime/Recomposer$runRecomposeAndApplyChanges$2')}
  0x00007f78c5a464fc: 8bd3 48be | 4899 d292 | 787f 0000 | 8b52 0848 | 3b96 0013 | 0000 750d | 4883 8608 | 1300 0001 
  0x00007f78c5a4651c: e960 0000 | 0048 3b96 | 1013 0000 | 750d 4883 | 8618 1300 | 0001 e94a | 0000 0048 | 83be 0013 
  0x00007f78c5a4653c: 0000 0075 | 1748 8996 | 0013 0000 | 48c7 8608 | 1300 0001 | 0000 00e9 | 2900 0000 | 4883 be10 
  0x00007f78c5a4655c: 1300 0000 | 7517 4889 | 9610 1300 | 0048 c786 | 1813 0000 | 0100 0000 | e908 0000 | 0048 8386 
  0x00007f78c5a4657c: f812 0000 | 0148 8bd7 | 488b f389 | bc24 b001 | 0000 0f1f | 8000 0000 | 0048 b890 | 56de 6978 
  0x00007f78c5a4659c: ;   {virtual_call}
  0x00007f78c5a4659c: 7f00 00e8 

  0x00007f78c5a465a0: ; ImmutableOopMap {[216]=Oop [224]=Oop [232]=Oop [240]=Oop [248]=Oop [256]=Oop [416]=Oop [424]=Oop [640]=Oop [648]=Oop }
                      ;*invokeinterface get {reexecute=0 rethrow=0 return_oop=0}
                      ; - androidx.compose.runtime.Recomposer$runRecomposeAndApplyChanges$2::invokeSuspend$lambda$2@1031 (line 2011)
  0x00007f78c5a465a0: 5e71 1907 

  0x00007f78c5a465a4: ;   {post_call_nop}
  0x00007f78c5a465a4: 0f1f 8400 | 9c44 0032 

  0x00007f78c5a465ac: ;   {metadata(method data for {method} {0x00007f7890f76848} 'invokeSuspend$lambda$2' '(Landroidx/compose/runtime/Recomposer;Landroidx/collection/MutableScatterSet;Landroidx/collection/MutableScatterSet;Ljava/util/List;Ljava/util/List;Landroidx/collection/MutableScatterSet;Ljava/util/List;Landroidx/collection/MutableScatterSet;Ljava/util/Set;J)Lkotlin/Unit;' in 'androidx/compose/runtime/Recomposer$runRecomposeAndApplyChanges$2')}
  0x00007f78c5a465ac: 4885 c048 | bb48 99d2 | 9278 7f00 | 0075 0c80 | 8b21 1300 | 0001 e9af | 0000 008b | 7808 483b 
  0x00007f78c5a465cc: bb30 1300 | 0075 0d48 | 8383 3813 | 0000 01e9 | 6000 0000 | 483b bb40 | 1300 0075 | 0d48 8383 
  0x00007f78c5a465ec: 4813 0000 | 01e9 4a00 | 0000 4883 | bb30 1300 | 0000 7517 | 4889 bb30 | 1300 0048 | c783 3813 
  0x00007f78c5a4660c: 0000 0100 | 0000 e929 | 0000 0048 | 83bb 4013 | 0000 0075 | 1748 89bb | 4013 0000 | 48c7 8348 
  0x00007f78c5a4662c: 1300 0001 | 0000 00e9 | 0800 0000 | 4883 8328 | 1300 0001 

  0x00007f78c5a46640: ;   {metadata('androidx/compose/runtime/ControlledComposition')}
  0x00007f78c5a46640: 48bf b8d6 | 1821 0000 | 0000 8b58 | 0848 3b7b | 200f 841f | 0000 0048 | 3bdf 0f84 | 1600 0000 
  0x00007f78c5a46660: ;   {runtime_call C1 Runtime slow_subtype_check_blob}
  0x00007f78c5a46660: 5357 e879 | d3b3 065b | 5b85 db0f | 84fa 4200 | 00e9 0000 | 0000 488b | d048 8bbc | 2488 0200 
  0x00007f78c5a46680: 0048 3b07 

  0x00007f78c5a46684: ;   {metadata(method data for {method} {0x00007f7890f76848} 'invokeSuspend$lambda$2' '(Landroidx/compose/runtime/Recomposer;Landroidx/collection/MutableScatterSet;Landroidx/collection/MutableScatterSet;Ljava/util/List;Ljava/util/List;Landroidx/collection/MutableScatterSet;Ljava/util/List;Landroidx/collection/MutableScatterSet;Ljava/util/Set;J)Lkotlin/Unit;' in 'androidx/compose/runtime/Recomposer$runRecomposeAndApplyChanges$2')}
  0x00007f78c5a46684: 488b f748 | bb48 99d2 | 9278 7f00 | 008b 7608 | 483b b360 | 1300 0075 | 0d48 8383 | 6813 0000 
  0x00007f78c5a466a4: 01e9 6000 | 0000 483b | b370 1300 | 0075 0d48 | 8383 7813 | 0000 01e9 | 4a00 0000 | 4883 bb60 
  0x00007f78c5a466c4: 1300 0000 | 7517 4889 | b360 1300 | 0048 c783 | 6813 0000 | 0100 0000 | e929 0000 | 0048 83bb 
  0x00007f78c5a466e4: 7013 0000 | 0075 1748 | 89b3 7013 | 0000 48c7 | 8378 1300 | 0001 0000 | 00e9 0800 | 0000 4883 
  0x00007f78c5a46704: 8358 1300 | 0001 488b 

  0x00007f78c5a4670c: ;   {optimized virtual_call}
  0x00007f78c5a4670c: f766 90e8 

  0x00007f78c5a46710: ; ImmutableOopMap {[216]=Oop [224]=Oop [232]=Oop [240]=Oop [248]=Oop [256]=Oop [416]=Oop [424]=Oop [640]=Oop [648]=Oop }
                      ;*invokevirtual add {reexecute=0 rethrow=0 return_oop=0}
                      ; - androidx.compose.runtime.Recomposer$runRecomposeAndApplyChanges$2::invokeSuspend$lambda$2@1052 (line 730)
  0x00007f78c5a46710: fcfe 3e07 

  0x00007f78c5a46714: ;   {post_call_nop}
  0x00007f78c5a46714: 0f1f 8400 | 0c46 0033 | 8bbc 24b0 | 0100 00ff 

  0x00007f78c5a46724: ;   {metadata(method data for {method} {0x00007f7890f76848} 'invokeSuspend$lambda$2' '(Landroidx/compose/runtime/Recomposer;Landroidx/collection/MutableScatterSet;Landroidx/collection/MutableScatterSet;Ljava/util/List;Ljava/util/List;Landroidx/collection/MutableScatterSet;Ljava/util/List;Landroidx/collection/MutableScatterSet;Ljava/util/Set;J)Lkotlin/Unit;' in 'androidx/compose/runtime/Recomposer$runRecomposeAndApplyChanges$2')}
  0x00007f78c5a46724: c748 be48 | 99d2 9278 | 7f00 008b | 9e94 0000 | 0083 c302 | 899e 9400 | 0000 81e3 | fe3f 0000 
  0x00007f78c5a46744: 85db 0f84 | 2d42 0000 

  0x00007f78c5a4674c: ; ImmutableOopMap {[216]=Oop [224]=Oop [232]=Oop [240]=Oop [248]=Oop [256]=Oop [416]=Oop [424]=Oop [640]=Oop [648]=Oop }
                      ;*goto {reexecute=1 rethrow=0 return_oop=0}
                      ; - (reexecute) androidx.compose.runtime.Recomposer$runRecomposeAndApplyChanges$2::invokeSuspend$lambda$2@1061 (line 2010)
  0x00007f78c5a4674c: 4d8b 5730 

  0x00007f78c5a46750: ;   {poll}
  0x00007f78c5a46750: 4185 0248 | be48 99d2 | 9278 7f00 | 00ff 8688 | 1300 008b | 8424 b401 | 0000 488b | 9c24 8002 
  0x00007f78c5a46770: 0000 3bf8 

  0x00007f78c5a46774: ;   {metadata(method data for {method} {0x00007f7890f76848} 'invokeSuspend$lambda$2' '(Landroidx/compose/runtime/Recomposer;Landroidx/collection/MutableScatterSet;Landroidx/collection/MutableScatterSet;Ljava/util/List;Ljava/util/List;Landroidx/collection/MutableScatterSet;Ljava/util/List;Landroidx/collection/MutableScatterSet;Ljava/util/Set;J)Lkotlin/Unit;' in 'androidx/compose/runtime/Recomposer$runRecomposeAndApplyChanges$2')}
  0x00007f78c5a46774: 48ba 4899 | d292 787f | 0000 bee8 | 1200 007c | 05be d812 | 0000 4c8b | 0432 4d8d | 4001 4c89 
  0x00007f78c5a46794: 0432 0f8c | 5cfd ffff | 488b fb48 

  0x00007f78c5a467a0: ;   {metadata(method data for {method} {0x00007f7890f76848} 'invokeSuspend$lambda$2' '(Landroidx/compose/runtime/Recomposer;Landroidx/collection/MutableScatterSet;Landroidx/collection/MutableScatterSet;Ljava/util/List;Ljava/util/List;Landroidx/collection/MutableScatterSet;Ljava/util/List;Landroidx/collection/MutableScatterSet;Ljava/util/Set;J)Lkotlin/Unit;' in 'androidx/compose/runtime/Recomposer$runRecomposeAndApplyChanges$2')}
  0x00007f78c5a467a0: 85ff 48ba | 4899 d292 | 787f 0000 | 750c 808a | 9913 0000 | 01e9 af00 | 0000 8b47 | 0848 3b82 
  0x00007f78c5a467c0: a813 0000 | 750d 4883 | 82b0 1300 | 0001 e960 | 0000 0048 | 3b82 b813 | 0000 750d | 4883 82c0 
  0x00007f78c5a467e0: 1300 0001 | e94a 0000 | 0048 83ba | a813 0000 | 0075 1748 | 8982 a813 | 0000 48c7 | 82b0 1300 
  0x00007f78c5a46800: 0001 0000 | 00e9 2900 | 0000 4883 | bab8 1300 | 0000 7517 | 4889 82b8 | 1300 0048 | c782 c013 
  0x00007f78c5a46820: 0000 0100 | 0000 e908 | 0000 0048 | 8382 a013 

  0x00007f78c5a46830: ;   {metadata('java/util/Collection')}
  0x00007f78c5a46830: 0000 0148 | b8b0 5e01 | 2100 0000 | 008b 5708 | 483b 4220 | 0f84 1f00 | 0000 483b | d00f 8416 
  0x00007f78c5a46850: 0000 0052 

  0x00007f78c5a46854: ;   {runtime_call C1 Runtime slow_subtype_check_blob}
  0x00007f78c5a46854: 50e8 86d1 | b306 5a5a | 85d2 0f84 | 3641 0000 | e900 0000 | 0048 8bf7 

  0x00007f78c5a4686c: ; implicit exception: dispatches to 0x00007f78c5a4a9a3
  0x00007f78c5a4686c: 483b 0648 

  0x00007f78c5a46870: ;   {metadata(method data for {method} {0x00007f7890f76848} 'invokeSuspend$lambda$2' '(Landroidx/compose/runtime/Recomposer;Landroidx/collection/MutableScatterSet;Landroidx/collection/MutableScatterSet;Ljava/util/List;Ljava/util/List;Landroidx/collection/MutableScatterSet;Ljava/util/List;Landroidx/collection/MutableScatterSet;Ljava/util/Set;J)Lkotlin/Unit;' in 'androidx/compose/runtime/Recomposer$runRecomposeAndApplyChanges$2')}
  0x00007f78c5a46870: 8bde 48b8 | 4899 d292 | 787f 0000 | 8b5b 0848 | 3b98 d813 | 0000 750d | 4883 80e0 | 1300 0001 
  0x00007f78c5a46890: e960 0000 | 0048 3b98 | e813 0000 | 750d 4883 | 80f0 1300 | 0001 e94a | 0000 0048 | 83b8 d813 
  0x00007f78c5a468b0: 0000 0075 | 1748 8998 | d813 0000 | 48c7 80e0 | 1300 0001 | 0000 00e9 | 2900 0000 | 4883 b8e8 
  0x00007f78c5a468d0: 1300 0000 | 7517 4889 | 98e8 1300 | 0048 c780 | f013 0000 | 0100 0000 | e908 0000 | 0048 8380 
  0x00007f78c5a468f0: d013 0000 | 0148 b8b8 | 56de 6978 

  0x00007f78c5a468fc: ;   {virtual_call}
  0x00007f78c5a468fc: 7f00 00e8 

  0x00007f78c5a46900: ; ImmutableOopMap {[216]=Oop [224]=Oop [232]=Oop [240]=Oop [248]=Oop [256]=Oop [416]=Oop [424]=Oop [640]=Oop [648]=Oop }
                      ;*invokeinterface size {reexecute=0 rethrow=0 return_oop=0}
                      ; - androidx.compose.runtime.Recomposer$runRecomposeAndApplyChanges$2::invokeSuspend$lambda$2@1080 (line 2015)
  0x00007f78c5a46900: 8e7b 1607 

  0x00007f78c5a46904: ;   {post_call_nop}
  0x00007f78c5a46904: 0f1f 8400 | fc47 0035 | 8984 24bc | 0100 00bf | 0000 0000 | e935 0200 | 0066 6690 

  0x00007f78c5a46920: ; implicit exception: dispatches to 0x00007f78c5a4a9a8
  0x00007f78c5a46920: 483b 0348 

  0x00007f78c5a46924: ;   {metadata(method data for {method} {0x00007f7890f76848} 'invokeSuspend$lambda$2' '(Landroidx/compose/runtime/Recomposer;Landroidx/collection/MutableScatterSet;Landroidx/collection/MutableScatterSet;Ljava/util/List;Ljava/util/List;Landroidx/collection/MutableScatterSet;Ljava/util/List;Landroidx/collection/MutableScatterSet;Ljava/util/Set;J)Lkotlin/Unit;' in 'androidx/compose/runtime/Recomposer$runRecomposeAndApplyChanges$2')}
  0x00007f78c5a46924: 8bd3 48be | 4899 d292 | 787f 0000 | 8b52 0848 | 3b96 2814 | 0000 750d | 4883 8630 | 1400 0001 
  0x00007f78c5a46944: e960 0000 | 0048 3b96 | 3814 0000 | 750d 4883 | 8640 1400 | 0001 e94a | 0000 0048 | 83be 2814 
  0x00007f78c5a46964: 0000 0075 | 1748 8996 | 2814 0000 | 48c7 8630 | 1400 0001 | 0000 00e9 | 2900 0000 | 4883 be38 
  0x00007f78c5a46984: 1400 0000 | 7517 4889 | 9638 1400 | 0048 c786 | 4014 0000 | 0100 0000 | e908 0000 | 0048 8386 
  0x00007f78c5a469a4: 2014 0000 | 0148 8bd7 | 488b f389 | bc24 b801 | 0000 0f1f | 8000 0000 | 0048 b8e0 | 56de 6978 
  0x00007f78c5a469c4: ;   {virtual_call}
  0x00007f78c5a469c4: 7f00 00e8 

  0x00007f78c5a469c8: ; ImmutableOopMap {[216]=Oop [224]=Oop [232]=Oop [240]=Oop [248]=Oop [256]=Oop [416]=Oop [424]=Oop [640]=Oop [648]=Oop }
                      ;*invokeinterface get {reexecute=0 rethrow=0 return_oop=0}
                      ; - androidx.compose.runtime.Recomposer$runRecomposeAndApplyChanges$2::invokeSuspend$lambda$2@1098 (line 2016)
  0x00007f78c5a469c8: 366d 1907 

  0x00007f78c5a469cc: ;   {post_call_nop}
  0x00007f78c5a469cc: 0f1f 8400 | c448 0036 

  0x00007f78c5a469d4: ;   {metadata(method data for {method} {0x00007f7890f76848} 'invokeSuspend$lambda$2' '(Landroidx/compose/runtime/Recomposer;Landroidx/collection/MutableScatterSet;Landroidx/collection/MutableScatterSet;Ljava/util/List;Ljava/util/List;Landroidx/collection/MutableScatterSet;Ljava/util/List;Landroidx/collection/MutableScatterSet;Ljava/util/Set;J)Lkotlin/Unit;' in 'androidx/compose/runtime/Recomposer$runRecomposeAndApplyChanges$2')}
  0x00007f78c5a469d4: 4885 c048 | be48 99d2 | 9278 7f00 | 0075 0c80 | 8e49 1400 | 0001 e9af | 0000 008b | 5808 483b 
  0x00007f78c5a469f4: 9e58 1400 | 0075 0d48 | 8386 6014 | 0000 01e9 | 6000 0000 | 483b 9e68 | 1400 0075 | 0d48 8386 
  0x00007f78c5a46a14: 7014 0000 | 01e9 4a00 | 0000 4883 | be58 1400 | 0000 7517 | 4889 9e58 | 1400 0048 | c786 6014 
  0x00007f78c5a46a34: 0000 0100 | 0000 e929 | 0000 0048 | 83be 6814 | 0000 0075 | 1748 899e | 6814 0000 | 48c7 8670 
  0x00007f78c5a46a54: 1400 0001 | 0000 00e9 | 0800 0000 | 4883 8650 | 1400 0001 

  0x00007f78c5a46a68: ;   {metadata('androidx/compose/runtime/ControlledComposition')}
  0x00007f78c5a46a68: 48bb b8d6 | 1821 0000 | 0000 8b70 | 0848 3b5e | 200f 841f | 0000 0048 | 3bf3 0f84 | 1600 0000 
  0x00007f78c5a46a88: ;   {runtime_call C1 Runtime slow_subtype_check_blob}
  0x00007f78c5a46a88: 5653 e851 | cfb3 065e | 5e85 f60f | 8414 3f00 | 00e9 0000 | 0000 488b | f048 85f6 | 0f84 1b00 
  0x00007f78c5a46aa8: ;   {metadata('androidx/compose/runtime/CompositionImpl')}
  0x00007f78c5a46aa8: 0000 48b8 | 3079 1921 | 0000 0000 | 8b5e 0848 | 3bc3 0f85 | f63e 0000 | e900 0000 | 0048 8bfe 
  0x00007f78c5a46ac8: ; implicit exception: dispatches to 0x00007f78c5a4a9bb
  0x00007f78c5a46ac8: 483b 0648 

  0x00007f78c5a46acc: ;   {metadata(method data for {method} {0x00007f7890f76848} 'invokeSuspend$lambda$2' '(Landroidx/compose/runtime/Recomposer;Landroidx/collection/MutableScatterSet;Landroidx/collection/MutableScatterSet;Ljava/util/List;Ljava/util/List;Landroidx/collection/MutableScatterSet;Ljava/util/List;Landroidx/collection/MutableScatterSet;Ljava/util/Set;J)Lkotlin/Unit;' in 'androidx/compose/runtime/Recomposer$runRecomposeAndApplyChanges$2')}
  0x00007f78c5a46acc: 8bfe 48bb | 4899 d292 | 787f 0000 

  0x00007f78c5a46ad8: ;   {metadata('androidx/compose/runtime/CompositionImpl')}
  0x00007f78c5a46ad8: 49ba 3079 | 1921 0000 | 0000 4c89 | 9388 1400 | 0048 8383 | 9014 0000 | 0166 0f1f 

  0x00007f78c5a46af4: ;   {optimized virtual_call}
  0x00007f78c5a46af4: 4400 00e8 

  0x00007f78c5a46af8: ; ImmutableOopMap {[216]=Oop [224]=Oop [232]=Oop [240]=Oop [248]=Oop [256]=Oop [416]=Oop [424]=Oop [640]=Oop [648]=Oop }
                      ;*invokeinterface applyChanges {reexecute=0 rethrow=0 return_oop=0}
                      ; - androidx.compose.runtime.Recomposer$runRecomposeAndApplyChanges$2::invokeSuspend$lambda$2@1117 (line 733)
  0x00007f78c5a46af8: d146 0000 

  0x00007f78c5a46afc: ;   {post_call_nop}
  0x00007f78c5a46afc: 0f1f 8400 | f449 0037 | 8bbc 24b8 | 0100 00ff 

  0x00007f78c5a46b0c: ;   {metadata(method data for {method} {0x00007f7890f76848} 'invokeSuspend$lambda$2' '(Landroidx/compose/runtime/Recomposer;Landroidx/collection/MutableScatterSet;Landroidx/collection/MutableScatterSet;Ljava/util/List;Ljava/util/List;Landroidx/collection/MutableScatterSet;Ljava/util/List;Landroidx/collection/MutableScatterSet;Ljava/util/Set;J)Lkotlin/Unit;' in 'androidx/compose/runtime/Recomposer$runRecomposeAndApplyChanges$2')}
  0x00007f78c5a46b0c: c748 be48 | 99d2 9278 | 7f00 008b | 9e94 0000 | 0083 c302 | 899e 9400 | 0000 81e3 | fe3f 0000 
  0x00007f78c5a46b2c: 85db 0f84 | 8c3e 0000 

  0x00007f78c5a46b34: ; ImmutableOopMap {[216]=Oop [224]=Oop [232]=Oop [240]=Oop [248]=Oop [256]=Oop [416]=Oop [424]=Oop [640]=Oop [648]=Oop }
                      ;*goto {reexecute=1 rethrow=0 return_oop=0}
                      ; - (reexecute) androidx.compose.runtime.Recomposer$runRecomposeAndApplyChanges$2::invokeSuspend$lambda$2@1127 (line 2015)
  0x00007f78c5a46b34: 4d8b 5730 

  0x00007f78c5a46b38: ;   {poll}
  0x00007f78c5a46b38: 4185 0248 | be48 99d2 | 9278 7f00 | 00ff 86b0 | 1400 008b | 8424 bc01 | 0000 488b | 9c24 8002 
  0x00007f78c5a46b58: 0000 3bf8 

  0x00007f78c5a46b5c: ;   {metadata(method data for {method} {0x00007f7890f76848} 'invokeSuspend$lambda$2' '(Landroidx/compose/runtime/Recomposer;Landroidx/collection/MutableScatterSet;Landroidx/collection/MutableScatterSet;Ljava/util/List;Ljava/util/List;Landroidx/collection/MutableScatterSet;Ljava/util/List;Landroidx/collection/MutableScatterSet;Ljava/util/Set;J)Lkotlin/Unit;' in 'androidx/compose/runtime/Recomposer$runRecomposeAndApplyChanges$2')}
  0x00007f78c5a46b5c: 48ba 4899 | d292 787f | 0000 be10 | 1400 007c | 05be 0014 | 0000 488b | 0c32 488d | 4901 4889 
  0x00007f78c5a46b7c: 0c32 0f8c | 9cfd ffff | 488b fb48 | 3b07 488b 

  0x00007f78c5a46b8c: ;   {metadata(method data for {method} {0x00007f7890f76848} 'invokeSuspend$lambda$2' '(Landroidx/compose/runtime/Recomposer;Landroidx/collection/MutableScatterSet;Landroidx/collection/MutableScatterSet;Ljava/util/List;Ljava/util/List;Landroidx/collection/MutableScatterSet;Ljava/util/List;Landroidx/collection/MutableScatterSet;Ljava/util/Set;J)Lkotlin/Unit;' in 'androidx/compose/runtime/Recomposer$runRecomposeAndApplyChanges$2')}
  0x00007f78c5a46b8c: f748 bb48 | 99d2 9278 | 7f00 008b | 7608 483b | b3d0 1400 | 0075 0d48 | 8383 d814 | 0000 01e9 
  0x00007f78c5a46bac: 6000 0000 | 483b b3e0 | 1400 0075 | 0d48 8383 | e814 0000 | 01e9 4a00 | 0000 4883 | bbd0 1400 
  0x00007f78c5a46bcc: 0000 7517 | 4889 b3d0 | 1400 0048 | c783 d814 | 0000 0100 | 0000 e929 | 0000 0048 | 83bb e014 
  0x00007f78c5a46bec: 0000 0075 | 1748 89b3 | e014 0000 | 48c7 83e8 | 1400 0001 | 0000 00e9 | 0800 0000 | 4883 83c8 
  0x00007f78c5a46c0c: 1400 0001 | 488b f766 | 9048 b808 | 57de 6978 

  0x00007f78c5a46c1c: ;   {virtual_call}
  0x00007f78c5a46c1c: 7f00 00e8 

  0x00007f78c5a46c20: ; ImmutableOopMap {[216]=Oop [224]=Oop [232]=Oop [240]=Oop [248]=Oop [256]=Oop [416]=Oop [424]=Oop [640]=Oop [648]=Oop }
                      ;*invokeinterface clear {reexecute=0 rethrow=0 return_oop=0}
                      ; - androidx.compose.runtime.Recomposer$runRecomposeAndApplyChanges$2::invokeSuspend$lambda$2@1133 (line 740)
  0x00007f78c5a46c20: 5e54 3807 

  0x00007f78c5a46c24: ;   {post_call_nop}
  0x00007f78c5a46c24: 0f1f 8400 | 1c4b 0039 

  0x00007f78c5a46c2c: ;   {metadata(method data for {method} {0x00007f7890f76848} 'invokeSuspend$lambda$2' '(Landroidx/compose/runtime/Recomposer;Landroidx/collection/MutableScatterSet;Landroidx/collection/MutableScatterSet;Ljava/util/List;Ljava/util/List;Landroidx/collection/MutableScatterSet;Ljava/util/List;Landroidx/collection/MutableScatterSet;Ljava/util/Set;J)Lkotlin/Unit;' in 'androidx/compose/runtime/Recomposer$runRecomposeAndApplyChanges$2')}
  0x00007f78c5a46c2c: 48ba 4899 | d292 787f | 0000 ff82 | f814 0000 | 488b bc24 | 0001 0000 

  0x00007f78c5a46c44: ; implicit exception: dispatches to 0x00007f78c5a4a9e6
  0x00007f78c5a46c44: 483b 0748 

  0x00007f78c5a46c48: ;   {metadata(method data for {method} {0x00007f7890f76848} 'invokeSuspend$lambda$2' '(Landroidx/compose/runtime/Recomposer;Landroidx/collection/MutableScatterSet;Landroidx/collection/MutableScatterSet;Ljava/util/List;Ljava/util/List;Landroidx/collection/MutableScatterSet;Ljava/util/List;Landroidx/collection/MutableScatterSet;Ljava/util/Set;J)Lkotlin/Unit;' in 'androidx/compose/runtime/Recomposer$runRecomposeAndApplyChanges$2')}
  0x00007f78c5a46c48: 8bd7 48be | 4899 d292 | 787f 0000 | 8b52 0848 | 3b96 2816 | 0000 750d | 4883 8630 | 1600 0001 
  0x00007f78c5a46c68: e960 0000 | 0048 3b96 | 3816 0000 | 750d 4883 | 8640 1600 | 0001 e94a | 0000 0048 | 83be 2816 
  0x00007f78c5a46c88: 0000 0075 | 1748 8996 | 2816 0000 | 48c7 8630 | 1600 0001 | 0000 00e9 | 2900 0000 | 4883 be38 
  0x00007f78c5a46ca8: 1600 0000 | 7517 4889 | 9638 1600 | 0048 c786 | 4016 0000 | 0100 0000 | e908 0000 | 0048 8386 
  0x00007f78c5a46cc8: 2016 0000 

  0x00007f78c5a46ccc: ;   {metadata(method data for {method} {0x00007f7890e781e8} 'isNotEmpty' '()Z' in 'androidx/collection/ScatterSet')}
  0x00007f78c5a46ccc: 0148 bab8 | 51a9 9278 | 7f00 008b | b290 0000 | 0083 c602 | 89b2 9000 | 0000 81e6 | feff 1f00 
  0x00007f78c5a46cec: 85f6 0f84 | f73c 0000 | 8b57 1085 

  0x00007f78c5a46cf8: ;   {metadata(method data for {method} {0x00007f7890e781e8} 'isNotEmpty' '()Z' in 'androidx/collection/ScatterSet')}
  0x00007f78c5a46cf8: d248 bab8 | 51a9 9278 | 7f00 00be | d800 0000 | 7405 bee8 | 0000 0048 | 8b1c 3248 | 8d5b 0148 
  0x00007f78c5a46d18: 891c 320f | 841a 0000 

  0x00007f78c5a46d20: ;   {metadata(method data for {method} {0x00007f7890e781e8} 'isNotEmpty' '()Z' in 'androidx/collection/ScatterSet')}
  0x00007f78c5a46d20: 0048 bab8 | 51a9 9278 | 7f00 00ff | 82f8 0000 | 00ba 0100 | 0000 e905 | 0000 00ba | 0000 0000 
  0x00007f78c5a46d40: 83e2 0185 

  0x00007f78c5a46d44: ;   {metadata(method data for {method} {0x00007f7890f76848} 'invokeSuspend$lambda$2' '(Landroidx/compose/runtime/Recomposer;Landroidx/collection/MutableScatterSet;Landroidx/collection/MutableScatterSet;Ljava/util/List;Ljava/util/List;Landroidx/collection/MutableScatterSet;Ljava/util/List;Landroidx/collection/MutableScatterSet;Ljava/util/Set;J)Lkotlin/Unit;' in 'androidx/compose/runtime/Recomposer$runRecomposeAndApplyChanges$2')}
  0x00007f78c5a46d44: d248 ba48 | 99d2 9278 | 7f00 00be | 5016 0000 | 7405 be60 | 1600 0048 | 8b1c 3248 | 8d5b 0148 
  0x00007f78c5a46d64: 891c 320f | 84b7 0500 | 0048 8b9c | 2488 0200 | 0048 3b03 

  0x00007f78c5a46d78: ;   {metadata(method data for {method} {0x00007f7890f76848} 'invokeSuspend$lambda$2' '(Landroidx/compose/runtime/Recomposer;Landroidx/collection/MutableScatterSet;Landroidx/collection/MutableScatterSet;Ljava/util/List;Ljava/util/List;Landroidx/collection/MutableScatterSet;Ljava/util/List;Landroidx/collection/MutableScatterSet;Ljava/util/Set;J)Lkotlin/Unit;' in 'androidx/compose/runtime/Recomposer$runRecomposeAndApplyChanges$2')}
  0x00007f78c5a46d78: 488b d348 | be48 99d2 | 9278 7f00 | 008b 5208 | 483b 96a8 | 1600 0075 | 0d48 8386 | b016 0000 
  0x00007f78c5a46d98: 01e9 6000 | 0000 483b | 96b8 1600 | 0075 0d48 | 8386 c016 | 0000 01e9 | 4a00 0000 | 4883 bea8 
  0x00007f78c5a46db8: 1600 0000 | 7517 4889 | 96a8 1600 | 0048 c786 | b016 0000 | 0100 0000 | e929 0000 | 0048 83be 
  0x00007f78c5a46dd8: b816 0000 | 0075 1748 | 8996 b816 | 0000 48c7 | 86c0 1600 | 0001 0000 | 00e9 0800 | 0000 4883 
  0x00007f78c5a46df8: 86a0 1600 | 0001 488b | d748 8bf3 

  0x00007f78c5a46e04: ;   {optimized virtual_call}
  0x00007f78c5a46e04: 6666 90e8 

  0x00007f78c5a46e08: ; ImmutableOopMap {[216]=Oop [224]=Oop [232]=Oop [240]=Oop [248]=Oop [256]=Oop [416]=Oop [424]=Oop [640]=Oop [648]=Oop }
                      ;*invokevirtual plusAssign {reexecute=0 rethrow=0 return_oop=0}
                      ; - androidx.compose.runtime.Recomposer$runRecomposeAndApplyChanges$2::invokeSuspend$lambda$2@1244 (line 746)
  0x00007f78c5a46e08: d46c a606 

  0x00007f78c5a46e0c: ;   {post_call_nop}
  0x00007f78c5a46e0c: 0f1f 8400 | 044d 003a | 488b bc24 | 0001 0000 | 8b5f 1848 | c1e3 0348 | 899c 24c8 | 0100 008b 
  0x00007f78c5a46e2c: 4714 48c1 | e003 4889 | 8424 e001 | 0000 8b48 | 0c83 e902 | 898c 24c0 | 0100 0085 

  0x00007f78c5a46e48: ;   {metadata(method data for {method} {0x00007f7890f76848} 'invokeSuspend$lambda$2' '(Landroidx/compose/runtime/Recomposer;Landroidx/collection/MutableScatterSet;Landroidx/collection/MutableScatterSet;Ljava/util/List;Ljava/util/List;Landroidx/collection/MutableScatterSet;Ljava/util/List;Landroidx/collection/MutableScatterSet;Ljava/util/Set;J)Lkotlin/Unit;' in 'androidx/compose/runtime/Recomposer$runRecomposeAndApplyChanges$2')}
  0x00007f78c5a46e48: c948 be48 | 99d2 9278 | 7f00 00ba | 0017 0000 | 7c05 ba10 | 1700 004c | 8b04 164d | 8d40 014c 
  0x00007f78c5a46e68: 8904 160f | 8c03 0400 | 00ba 0000 | 0000 6690 | 3b50 0c0f | 8395 3b00 | 0048 63f2 | 4c8b 44f0 
  0x00007f78c5a46e88: 1049 8bf0 | 49ba ffff | ffff ffff | ffff 4933 | f24c 8bc9 | b907 0000 | 0048 d3e6 | 4923 f048 
  0x00007f78c5a46ea8: b980 8080 | 8080 8080 | 8048 23f1 

  0x00007f78c5a46eb4: ;   {metadata(method data for {method} {0x00007f7890f76848} 'invokeSuspend$lambda$2' '(Landroidx/compose/runtime/Recomposer;Landroidx/collection/MutableScatterSet;Landroidx/collection/MutableScatterSet;Ljava/util/List;Ljava/util/List;Landroidx/collection/MutableScatterSet;Ljava/util/List;Landroidx/collection/MutableScatterSet;Ljava/util/Set;J)Lkotlin/Unit;' in 'androidx/compose/runtime/Recomposer$runRecomposeAndApplyChanges$2')}
  0x00007f78c5a46eb4: 483b f148 | be48 99d2 | 9278 7f00 | 00b9 2017 | 0000 7405 | b930 1700 | 004c 8b1c | 0e4d 8d5b 
  0x00007f78c5a46ed4: 014c 891c | 0e0f 840a | 0300 0048 | 8bf2 412b | f183 f6ff | c1ee 1fb9 | 0800 0000 | 2bce 898c 
  0x00007f78c5a46ef4: 24d8 0100 | 0041 bb00 | 0000 0090 

  0x00007f78c5a46f00: ;   {metadata(method data for {method} {0x00007f7890f76848} 'invokeSuspend$lambda$2' '(Landroidx/compose/runtime/Recomposer;Landroidx/collection/MutableScatterSet;Landroidx/collection/MutableScatterSet;Ljava/util/List;Ljava/util/List;Landroidx/collection/MutableScatterSet;Ljava/util/List;Landroidx/collection/MutableScatterSet;Ljava/util/Set;J)Lkotlin/Unit;' in 'androidx/compose/runtime/Recomposer$runRecomposeAndApplyChanges$2')}
  0x00007f78c5a46f00: 443b d948 | be48 99d2 | 9278 7f00 | 0041 bd40 | 1700 007d | 0641 bd50 | 1700 004e | 8b34 2e4d 
  0x00007f78c5a46f20: 8d76 014e | 8934 2e0f | 8d83 0200 | 0049 8bf0 | 49ba ff00 | 0000 0000 | 0000 4923 | f241 bd80 
  0x00007f78c5a46f40: 0000 0049 

  0x00007f78c5a46f44: ;   {metadata(method data for {method} {0x00007f7890f76848} 'invokeSuspend$lambda$2' '(Landroidx/compose/runtime/Recomposer;Landroidx/collection/MutableScatterSet;Landroidx/collection/MutableScatterSet;Ljava/util/List;Ljava/util/List;Landroidx/collection/MutableScatterSet;Ljava/util/List;Landroidx/collection/MutableScatterSet;Ljava/util/Set;J)Lkotlin/Unit;' in 'androidx/compose/runtime/Recomposer$runRecomposeAndApplyChanges$2')}
  0x00007f78c5a46f44: 3bf5 48be | 4899 d292 | 787f 0000 | 41bd 6017 | 0000 7d06 | 41bd 7017 | 0000 4e8b | 342e 4d8d 
  0x00007f78c5a46f64: 7601 4e89 | 342e 0f8d | 1a00 0000 

  0x00007f78c5a46f70: ;   {metadata(method data for {method} {0x00007f7890f76848} 'invokeSuspend$lambda$2' '(Landroidx/compose/runtime/Recomposer;Landroidx/collection/MutableScatterSet;Landroidx/collection/MutableScatterSet;Ljava/util/List;Ljava/util/List;Landroidx/collection/MutableScatterSet;Ljava/util/List;Landroidx/collection/MutableScatterSet;Ljava/util/Set;J)Lkotlin/Unit;' in 'androidx/compose/runtime/Recomposer$runRecomposeAndApplyChanges$2')}
  0x00007f78c5a46f70: 48be 4899 | d292 787f | 0000 ff86 | 8017 0000 | be01 0000 | 00e9 0500 | 0000 be00 | 0000 0085 
  0x00007f78c5a46f90: ;   {metadata(method data for {method} {0x00007f7890f76848} 'invokeSuspend$lambda$2' '(Landroidx/compose/runtime/Recomposer;Landroidx/collection/MutableScatterSet;Landroidx/collection/MutableScatterSet;Ljava/util/List;Ljava/util/List;Landroidx/collection/MutableScatterSet;Ljava/util/List;Landroidx/collection/MutableScatterSet;Ljava/util/Set;J)Lkotlin/Unit;' in 'androidx/compose/runtime/Recomposer$runRecomposeAndApplyChanges$2')}
  0x00007f78c5a46f90: f648 be48 | 99d2 9278 | 7f00 0041 | bda8 1700 | 0075 0641 | bd98 1700 | 004e 8b34 | 2e4d 8d76 
  0x00007f78c5a46fb0: 014e 8934 | 2e0f 851c | 0000 0044 | 899c 24c4 | 0100 004c | 8984 24d0 | 0100 0089 | 9424 dc01 
  0x00007f78c5a46fd0: 0000 e965 | 0100 004c | 8984 24d0 | 0100 0048 | 8bf2 c1e6 | 0341 03f3 

  0x00007f78c5a46fe8: ; implicit exception: dispatches to 0x00007f78c5a4aa24
  0x00007f78c5a46fe8: 3b73 0c0f | 833d 3a00 | 0048 63f6 | 8b74 b310 | 48c1 e603 

  0x00007f78c5a46ffc: ;   {metadata(method data for {method} {0x00007f7890f76848} 'invokeSuspend$lambda$2' '(Landroidx/compose/runtime/Recomposer;Landroidx/collection/MutableScatterSet;Landroidx/collection/MutableScatterSet;Ljava/util/List;Ljava/util/List;Landroidx/collection/MutableScatterSet;Ljava/util/List;Landroidx/collection/MutableScatterSet;Ljava/util/Set;J)Lkotlin/Unit;' in 'androidx/compose/runtime/Recomposer$runRecomposeAndApplyChanges$2')}
  0x00007f78c5a46ffc: 4885 f648 | bf48 99d2 | 9278 7f00 | 0075 0c80 | 8fb1 1700 | 0001 e9b1 | 0000 0044 | 8b76 084c 
  0x00007f78c5a4701c: 3bb7 c017 | 0000 750d | 4883 87c8 | 1700 0001 | e960 0000 | 004c 3bb7 | d017 0000 | 750d 4883 
  0x00007f78c5a4703c: 87d8 1700 | 0001 e94a | 0000 0048 | 83bf c017 | 0000 0075 | 174c 89b7 | c017 0000 | 48c7 87c8 
  0x00007f78c5a4705c: 1700 0001 | 0000 00e9 | 2900 0000 | 4883 bfd0 | 1700 0000 | 7517 4c89 | b7d0 1700 | 0048 c787 
  0x00007f78c5a4707c: d817 0000 | 0100 0000 | e908 0000 | 0048 8387 | b817 0000 

  0x00007f78c5a47090: ;   {metadata('androidx/compose/runtime/ControlledComposition')}
  0x00007f78c5a47090: 0149 beb8 | d618 2100 | 0000 008b | 7e08 4c3b | 7720 0f84 | 2000 0000 | 493b fe0f | 8417 0000 
  0x00007f78c5a470b0: 0057 4156 

  0x00007f78c5a470b4: ;   {runtime_call C1 Runtime slow_subtype_check_blob}
  0x00007f78c5a470b4: e827 c9b3 | 065f 5f85 | ff0f 8479 | 3900 00e9 | 0000 0000 | 4885 f60f | 841c 0000 

  0x00007f78c5a470d0: ;   {metadata('androidx/compose/runtime/CompositionImpl')}
  0x00007f78c5a470d0: 0049 be30 | 7919 2100 | 0000 0044 | 8b6e 084d | 3bf5 0f85 | 5d39 0000 | e900 0000 | 0048 8bfe 
  0x00007f78c5a470f0: ; implicit exception: dispatches to 0x00007f78c5a4aa4a
  0x00007f78c5a470f0: 483b 0648 

  0x00007f78c5a470f4: ;   {metadata(method data for {method} {0x00007f7890f76848} 'invokeSuspend$lambda$2' '(Landroidx/compose/runtime/Recomposer;Landroidx/collection/MutableScatterSet;Landroidx/collection/MutableScatterSet;Ljava/util/List;Ljava/util/List;Landroidx/collection/MutableScatterSet;Ljava/util/List;Landroidx/collection/MutableScatterSet;Ljava/util/Set;J)Lkotlin/Unit;' in 'androidx/compose/runtime/Recomposer$runRecomposeAndApplyChanges$2')}
  0x00007f78c5a470f4: 8bfe 48bb | 4899 d292 | 787f 0000 

  0x00007f78c5a47100: ;   {metadata('androidx/compose/runtime/CompositionImpl')}
  0x00007f78c5a47100: 49ba 3079 | 1921 0000 | 0000 4c89 | 93f0 1700 | 0048 8383 | f817 0000 | 0189 9424 | dc01 0000 
  0x00007f78c5a47120: 4489 9c24 | c401 0000 | 0f1f 8000 

  0x00007f78c5a4712c: ;   {optimized virtual_call}
  0x00007f78c5a4712c: 0000 00e8 

  0x00007f78c5a47130: ; ImmutableOopMap {[216]=Oop [224]=Oop [232]=Oop [240]=Oop [248]=Oop [256]=Oop [416]=Oop [424]=Oop [456]=Oop [480]=Oop [640]=Oop [648]=Oop }
                      ;*invokeinterface applyLateChanges {reexecute=0 rethrow=0 return_oop=0}
                      ; - androidx.compose.runtime.Recomposer$runRecomposeAndApplyChanges$2::invokeSuspend$lambda$2@1418 (line 748)
  0x00007f78c5a47130: ac69 a606 

  0x00007f78c5a47134: ;   {post_call_nop}
  0x00007f78c5a47134: 0f1f 8400 | 2c50 003b | b908 0000 | 004c 8b84 | 24d0 0100 | 0049 d3f8 | 448b 9c24 | c401 0000 
  0x00007f78c5a47154: ;   {metadata(method data for {method} {0x00007f7890f76848} 'invokeSuspend$lambda$2' '(Landroidx/compose/runtime/Recomposer;Landroidx/collection/MutableScatterSet;Landroidx/collection/MutableScatterSet;Ljava/util/List;Ljava/util/List;Landroidx/collection/MutableScatterSet;Ljava/util/List;Landroidx/collection/MutableScatterSet;Ljava/util/Set;J)Lkotlin/Unit;' in 'androidx/compose/runtime/Recomposer$runRecomposeAndApplyChanges$2')}
  0x00007f78c5a47154: 41ff c348 | be48 99d2 | 9278 7f00 | 008b be94 | 0000 0083 | c702 89be | 9400 0000 | 81e7 fe3f 
  0x00007f78c5a47174: 0000 85ff | 0f84 d138 | 0000 4d8b 

  0x00007f78c5a47180: ; ImmutableOopMap {[216]=Oop [224]=Oop [232]=Oop [240]=Oop [248]=Oop [256]=Oop [416]=Oop [424]=Oop [456]=Oop [480]=Oop [640]=Oop [648]=Oop }
                      ;*goto {reexecute=1 rethrow=0 return_oop=0}
                      ; - (reexecute) androidx.compose.runtime.Recomposer$runRecomposeAndApplyChanges$2::invokeSuspend$lambda$2@1436 (line 2034)
                      ;   {poll}
  0x00007f78c5a47180: 5730 4185 

  0x00007f78c5a47184: ;   {metadata(method data for {method} {0x00007f7890f76848} 'invokeSuspend$lambda$2' '(Landroidx/compose/runtime/Recomposer;Landroidx/collection/MutableScatterSet;Landroidx/collection/MutableScatterSet;Ljava/util/List;Ljava/util/List;Landroidx/collection/MutableScatterSet;Ljava/util/List;Landroidx/collection/MutableScatterSet;Ljava/util/Set;J)Lkotlin/Unit;' in 'androidx/compose/runtime/Recomposer$runRecomposeAndApplyChanges$2')}
  0x00007f78c5a47184: 0248 be48 | 99d2 9278 | 7f00 00ff | 8618 1800 | 008b 8c24 | d801 0000 | 8b94 24dc | 0100 0048 
  0x00007f78c5a471a4: 8b9c 24c8 | 0100 00e9 | 50fd ffff | 8994 24dc | 0100 0083 

  0x00007f78c5a471b8: ;   {metadata(method data for {method} {0x00007f7890f76848} 'invokeSuspend$lambda$2' '(Landroidx/compose/runtime/Recomposer;Landroidx/collection/MutableScatterSet;Landroidx/collection/MutableScatterSet;Ljava/util/List;Ljava/util/List;Landroidx/collection/MutableScatterSet;Ljava/util/List;Landroidx/collection/MutableScatterSet;Ljava/util/Set;J)Lkotlin/Unit;' in 'androidx/compose/runtime/Recomposer$runRecomposeAndApplyChanges$2')}
  0x00007f78c5a471b8: f908 48be | 4899 d292 | 787f 0000 | bf30 1800 | 0075 05bf | 4018 0000 | 488b 1c3e | 488d 5b01 
  0x00007f78c5a471d8: 4889 1c3e | 0f85 9200 | 0000 8b94 | 24dc 0100 | 003b 9424 | c001 0000 

  0x00007f78c5a471f0: ;   {metadata(method data for {method} {0x00007f7890f76848} 'invokeSuspend$lambda$2' '(Landroidx/compose/runtime/Recomposer;Landroidx/collection/MutableScatterSet;Landroidx/collection/MutableScatterSet;Ljava/util/List;Ljava/util/List;Landroidx/collection/MutableScatterSet;Ljava/util/List;Landroidx/collection/MutableScatterSet;Ljava/util/Set;J)Lkotlin/Unit;' in 'androidx/compose/runtime/Recomposer$runRecomposeAndApplyChanges$2')}
  0x00007f78c5a471f0: 48be 4899 | d292 787f | 0000 bf50 | 1800 0074 | 05bf 6018 | 0000 488b | 1c3e 488d | 5b01 4889 
  0x00007f78c5a47210: 1c3e 0f84 | 5c00 0000 

  0x00007f78c5a47218: ;   {metadata(method data for {method} {0x00007f7890f76848} 'invokeSuspend$lambda$2' '(Landroidx/compose/runtime/Recomposer;Landroidx/collection/MutableScatterSet;Landroidx/collection/MutableScatterSet;Ljava/util/List;Ljava/util/List;Landroidx/collection/MutableScatterSet;Ljava/util/List;Landroidx/collection/MutableScatterSet;Ljava/util/Set;J)Lkotlin/Unit;' in 'androidx/compose/runtime/Recomposer$runRecomposeAndApplyChanges$2')}
  0x00007f78c5a47218: ffc2 48be | 4899 d292 | 787f 0000 | 8bbe 9400 | 0000 83c7 | 0289 be94 | 0000 0081 | e7fe 3f00 
  0x00007f78c5a47238: 0085 ff0f | 842f 3800 | 004d 8b57 

  0x00007f78c5a47244: ; ImmutableOopMap {[216]=Oop [224]=Oop [232]=Oop [240]=Oop [248]=Oop [256]=Oop [416]=Oop [424]=Oop [456]=Oop [480]=Oop [640]=Oop [648]=Oop }
                      ;*goto {reexecute=1 rethrow=0 return_oop=0}
                      ; - (reexecute) androidx.compose.runtime.Recomposer$runRecomposeAndApplyChanges$2::invokeSuspend$lambda$2@1456 (line 2029)
                      ;   {poll}
  0x00007f78c5a47244: 3041 8502 

  0x00007f78c5a47248: ;   {metadata(method data for {method} {0x00007f7890f76848} 'invokeSuspend$lambda$2' '(Landroidx/compose/runtime/Recomposer;Landroidx/collection/MutableScatterSet;Landroidx/collection/MutableScatterSet;Ljava/util/List;Ljava/util/List;Landroidx/collection/MutableScatterSet;Ljava/util/List;Landroidx/collection/MutableScatterSet;Ljava/util/Set;J)Lkotlin/Unit;' in 'androidx/compose/runtime/Recomposer$runRecomposeAndApplyChanges$2')}
  0x00007f78c5a47248: 48be 4899 | d292 787f | 0000 ff86 | 7018 0000 | 8b8c 24c0 | 0100 0048 | 8b84 24e0 | 0100 0048 
  0x00007f78c5a47268: 8b9c 24c8 | 0100 00e9 | 04fc ffff | 488b bc24 | 0001 0000 

  0x00007f78c5a4727c: ;   {metadata(method data for {method} {0x00007f7890f76848} 'invokeSuspend$lambda$2' '(Landroidx/compose/runtime/Recomposer;Landroidx/collection/MutableScatterSet;Landroidx/collection/MutableScatterSet;Ljava/util/List;Ljava/util/List;Landroidx/collection/MutableScatterSet;Ljava/util/List;Landroidx/collection/MutableScatterSet;Ljava/util/Set;J)Lkotlin/Unit;' in 'androidx/compose/runtime/Recomposer$runRecomposeAndApplyChanges$2')}
  0x00007f78c5a4727c: 48be 4899 | d292 787f | 0000 8b7f | 0848 3bbe | 9018 0000 | 750d 4883 | 8698 1800 | 0001 e960 
  0x00007f78c5a4729c: 0000 0048 | 3bbe a018 | 0000 750d | 4883 86a8 | 1800 0001 | e94a 0000 | 0048 83be | 9018 0000 
  0x00007f78c5a472bc: 0075 1748 | 89be 9018 | 0000 48c7 | 8698 1800 | 0001 0000 | 00e9 2900 | 0000 4883 | bea0 1800 
  0x00007f78c5a472dc: 0000 7517 | 4889 bea0 | 1800 0048 | c786 a818 | 0000 0100 | 0000 e908 | 0000 0048 | 8386 8818 
  0x00007f78c5a472fc: 0000 0148 | 8bb4 2400 

  0x00007f78c5a47304: ;   {optimized virtual_call}
  0x00007f78c5a47304: 0100 00e8 

  0x00007f78c5a47308: ; ImmutableOopMap {[216]=Oop [224]=Oop [232]=Oop [240]=Oop [248]=Oop [256]=Oop [416]=Oop [424]=Oop [640]=Oop [648]=Oop }
                      ;*invokevirtual clear {reexecute=0 rethrow=0 return_oop=0}
                      ; - androidx.compose.runtime.Recomposer$runRecomposeAndApplyChanges$2::invokeSuspend$lambda$2@1463 (line 755)
  0x00007f78c5a47308: d467 a606 

  0x00007f78c5a4730c: ;   {post_call_nop}
  0x00007f78c5a4730c: 0f1f 8400 | 0452 003e 

  0x00007f78c5a47314: ;   {metadata(method data for {method} {0x00007f7890f76848} 'invokeSuspend$lambda$2' '(Landroidx/compose/runtime/Recomposer;Landroidx/collection/MutableScatterSet;Landroidx/collection/MutableScatterSet;Ljava/util/List;Ljava/util/List;Landroidx/collection/MutableScatterSet;Ljava/util/List;Landroidx/collection/MutableScatterSet;Ljava/util/Set;J)Lkotlin/Unit;' in 'androidx/compose/runtime/Recomposer$runRecomposeAndApplyChanges$2')}
  0x00007f78c5a47314: 48b9 4899 | d292 787f | 0000 ff81 | b818 0000 | 488b bc24 | 8802 0000 

  0x00007f78c5a4732c: ; implicit exception: dispatches to 0x00007f78c5a4aa91
  0x00007f78c5a4732c: 483b 0748 

  0x00007f78c5a47330: ;   {metadata(method data for {method} {0x00007f7890f76848} 'invokeSuspend$lambda$2' '(Landroidx/compose/runtime/Recomposer;Landroidx/collection/MutableScatterSet;Landroidx/collection/MutableScatterSet;Ljava/util/List;Ljava/util/List;Landroidx/collection/MutableScatterSet;Ljava/util/List;Landroidx/collection/MutableScatterSet;Ljava/util/Set;J)Lkotlin/Unit;' in 'androidx/compose/runtime/Recomposer$runRecomposeAndApplyChanges$2')}
  0x00007f78c5a47330: 8bcf 48be | 4899 d292 | 787f 0000 | 8b49 0848 | 3b8e e819 | 0000 750d | 4883 86f0 | 1900 0001 
  0x00007f78c5a47350: e960 0000 | 0048 3b8e | f819 0000 | 750d 4883 | 8600 1a00 | 0001 e94a | 0000 0048 | 83be e819 
  0x00007f78c5a47370: 0000 0075 | 1748 898e | e819 0000 | 48c7 86f0 | 1900 0001 | 0000 00e9 | 2900 0000 | 4883 bef8 
  0x00007f78c5a47390: 1900 0000 | 7517 4889 | 8ef8 1900 | 0048 c786 | 001a 0000 | 0100 0000 | e908 0000 | 0048 8386 
  0x00007f78c5a473b0: e019 0000 

  0x00007f78c5a473b4: ;   {metadata(method data for {method} {0x00007f7890e781e8} 'isNotEmpty' '()Z' in 'androidx/collection/ScatterSet')}
  0x00007f78c5a473b4: 0148 b9b8 | 51a9 9278 | 7f00 008b | b190 0000 | 0083 c602 | 89b1 9000 | 0000 81e6 | feff 1f00 
  0x00007f78c5a473d4: 85f6 0f84 | ba36 0000 | 8b4f 1085 

  0x00007f78c5a473e0: ;   {metadata(method data for {method} {0x00007f7890e781e8} 'isNotEmpty' '()Z' in 'androidx/collection/ScatterSet')}
  0x00007f78c5a473e0: c948 b9b8 | 51a9 9278 | 7f00 00be | d800 0000 | 7405 bee8 | 0000 0048 | 8b1c 3148 | 8d5b 0148 
  0x00007f78c5a47400: 891c 310f | 841a 0000 

  0x00007f78c5a47408: ;   {metadata(method data for {method} {0x00007f7890e781e8} 'isNotEmpty' '()Z' in 'androidx/collection/ScatterSet')}
  0x00007f78c5a47408: 0048 b9b8 | 51a9 9278 | 7f00 00ff | 81f8 0000 | 00b9 0100 | 0000 e905 | 0000 00b9 | 0000 0000 
  0x00007f78c5a47428: 83e1 0185 

  0x00007f78c5a4742c: ;   {metadata(method data for {method} {0x00007f7890f76848} 'invokeSuspend$lambda$2' '(Landroidx/compose/runtime/Recomposer;Landroidx/collection/MutableScatterSet;Landroidx/collection/MutableScatterSet;Ljava/util/List;Ljava/util/List;Landroidx/collection/MutableScatterSet;Ljava/util/List;Landroidx/collection/MutableScatterSet;Ljava/util/Set;J)Lkotlin/Unit;' in 'androidx/compose/runtime/Recomposer$runRecomposeAndApplyChanges$2')}
  0x00007f78c5a4742c: c948 b948 | 99d2 9278 | 7f00 00be | 101a 0000 | 7405 be20 | 1a00 0048 | 8b1c 3148 | 8d5b 0148 
  0x00007f78c5a4744c: 891c 310f | 8407 0500 | 008b 5f18 | 48c1 e303 | 4889 9c24 | f001 0000 | 8b47 1448 | c1e0 0348 
  0x00007f78c5a4746c: 8984 2408 | 0200 008b | 480c 83e9 | 0289 8c24 | e801 0000 

  0x00007f78c5a47480: ;   {metadata(method data for {method} {0x00007f7890f76848} 'invokeSuspend$lambda$2' '(Landroidx/compose/runtime/Recomposer;Landroidx/collection/MutableScatterSet;Landroidx/collection/MutableScatterSet;Ljava/util/List;Ljava/util/List;Landroidx/collection/MutableScatterSet;Ljava/util/List;Landroidx/collection/MutableScatterSet;Ljava/util/Set;J)Lkotlin/Unit;' in 'androidx/compose/runtime/Recomposer$runRecomposeAndApplyChanges$2')}
  0x00007f78c5a47480: 85c9 48be | 4899 d292 | 787f 0000 | ba60 1a00 | 007c 05ba | 701a 0000 | 4c8b 0416 | 4d8d 4001 
  0x00007f78c5a474a0: 4c89 0416 | 0f8c 0204 | 0000 ba00 | 0000 0090 | 3b50 0c0f | 8303 3600 | 0048 63f2 | 4c8b 44f0 
  0x00007f78c5a474c0: 1049 8bf0 | 49ba ffff | ffff ffff | ffff 4933 | f24c 8bc9 | b907 0000 | 0048 d3e6 | 4923 f048 
  0x00007f78c5a474e0: b980 8080 | 8080 8080 | 8048 23f1 

  0x00007f78c5a474ec: ;   {metadata(method data for {method} {0x00007f7890f76848} 'invokeSuspend$lambda$2' '(Landroidx/compose/runtime/Recomposer;Landroidx/collection/MutableScatterSet;Landroidx/collection/MutableScatterSet;Ljava/util/List;Ljava/util/List;Landroidx/collection/MutableScatterSet;Ljava/util/List;Landroidx/collection/MutableScatterSet;Ljava/util/Set;J)Lkotlin/Unit;' in 'androidx/compose/runtime/Recomposer$runRecomposeAndApplyChanges$2')}
  0x00007f78c5a474ec: 483b f148 | be48 99d2 | 9278 7f00 | 00b9 801a | 0000 7405 | b990 1a00 | 004c 8b1c | 0e4d 8d5b 
  0x00007f78c5a4750c: 014c 891c | 0e0f 840a | 0300 0048 | 8bf2 412b | f183 f6ff | c1ee 1fb9 | 0800 0000 | 2bce 898c 
  0x00007f78c5a4752c: 2400 0200 | 0041 bb00 | 0000 0090 

  0x00007f78c5a47538: ;   {metadata(method data for {method} {0x00007f7890f76848} 'invokeSuspend$lambda$2' '(Landroidx/compose/runtime/Recomposer;Landroidx/collection/MutableScatterSet;Landroidx/collection/MutableScatterSet;Ljava/util/List;Ljava/util/List;Landroidx/collection/MutableScatterSet;Ljava/util/List;Landroidx/collection/MutableScatterSet;Ljava/util/Set;J)Lkotlin/Unit;' in 'androidx/compose/runtime/Recomposer$runRecomposeAndApplyChanges$2')}
  0x00007f78c5a47538: 443b d948 | be48 99d2 | 9278 7f00 | 0041 bda0 | 1a00 007d | 0641 bdb0 | 1a00 004e | 8b34 2e4d 
  0x00007f78c5a47558: 8d76 014e | 8934 2e0f | 8d83 0200 | 0049 8bf0 | 49ba ff00 | 0000 0000 | 0000 4923 | f241 bd80 
  0x00007f78c5a47578: 0000 0049 

  0x00007f78c5a4757c: ;   {metadata(method data for {method} {0x00007f7890f76848} 'invokeSuspend$lambda$2' '(Landroidx/compose/runtime/Recomposer;Landroidx/collection/MutableScatterSet;Landroidx/collection/MutableScatterSet;Ljava/util/List;Ljava/util/List;Landroidx/collection/MutableScatterSet;Ljava/util/List;Landroidx/collection/MutableScatterSet;Ljava/util/Set;J)Lkotlin/Unit;' in 'androidx/compose/runtime/Recomposer$runRecomposeAndApplyChanges$2')}
  0x00007f78c5a4757c: 3bf5 48be | 4899 d292 | 787f 0000 | 41bd c01a | 0000 7d06 | 41bd d01a | 0000 4e8b | 342e 4d8d 
  0x00007f78c5a4759c: 7601 4e89 | 342e 0f8d | 1a00 0000 

  0x00007f78c5a475a8: ;   {metadata(method data for {method} {0x00007f7890f76848} 'invokeSuspend$lambda$2' '(Landroidx/compose/runtime/Recomposer;Landroidx/collection/MutableScatterSet;Landroidx/collection/MutableScatterSet;Ljava/util/List;Ljava/util/List;Landroidx/collection/MutableScatterSet;Ljava/util/List;Landroidx/collection/MutableScatterSet;Ljava/util/Set;J)Lkotlin/Unit;' in 'androidx/compose/runtime/Recomposer$runRecomposeAndApplyChanges$2')}
  0x00007f78c5a475a8: 48be 4899 | d292 787f | 0000 ff86 | e01a 0000 | be01 0000 | 00e9 0500 | 0000 be00 | 0000 0085 
  0x00007f78c5a475c8: ;   {metadata(method data for {method} {0x00007f7890f76848} 'invokeSuspend$lambda$2' '(Landroidx/compose/runtime/Recomposer;Landroidx/collection/MutableScatterSet;Landroidx/collection/MutableScatterSet;Ljava/util/List;Ljava/util/List;Landroidx/collection/MutableScatterSet;Ljava/util/List;Landroidx/collection/MutableScatterSet;Ljava/util/Set;J)Lkotlin/Unit;' in 'androidx/compose/runtime/Recomposer$runRecomposeAndApplyChanges$2')}
  0x00007f78c5a475c8: f648 be48 | 99d2 9278 | 7f00 0041 | bd08 1b00 | 0075 0641 | bdf8 1a00 | 004e 8b34 | 2e4d 8d76 
  0x00007f78c5a475e8: 014e 8934 | 2e0f 851c | 0000 0044 | 899c 24ec | 0100 004c | 8984 24f8 | 0100 0089 | 9424 0402 
  0x00007f78c5a47608: 0000 e965 | 0100 004c | 8984 24f8 | 0100 0048 | 8bf2 c1e6 | 0341 03f3 

  0x00007f78c5a47620: ; implicit exception: dispatches to 0x00007f78c5a4aaca
  0x00007f78c5a47620: 3b73 0c0f | 83ab 3400 | 0048 63f6 | 8b74 b310 | 48c1 e603 

  0x00007f78c5a47634: ;   {metadata(method data for {method} {0x00007f7890f76848} 'invokeSuspend$lambda$2' '(Landroidx/compose/runtime/Recomposer;Landroidx/collection/MutableScatterSet;Landroidx/collection/MutableScatterSet;Ljava/util/List;Ljava/util/List;Landroidx/collection/MutableScatterSet;Ljava/util/List;Landroidx/collection/MutableScatterSet;Ljava/util/Set;J)Lkotlin/Unit;' in 'androidx/compose/runtime/Recomposer$runRecomposeAndApplyChanges$2')}
  0x00007f78c5a47634: 4885 f648 | bf48 99d2 | 9278 7f00 | 0075 0c80 | 8f11 1b00 | 0001 e9b1 | 0000 0044 | 8b76 084c 
  0x00007f78c5a47654: 3bb7 201b | 0000 750d | 4883 8728 | 1b00 0001 | e960 0000 | 004c 3bb7 | 301b 0000 | 750d 4883 
  0x00007f78c5a47674: 8738 1b00 | 0001 e94a | 0000 0048 | 83bf 201b | 0000 0075 | 174c 89b7 | 201b 0000 | 48c7 8728 
  0x00007f78c5a47694: 1b00 0001 | 0000 00e9 | 2900 0000 | 4883 bf30 | 1b00 0000 | 7517 4c89 | b730 1b00 | 0048 c787 
  0x00007f78c5a476b4: 381b 0000 | 0100 0000 | e908 0000 | 0048 8387 | 181b 0000 

  0x00007f78c5a476c8: ;   {metadata('androidx/compose/runtime/ControlledComposition')}
  0x00007f78c5a476c8: 0149 beb8 | d618 2100 | 0000 008b | 7e08 4c3b | 7720 0f84 | 2000 0000 | 493b fe0f | 8417 0000 
  0x00007f78c5a476e8: 0057 4156 

  0x00007f78c5a476ec: ;   {runtime_call C1 Runtime slow_subtype_check_blob}
  0x00007f78c5a476ec: e8ef c2b3 | 065f 5f85 | ff0f 84e7 | 3300 00e9 | 0000 0000 | 4885 f60f | 841c 0000 

  0x00007f78c5a47708: ;   {metadata('androidx/compose/runtime/CompositionImpl')}
  0x00007f78c5a47708: 0049 be30 | 7919 2100 | 0000 0044 | 8b6e 084d | 3bf5 0f85 | cb33 0000 | e900 0000 | 0048 8bfe 
  0x00007f78c5a47728: ; implicit exception: dispatches to 0x00007f78c5a4aaf0
  0x00007f78c5a47728: 483b 0648 

  0x00007f78c5a4772c: ;   {metadata(method data for {method} {0x00007f7890f76848} 'invokeSuspend$lambda$2' '(Landroidx/compose/runtime/Recomposer;Landroidx/collection/MutableScatterSet;Landroidx/collection/MutableScatterSet;Ljava/util/List;Ljava/util/List;Landroidx/collection/MutableScatterSet;Ljava/util/List;Landroidx/collection/MutableScatterSet;Ljava/util/Set;J)Lkotlin/Unit;' in 'androidx/compose/runtime/Recomposer$runRecomposeAndApplyChanges$2')}
  0x00007f78c5a4772c: 8bfe 48bb | 4899 d292 | 787f 0000 

  0x00007f78c5a47738: ;   {metadata('androidx/compose/runtime/CompositionImpl')}
  0x00007f78c5a47738: 49ba 3079 | 1921 0000 | 0000 4c89 | 9350 1b00 | 0048 8383 | 581b 0000 | 0189 9424 | 0402 0000 
  0x00007f78c5a47758: 4489 9c24 | ec01 0000 | 0f1f 8000 

  0x00007f78c5a47764: ;   {optimized virtual_call}
  0x00007f78c5a47764: 0000 00e8 

  0x00007f78c5a47768: ; ImmutableOopMap {[216]=Oop [224]=Oop [232]=Oop [240]=Oop [248]=Oop [256]=Oop [416]=Oop [424]=Oop [496]=Oop [520]=Oop [640]=Oop [648]=Oop }
                      ;*invokeinterface changesApplied {reexecute=0 rethrow=0 return_oop=0}
                      ; - androidx.compose.runtime.Recomposer$runRecomposeAndApplyChanges$2::invokeSuspend$lambda$2@1732 (line 762)
  0x00007f78c5a47768: 913a 0000 

  0x00007f78c5a4776c: ;   {post_call_nop}
  0x00007f78c5a4776c: 0f1f 8400 | 6456 003f | b908 0000 | 004c 8b84 | 24f8 0100 | 0049 d3f8 | 448b 9c24 | ec01 0000 
  0x00007f78c5a4778c: ;   {metadata(method data for {method} {0x00007f7890f76848} 'invokeSuspend$lambda$2' '(Landroidx/compose/runtime/Recomposer;Landroidx/collection/MutableScatterSet;Landroidx/collection/MutableScatterSet;Ljava/util/List;Ljava/util/List;Landroidx/collection/MutableScatterSet;Ljava/util/List;Landroidx/collection/MutableScatterSet;Ljava/util/Set;J)Lkotlin/Unit;' in 'androidx/compose/runtime/Recomposer$runRecomposeAndApplyChanges$2')}
  0x00007f78c5a4778c: 41ff c348 | be48 99d2 | 9278 7f00 | 008b be94 | 0000 0083 | c702 89be | 9400 0000 | 81e7 fe3f 
  0x00007f78c5a477ac: 0000 85ff | 0f84 3f33 | 0000 4d8b 

  0x00007f78c5a477b8: ; ImmutableOopMap {[216]=Oop [224]=Oop [232]=Oop [240]=Oop [248]=Oop [256]=Oop [416]=Oop [424]=Oop [496]=Oop [520]=Oop [640]=Oop [648]=Oop }
                      ;*goto {reexecute=1 rethrow=0 return_oop=0}
                      ; - (reexecute) androidx.compose.runtime.Recomposer$runRecomposeAndApplyChanges$2::invokeSuspend$lambda$2@1750 (line 2059)
                      ;   {poll}
  0x00007f78c5a477b8: 5730 4185 

  0x00007f78c5a477bc: ;   {metadata(method data for {method} {0x00007f7890f76848} 'invokeSuspend$lambda$2' '(Landroidx/compose/runtime/Recomposer;Landroidx/collection/MutableScatterSet;Landroidx/collection/MutableScatterSet;Ljava/util/List;Ljava/util/List;Landroidx/collection/MutableScatterSet;Ljava/util/List;Landroidx/collection/MutableScatterSet;Ljava/util/Set;J)Lkotlin/Unit;' in 'androidx/compose/runtime/Recomposer$runRecomposeAndApplyChanges$2')}
  0x00007f78c5a477bc: 0248 be48 | 99d2 9278 | 7f00 00ff | 8678 1b00 | 008b 8c24 | 0002 0000 | 8b94 2404 | 0200 0048 
  0x00007f78c5a477dc: 8b9c 24f0 | 0100 00e9 | 50fd ffff | 8994 2404 | 0200 0083 

  0x00007f78c5a477f0: ;   {metadata(method data for {method} {0x00007f7890f76848} 'invokeSuspend$lambda$2' '(Landroidx/compose/runtime/Recomposer;Landroidx/collection/MutableScatterSet;Landroidx/collection/MutableScatterSet;Ljava/util/List;Ljava/util/List;Landroidx/collection/MutableScatterSet;Ljava/util/List;Landroidx/collection/MutableScatterSet;Ljava/util/Set;J)Lkotlin/Unit;' in 'androidx/compose/runtime/Recomposer$runRecomposeAndApplyChanges$2')}
  0x00007f78c5a477f0: f908 48be | 4899 d292 | 787f 0000 | bf90 1b00 | 0075 05bf | a01b 0000 | 488b 1c3e | 488d 5b01 
  0x00007f78c5a47810: 4889 1c3e | 0f85 9200 | 0000 8b94 | 2404 0200 | 003b 9424 | e801 0000 

  0x00007f78c5a47828: ;   {metadata(method data for {method} {0x00007f7890f76848} 'invokeSuspend$lambda$2' '(Landroidx/compose/runtime/Recomposer;Landroidx/collection/MutableScatterSet;Landroidx/collection/MutableScatterSet;Ljava/util/List;Ljava/util/List;Landroidx/collection/MutableScatterSet;Ljava/util/List;Landroidx/collection/MutableScatterSet;Ljava/util/Set;J)Lkotlin/Unit;' in 'androidx/compose/runtime/Recomposer$runRecomposeAndApplyChanges$2')}
  0x00007f78c5a47828: 48be 4899 | d292 787f | 0000 bfb0 | 1b00 0074 | 05bf c01b | 0000 488b | 1c3e 488d | 5b01 4889 
  0x00007f78c5a47848: 1c3e 0f84 | 5c00 0000 

  0x00007f78c5a47850: ;   {metadata(method data for {method} {0x00007f7890f76848} 'invokeSuspend$lambda$2' '(Landroidx/compose/runtime/Recomposer;Landroidx/collection/MutableScatterSet;Landroidx/collection/MutableScatterSet;Ljava/util/List;Ljava/util/List;Landroidx/collection/MutableScatterSet;Ljava/util/List;Landroidx/collection/MutableScatterSet;Ljava/util/Set;J)Lkotlin/Unit;' in 'androidx/compose/runtime/Recomposer$runRecomposeAndApplyChanges$2')}
  0x00007f78c5a47850: ffc2 48be | 4899 d292 | 787f 0000 | 8bbe 9400 | 0000 83c7 | 0289 be94 | 0000 0081 | e7fe 3f00 
  0x00007f78c5a47870: 0085 ff0f | 849d 3200 | 004d 8b57 

  0x00007f78c5a4787c: ; ImmutableOopMap {[216]=Oop [224]=Oop [232]=Oop [240]=Oop [248]=Oop [256]=Oop [416]=Oop [424]=Oop [496]=Oop [520]=Oop [640]=Oop [648]=Oop }
                      ;*goto {reexecute=1 rethrow=0 return_oop=0}
                      ; - (reexecute) androidx.compose.runtime.Recomposer$runRecomposeAndApplyChanges$2::invokeSuspend$lambda$2@1770 (line 2054)
                      ;   {poll}
  0x00007f78c5a4787c: 3041 8502 

  0x00007f78c5a47880: ;   {metadata(method data for {method} {0x00007f7890f76848} 'invokeSuspend$lambda$2' '(Landroidx/compose/runtime/Recomposer;Landroidx/collection/MutableScatterSet;Landroidx/collection/MutableScatterSet;Ljava/util/List;Ljava/util/List;Landroidx/collection/MutableScatterSet;Ljava/util/List;Landroidx/collection/MutableScatterSet;Ljava/util/Set;J)Lkotlin/Unit;' in 'androidx/compose/runtime/Recomposer$runRecomposeAndApplyChanges$2')}
  0x00007f78c5a47880: 48be 4899 | d292 787f | 0000 ff86 | d01b 0000 | 8b8c 24e8 | 0100 0048 | 8b84 2408 | 0200 0048 
  0x00007f78c5a478a0: 8b9c 24f0 | 0100 00e9 | 04fc ffff | 488b bc24 | 8802 0000 

  0x00007f78c5a478b4: ;   {metadata(method data for {method} {0x00007f7890f76848} 'invokeSuspend$lambda$2' '(Landroidx/compose/runtime/Recomposer;Landroidx/collection/MutableScatterSet;Landroidx/collection/MutableScatterSet;Ljava/util/List;Ljava/util/List;Landroidx/collection/MutableScatterSet;Ljava/util/List;Landroidx/collection/MutableScatterSet;Ljava/util/Set;J)Lkotlin/Unit;' in 'androidx/compose/runtime/Recomposer$runRecomposeAndApplyChanges$2')}
  0x00007f78c5a478b4: 48be 4899 | d292 787f | 0000 8b7f | 0848 3bbe | f01b 0000 | 750d 4883 | 86f8 1b00 | 0001 e960 
  0x00007f78c5a478d4: 0000 0048 | 3bbe 001c | 0000 750d | 4883 8608 | 1c00 0001 | e94a 0000 | 0048 83be | f01b 0000 
  0x00007f78c5a478f4: 0075 1748 | 89be f01b | 0000 48c7 | 86f8 1b00 | 0001 0000 | 00e9 2900 | 0000 4883 | be00 1c00 
  0x00007f78c5a47914: 0000 7517 | 4889 be00 | 1c00 0048 | c786 081c | 0000 0100 | 0000 e908 | 0000 0048 | 8386 e81b 
  0x00007f78c5a47934: 0000 0148 | 8bb4 2488 

  0x00007f78c5a4793c: ;   {optimized virtual_call}
  0x00007f78c5a4793c: 0200 00e8 

  0x00007f78c5a47940: ; ImmutableOopMap {[216]=Oop [232]=Oop [240]=Oop [416]=Oop [424]=Oop }
                      ;*invokevirtual clear {reexecute=0 rethrow=0 return_oop=0}
                      ; - androidx.compose.runtime.Recomposer$runRecomposeAndApplyChanges$2::invokeSuspend$lambda$2@1777 (line 769)
  0x00007f78c5a47940: 5c37 f0ff 

  0x00007f78c5a47944: ;   {post_call_nop}
  0x00007f78c5a47944: 0f1f 8400 | 3c58 0042 

  0x00007f78c5a4794c: ;   {metadata(method data for {method} {0x00007f7890f76848} 'invokeSuspend$lambda$2' '(Landroidx/compose/runtime/Recomposer;Landroidx/collection/MutableScatterSet;Landroidx/collection/MutableScatterSet;Ljava/util/List;Ljava/util/List;Landroidx/collection/MutableScatterSet;Ljava/util/List;Landroidx/collection/MutableScatterSet;Ljava/util/Set;J)Lkotlin/Unit;' in 'androidx/compose/runtime/Recomposer$runRecomposeAndApplyChanges$2')}
  0x00007f78c5a4794c: 48ba 4899 | d292 787f | 0000 ff82 | 181c 0000 | 488b 8424 | a001 0000 

  0x00007f78c5a47964: ;   {metadata(method data for {method} {0x00007f7890f76848} 'invokeSuspend$lambda$2' '(Landroidx/compose/runtime/Recomposer;Landroidx/collection/MutableScatterSet;Landroidx/collection/MutableScatterSet;Ljava/util/List;Ljava/util/List;Landroidx/collection/MutableScatterSet;Ljava/util/List;Landroidx/collection/MutableScatterSet;Ljava/util/Set;J)Lkotlin/Unit;' in 'androidx/compose/runtime/Recomposer$runRecomposeAndApplyChanges$2')}
  0x00007f78c5a47964: 48ba 4899 | d292 787f | 0000 8b40 | 0848 3b82 | 481d 0000 | 750d 4883 | 8250 1d00 | 0001 e960 
  0x00007f78c5a47984: 0000 0048 | 3b82 581d | 0000 750d | 4883 8260 | 1d00 0001 | e94a 0000 | 0048 83ba | 481d 0000 
  0x00007f78c5a479a4: 0075 1748 | 8982 481d | 0000 48c7 | 8250 1d00 | 0001 0000 | 00e9 2900 | 0000 4883 | ba58 1d00 
  0x00007f78c5a479c4: 0000 7517 | 4889 8258 | 1d00 0048 | c782 601d | 0000 0100 | 0000 e908 | 0000 0048 | 8382 401d 
  0x00007f78c5a479e4: ;   {metadata(method data for {method} {0x00007f7890ce9bb0} 'restoreCurrent' '(Landroidx/compose/runtime/snapshots/Snapshot;)V' in 'androidx/compose/runtime/snapshots/Snapshot')}
  0x00007f78c5a479e4: 0000 0148 | ba40 bf8f | 9278 7f00 | 008b b290 | 0000 0083 | c602 89b2 | 9000 0000 | 81e6 feff 
  0x00007f78c5a47a04: 1f00 85f6 | 0f84 2931 

  0x00007f78c5a47a0c: ;   {metadata(method data for {method} {0x00007f7890ce9bb0} 'restoreCurrent' '(Landroidx/compose/runtime/snapshots/Snapshot;)V' in 'androidx/compose/runtime/snapshots/Snapshot')}
  0x00007f78c5a47a0c: 0000 48ba | 40bf 8f92 | 787f 0000 | 4883 82d8 | 0000 0001 

  0x00007f78c5a47a20: ;   {metadata(method data for {method} {0x00007f7890cf70b0} 'access$getThreadSnapshot$p' '()Landroidx/compose/runtime/internal/SnapshotThreadLocal;' in 'androidx/compose/runtime/snapshots/SnapshotKt')}
  0x00007f78c5a47a20: 48ba b893 | 6d92 787f | 0000 8bb2 | 9000 0000 | 83c6 0289 | b290 0000 | 0081 e6fe | ff1f 0085 
  0x00007f78c5a47a40: f60f 8411 

  0x00007f78c5a47a44: ;   {oop(a 'androidx/compose/runtime/internal/SnapshotThreadLocal'{0x00000004214f8a00})}
  0x00007f78c5a47a44: 3100 0048 | be00 8a4f | 2104 0000 | 0048 8bd6 

  0x00007f78c5a47a54: ;   {metadata(method data for {method} {0x00007f7890ce9bb0} 'restoreCurrent' '(Landroidx/compose/runtime/snapshots/Snapshot;)V' in 'androidx/compose/runtime/snapshots/Snapshot')}
  0x00007f78c5a47a54: 48bf 40bf | 8f92 787f | 0000 8b52 | 0848 3b97 | f000 0000 | 750d 4883 | 87f8 0000 | 0001 e960 
  0x00007f78c5a47a74: 0000 0048 | 3b97 0001 | 0000 750d | 4883 8708 | 0100 0001 | e94a 0000 | 0048 83bf | f000 0000 
  0x00007f78c5a47a94: 0075 1748 | 8997 f000 | 0000 48c7 | 87f8 0000 | 0001 0000 | 00e9 2900 | 0000 4883 | bf00 0100 
  0x00007f78c5a47ab4: 0000 7517 | 4889 9700 | 0100 0048 | c787 0801 | 0000 0100 | 0000 e908 | 0000 0048 | 8387 e800 
  0x00007f78c5a47ad4: 0000 0148 | 8b94 24a8 

  0x00007f78c5a47adc: ;   {optimized virtual_call}
  0x00007f78c5a47adc: 0100 00e8 

  0x00007f78c5a47ae0: ; ImmutableOopMap {[216]=Oop [232]=Oop [240]=Oop [416]=Oop }
                      ;*invokevirtual set {reexecute=0 rethrow=0 return_oop=0}
                      ; - androidx.compose.runtime.snapshots.Snapshot::restoreCurrent@4 (line 167)
                      ; - androidx.compose.runtime.Recomposer$runRecomposeAndApplyChanges$2::invokeSuspend$lambda$2@1876 (line 2020)
  0x00007f78c5a47ae0: bc64 ccff 

  0x00007f78c5a47ae4: ;   {post_call_nop}
  0x00007f78c5a47ae4: 0f1f 8400 | dc59 0043 

  0x00007f78c5a47aec: ;   {metadata(method data for {method} {0x00007f7890f76848} 'invokeSuspend$lambda$2' '(Landroidx/compose/runtime/Recomposer;Landroidx/collection/MutableScatterSet;Landroidx/collection/MutableScatterSet;Ljava/util/List;Ljava/util/List;Landroidx/collection/MutableScatterSet;Ljava/util/List;Landroidx/collection/MutableScatterSet;Ljava/util/Set;J)Lkotlin/Unit;' in 'androidx/compose/runtime/Recomposer$runRecomposeAndApplyChanges$2')}
  0x00007f78c5a47aec: 48be 4899 | d292 787f | 0000 ff86 | 701d 0000 | 488b 8424 | a001 0000 

  0x00007f78c5a47b04: ;   {metadata(method data for {method} {0x00007f7890f76848} 'invokeSuspend$lambda$2' '(Landroidx/compose/runtime/Recomposer;Landroidx/collection/MutableScatterSet;Landroidx/collection/MutableScatterSet;Ljava/util/List;Ljava/util/List;Landroidx/collection/MutableScatterSet;Ljava/util/List;Landroidx/collection/MutableScatterSet;Ljava/util/Set;J)Lkotlin/Unit;' in 'androidx/compose/runtime/Recomposer$runRecomposeAndApplyChanges$2')}
  0x00007f78c5a47b04: 48be 4899 | d292 787f | 0000 8b40 | 0848 3b86 | c01d 0000 | 750d 4883 | 86c8 1d00 | 0001 e960 
  0x00007f78c5a47b24: 0000 0048 | 3b86 d01d | 0000 750d | 4883 86d8 | 1d00 0001 | e94a 0000 | 0048 83be | c01d 0000 
  0x00007f78c5a47b44: 0075 1748 | 8986 c01d | 0000 48c7 | 86c8 1d00 | 0001 0000 | 00e9 2900 | 0000 4883 | bed0 1d00 
  0x00007f78c5a47b64: 0000 7517 | 4889 86d0 | 1d00 0048 | c786 d81d | 0000 0100 | 0000 e908 | 0000 0048 | 8386 b81d 
  0x00007f78c5a47b84: 0000 0148 | 8bb4 24a0 | 0100 0066 | 0f1f 4400 | 0048 b830 | 57de 6978 

  0x00007f78c5a47b9c: ;   {virtual_call}
  0x00007f78c5a47b9c: 7f00 00e8 

  0x00007f78c5a47ba0: ; ImmutableOopMap {[216]=Oop [232]=Oop [240]=Oop }
                      ;*invokevirtual dispose {reexecute=0 rethrow=0 return_oop=0}
                      ; - androidx.compose.runtime.Recomposer$runRecomposeAndApplyChanges$2::invokeSuspend$lambda$2@1899 (line 2021)
  0x00007f78c5a47ba0: 6e59 d1ff 

  0x00007f78c5a47ba4: ;   {post_call_nop}
  0x00007f78c5a47ba4: 0f1f 8400 | 9c5a 0044 

  0x00007f78c5a47bac: ;   {metadata(method data for {method} {0x00007f7890f76848} 'invokeSuspend$lambda$2' '(Landroidx/compose/runtime/Recomposer;Landroidx/collection/MutableScatterSet;Landroidx/collection/MutableScatterSet;Ljava/util/List;Ljava/util/List;Landroidx/collection/MutableScatterSet;Ljava/util/List;Landroidx/collection/MutableScatterSet;Ljava/util/Set;J)Lkotlin/Unit;' in 'androidx/compose/runtime/Recomposer$runRecomposeAndApplyChanges$2')}
  0x00007f78c5a47bac: 48b8 4899 | d292 787f | 0000 ff80 | e81d 0000 | 488b b424 | d800 0000 

  0x00007f78c5a47bc4: ;   {metadata(method data for {method} {0x00007f7890f76848} 'invokeSuspend$lambda$2' '(Landroidx/compose/runtime/Recomposer;Landroidx/collection/MutableScatterSet;Landroidx/collection/MutableScatterSet;Ljava/util/List;Ljava/util/List;Landroidx/collection/MutableScatterSet;Ljava/util/List;Landroidx/collection/MutableScatterSet;Ljava/util/Set;J)Lkotlin/Unit;' in 'androidx/compose/runtime/Recomposer$runRecomposeAndApplyChanges$2')}
  0x00007f78c5a47bc4: 48b8 4899 | d292 787f | 0000 4883 | 8030 1e00 | 0001 8b7e | 2448 c1e7 | 0348 89bc | 2410 0200 
  0x00007f78c5a47be4: 0048 8d9c | 2450 0200 | 0048 897b | 0848 8b07 | 418b 97d0 | 0700 0081 | fa20 0800 | 000f 8d77 
  0x00007f78c5a47c04: 2f00 0049 | 3b7c 17f8 | 0f84 2500 | 0000 a802 | 0f85 642f | 0000 488b | d048 83e2 | fe48 83c8 
  0x00007f78c5a47c24: 01f0 480f | b117 0f85 | 4e2f 0000 | 418b 97d0 | 0700 0049 | 893c 1783 | c208 4189 | 97d0 0700 
  0x00007f78c5a47c44: ;   {metadata(method data for {method} {0x00007f7890f76848} 'invokeSuspend$lambda$2' '(Landroidx/compose/runtime/Recomposer;Landroidx/collection/MutableScatterSet;Landroidx/collection/MutableScatterSet;Ljava/util/List;Ljava/util/List;Landroidx/collection/MutableScatterSet;Ljava/util/List;Landroidx/collection/MutableScatterSet;Ljava/util/Set;J)Lkotlin/Unit;' in 'androidx/compose/runtime/Recomposer$runRecomposeAndApplyChanges$2')}
  0x00007f78c5a47c44: 0048 bb48 | 99d2 9278 | 7f00 0048 | 8383 401e 

  0x00007f78c5a47c54: ;   {metadata(method data for {method} {0x00007f7890e28330} 'access$deriveStateLocked' '(Landroidx/compose/runtime/Recomposer;)Lkotlinx/coroutines/CancellableContinuation;' in 'androidx/compose/runtime/Recomposer')}
  0x00007f78c5a47c54: 0000 0148 | bb38 c1ad | 9278 7f00 | 008b 8390 | 0000 0083 | c002 8983 | 9000 0000 | 25fe ff1f 
  0x00007f78c5a47c74: 0085 c00f | 8414 2f00 | 0048 8bde 

  0x00007f78c5a47c80: ;   {metadata(method data for {method} {0x00007f7890e28330} 'access$deriveStateLocked' '(Landroidx/compose/runtime/Recomposer;)Lkotlinx/coroutines/CancellableContinuation;' in 'androidx/compose/runtime/Recomposer')}
  0x00007f78c5a47c80: 48b8 38c1 | ad92 787f | 0000 4883 | 80d8 0000 | 0001 488b | de48 8bf3 | 0f1f 8000 

  0x00007f78c5a47c9c: ;   {optimized virtual_call}
  0x00007f78c5a47c9c: 0000 00e8 

  0x00007f78c5a47ca0: ; ImmutableOopMap {[216]=Oop [232]=Oop [240]=Oop [528]=Oop [600]=Oop }
                      ;*invokespecial deriveStateLocked {reexecute=0 rethrow=0 return_oop=0}
                      ; - androidx.compose.runtime.Recomposer::access$deriveStateLocked@1 (line 191)
                      ; - androidx.compose.runtime.Recomposer$runRecomposeAndApplyChanges$2::invokeSuspend$lambda$2@1937 (line 775)
  0x00007f78c5a47ca0: 6c23 4107 

  0x00007f78c5a47ca4: ;   {post_call_nop}
  0x00007f78c5a47ca4: 0f1f 8400 | 9c5b 0045 

  0x00007f78c5a47cac: ;   {metadata(method data for {method} {0x00007f7890f76848} 'invokeSuspend$lambda$2' '(Landroidx/compose/runtime/Recomposer;Landroidx/collection/MutableScatterSet;Landroidx/collection/MutableScatterSet;Ljava/util/List;Ljava/util/List;Landroidx/collection/MutableScatterSet;Ljava/util/List;Landroidx/collection/MutableScatterSet;Ljava/util/Set;J)Lkotlin/Unit;' in 'androidx/compose/runtime/Recomposer$runRecomposeAndApplyChanges$2')}
  0x00007f78c5a47cac: 4885 c048 | b848 99d2 | 9278 7f00 | 00be 501e | 0000 7505 | be60 1e00 | 0048 8b3c | 3048 8d7f 
  0x00007f78c5a47ccc: 0148 893c | 300f 851a 

  0x00007f78c5a47cd4: ;   {metadata(method data for {method} {0x00007f7890f76848} 'invokeSuspend$lambda$2' '(Landroidx/compose/runtime/Recomposer;Landroidx/collection/MutableScatterSet;Landroidx/collection/MutableScatterSet;Ljava/util/List;Ljava/util/List;Landroidx/collection/MutableScatterSet;Ljava/util/List;Landroidx/collection/MutableScatterSet;Ljava/util/Set;J)Lkotlin/Unit;' in 'androidx/compose/runtime/Recomposer$runRecomposeAndApplyChanges$2')}
  0x00007f78c5a47cd4: 0000 0048 | b848 99d2 | 9278 7f00 | 00ff 8070 | 1e00 00b8 | 0100 0000 | e905 0000 | 00b8 0000 
  0x00007f78c5a47cf4: 0000 85c0 

  0x00007f78c5a47cf8: ;   {metadata(method data for {method} {0x00007f7890f76848} 'invokeSuspend$lambda$2' '(Landroidx/compose/runtime/Recomposer;Landroidx/collection/MutableScatterSet;Landroidx/collection/MutableScatterSet;Ljava/util/List;Ljava/util/List;Landroidx/collection/MutableScatterSet;Ljava/util/List;Landroidx/collection/MutableScatterSet;Ljava/util/Set;J)Lkotlin/Unit;' in 'androidx/compose/runtime/Recomposer$runRecomposeAndApplyChanges$2')}
  0x00007f78c5a47cf8: 48b8 4899 | d292 787f | 0000 be98 | 1e00 0074 | 05be 881e | 0000 488b | 3c30 488d | 7f01 4889 
  0x00007f78c5a47d18: 3c30 0f84 | 6e19 0000 | 488d 8424 | 5002 0000 | 488b 7808 | 418b b7d0 | 0700 0049 | 3b7c 37f8 
  0x00007f78c5a47d38: 0f85 742e | 0000 4183 | afd0 0700 | 0008 493b | 7c37 f00f | 842a 0000 | 0048 8b07 | a802 0f85 
  0x00007f78c5a47d58: 1200 0000 | 488b f048 | 83ce 01f0 | 480f b137 | 0f84 0d00 | 0000 4183 | 87d0 0700 | 0008 e937 
  0x00007f78c5a47d78: ;   {metadata(method data for {method} {0x00007f7890f76848} 'invokeSuspend$lambda$2' '(Landroidx/compose/runtime/Recomposer;Landroidx/collection/MutableScatterSet;Landroidx/collection/MutableScatterSet;Ljava/util/List;Ljava/util/List;Landroidx/collection/MutableScatterSet;Ljava/util/List;Landroidx/collection/MutableScatterSet;Ljava/util/Set;J)Lkotlin/Unit;' in 'androidx/compose/runtime/Recomposer$runRecomposeAndApplyChanges$2')}
  0x00007f78c5a47d78: 2e00 0048 | be48 99d2 | 9278 7f00 | 00ff 86b8 

  0x00007f78c5a47d88: ;   {oop(a 'androidx/compose/runtime/snapshots/Snapshot$Companion'{0x0000000421145890})}
  0x00007f78c5a47d88: 1e00 0048 | be90 5814 | 2104 0000 

  0x00007f78c5a47d94: ;   {metadata(method data for {method} {0x00007f7890f76848} 'invokeSuspend$lambda$2' '(Landroidx/compose/runtime/Recomposer;Landroidx/collection/MutableScatterSet;Landroidx/collection/MutableScatterSet;Ljava/util/List;Ljava/util/List;Landroidx/collection/MutableScatterSet;Ljava/util/List;Landroidx/collection/MutableScatterSet;Ljava/util/Set;J)Lkotlin/Unit;' in 'androidx/compose/runtime/Recomposer$runRecomposeAndApplyChanges$2')}
  0x00007f78c5a47d94: 0048 bf48 | 99d2 9278 | 7f00 008b | 7608 483b | b7d8 1e00 | 0075 0d48 | 8387 e01e | 0000 01e9 
  0x00007f78c5a47db4: 6000 0000 | 483b b7e8 | 1e00 0075 | 0d48 8387 | f01e 0000 | 01e9 4a00 | 0000 4883 | bfd8 1e00 
  0x00007f78c5a47dd4: 0000 7517 | 4889 b7d8 | 1e00 0048 | c787 e01e | 0000 0100 | 0000 e929 | 0000 0048 | 83bf e81e 
  0x00007f78c5a47df4: 0000 0075 | 1748 89b7 | e81e 0000 | 48c7 87f0 | 1e00 0001 | 0000 00e9 | 0800 0000 | 4883 87d0 
  0x00007f78c5a47e14: 1e00 0001 

  0x00007f78c5a47e18: ;   {metadata(method data for {method} {0x00007f7890cee578} 'notifyObjectsInitialized' '()V' in 'androidx/compose/runtime/snapshots/Snapshot$Companion')}
  0x00007f78c5a47e18: 48be e8df | ce92 787f | 0000 8bbe | 9000 0000 | 83c7 0289 | be90 0000 | 0081 e7fe | ff1f 0085 
  0x00007f78c5a47e38: ff0f 8489 

  0x00007f78c5a47e3c: ;   {metadata(method data for {method} {0x00007f7890cee578} 'notifyObjectsInitialized' '()V' in 'androidx/compose/runtime/snapshots/Snapshot$Companion')}
  0x00007f78c5a47e3c: 2d00 0048 | bee8 dfce | 9278 7f00 | 0048 8386 | d800 0000 

  0x00007f78c5a47e50: ;   {metadata(method data for {method} {0x00007f7890cf2050} 'currentSnapshot' '()Landroidx/compose/runtime/snapshots/Snapshot;' in 'androidx/compose/runtime/snapshots/SnapshotKt')}
  0x00007f78c5a47e50: 0148 be28 | 4646 9278 | 7f00 008b | be90 0000 | 0083 c702 | 89be 9000 | 0000 81e7 | feff 1f00 
  0x00007f78c5a47e70: 85ff 0f84 | 712d 0000 

  0x00007f78c5a47e78: ;   {oop(a 'androidx/compose/runtime/internal/SnapshotThreadLocal'{0x00000004214f8a00})}
  0x00007f78c5a47e78: 48be 008a | 4f21 0400 | 0000 488b 

  0x00007f78c5a47e84: ;   {metadata(method data for {method} {0x00007f7890cf2050} 'currentSnapshot' '()Landroidx/compose/runtime/snapshots/Snapshot;' in 'androidx/compose/runtime/snapshots/SnapshotKt')}
  0x00007f78c5a47e84: fe48 bb28 | 4646 9278 | 7f00 008b | 7f08 483b | bbe0 0000 | 0075 0d48 | 8383 e800 | 0000 01e9 
  0x00007f78c5a47ea4: 6000 0000 | 483b bbf0 | 0000 0075 | 0d48 8383 | f800 0000 | 01e9 4a00 | 0000 4883 | bbe0 0000 
  0x00007f78c5a47ec4: 0000 7517 | 4889 bbe0 | 0000 0048 | c783 e800 | 0000 0100 | 0000 e929 | 0000 0048 | 83bb f000 
  0x00007f78c5a47ee4: 0000 0075 | 1748 89bb | f000 0000 | 48c7 83f8 | 0000 0001 | 0000 00e9 | 0800 0000 | 4883 83d8 
  0x00007f78c5a47f04: 0000 0001 | 0f1f 8000 

  0x00007f78c5a47f0c: ;   {optimized virtual_call}
  0x00007f78c5a47f0c: 0000 00e8 

  0x00007f78c5a47f10: ; ImmutableOopMap {[216]=Oop [232]=Oop [240]=Oop }
                      ;*invokevirtual get {reexecute=0 rethrow=0 return_oop=0}
                      ; - androidx.compose.runtime.snapshots.SnapshotKt::currentSnapshot@3 (line 1284)
                      ; - androidx.compose.runtime.snapshots.Snapshot$Companion::notifyObjectsInitialized@0 (line 676)
                      ; - androidx.compose.runtime.Recomposer$runRecomposeAndApplyChanges$2::invokeSuspend$lambda$2@1995 (line 785)
  0x00007f78c5a47f10: fcb5 3307 

  0x00007f78c5a47f14: ;   {post_call_nop}
  0x00007f78c5a47f14: 0f1f 8400 | 0c5e 0046 

  0x00007f78c5a47f1c: ;   {metadata(method data for {method} {0x00007f7890cf2050} 'currentSnapshot' '()Landroidx/compose/runtime/snapshots/Snapshot;' in 'androidx/compose/runtime/snapshots/SnapshotKt')}
  0x00007f78c5a47f1c: 4885 c048 | be28 4646 | 9278 7f00 | 0075 0c80 | 8e01 0100 | 0001 e995 | 0000 008b | 5808 483b 
  0x00007f78c5a47f3c: 9e10 0100 | 0075 0d48 | 8386 1801 | 0000 01e9 | 6000 0000 | 483b 9e20 | 0100 0075 | 0d48 8386 
  0x00007f78c5a47f5c: 2801 0000 | 01e9 4a00 | 0000 4883 | be10 0100 | 0000 7517 | 4889 9e10 | 0100 0048 | c786 1801 
  0x00007f78c5a47f7c: 0000 0100 | 0000 e929 | 0000 0048 | 83be 2001 | 0000 0075 | 1748 899e | 2001 0000 | 48c7 8628 
  0x00007f78c5a47f9c: 0100 0001 | 0000 00e9 | 0800 0000 | 4883 8608 | 0100 0001 

  0x00007f78c5a47fb0: ;   {metadata('androidx/compose/runtime/snapshots/Snapshot')}
  0x00007f78c5a47fb0: 48bb 5809 | 1821 0000 | 0000 8b70 | 0848 3b5e | 380f 8543 | 2c00 00e9 | 0000 0000 | 488b f048 
  0x00007f78c5a47fd0: ;   {metadata(method data for {method} {0x00007f7890cf2050} 'currentSnapshot' '()Landroidx/compose/runtime/snapshots/Snapshot;' in 'androidx/compose/runtime/snapshots/SnapshotKt')}
  0x00007f78c5a47fd0: 85f6 48bf | 2846 4692 | 787f 0000 | bb38 0100 | 0075 05bb | 4801 0000 | 488b 041f | 488d 4001 
  0x00007f78c5a47ff0: 4889 041f | 0f85 0a00 

  0x00007f78c5a47ff8: ;   {oop(a 'androidx/compose/runtime/snapshots/GlobalSnapshot'{0x00000004214f8368})}
  0x00007f78c5a47ff8: 0000 48be | 6883 4f21 | 0400 0000 

  0x00007f78c5a48004: ; implicit exception: dispatches to 0x00007f78c5a4ac13
  0x00007f78c5a48004: 483b 0648 

  0x00007f78c5a48008: ;   {metadata(method data for {method} {0x00007f7890cee578} 'notifyObjectsInitialized' '()V' in 'androidx/compose/runtime/snapshots/Snapshot$Companion')}
  0x00007f78c5a48008: 8bfe 48bb | e8df ce92 | 787f 0000 | 8b7f 0848 | 3bbb f000 | 0000 750d | 4883 83f8 | 0000 0001 
  0x00007f78c5a48028: e960 0000 | 0048 3bbb | 0001 0000 | 750d 4883 | 8308 0100 | 0001 e94a | 0000 0048 | 83bb f000 
  0x00007f78c5a48048: 0000 0075 | 1748 89bb | f000 0000 | 48c7 83f8 | 0000 0001 | 0000 00e9 | 2900 0000 | 4883 bb00 
  0x00007f78c5a48068: 0100 0000 | 7517 4889 | bb00 0100 | 0048 c783 | 0801 0000 | 0100 0000 | e908 0000 | 0048 8383 
  0x00007f78c5a48088: e800 0000 | 0148 b858 | 57de 6978 

  0x00007f78c5a48094: ;   {virtual_call}
  0x00007f78c5a48094: 7f00 00e8 

  0x00007f78c5a48098: ; ImmutableOopMap {[216]=Oop [232]=Oop [240]=Oop }
                      ;*invokevirtual notifyObjectsInitialized$runtime {reexecute=0 rethrow=0 return_oop=0}
                      ; - androidx.compose.runtime.snapshots.Snapshot$Companion::notifyObjectsInitialized@3 (line 676)
                      ; - androidx.compose.runtime.Recomposer$runRecomposeAndApplyChanges$2::invokeSuspend$lambda$2@1995 (line 785)
  0x00007f78c5a48098: 764c f4ff 

  0x00007f78c5a4809c: ;   {post_call_nop}
  0x00007f78c5a4809c: 0f1f 8400 | 945f 0047 | 488b 8c24 | f000 0000 

  0x00007f78c5a480ac: ;   {metadata(method data for {method} {0x00007f7890f76848} 'invokeSuspend$lambda$2' '(Landroidx/compose/runtime/Recomposer;Landroidx/collection/MutableScatterSet;Landroidx/collection/MutableScatterSet;Ljava/util/List;Ljava/util/List;Landroidx/collection/MutableScatterSet;Ljava/util/List;Landroidx/collection/MutableScatterSet;Ljava/util/Set;J)Lkotlin/Unit;' in 'androidx/compose/runtime/Recomposer$runRecomposeAndApplyChanges$2')}
  0x00007f78c5a480ac: 48bf 4899 | d292 787f | 0000 8b49 | 0848 3b8f | 081f 0000 | 750d 4883 | 8710 1f00 | 0001 e960 
  0x00007f78c5a480cc: 0000 0048 | 3b8f 181f | 0000 750d | 4883 8720 | 1f00 0001 | e94a 0000 | 0048 83bf | 081f 0000 
  0x00007f78c5a480ec: 0075 1748 | 898f 081f | 0000 48c7 | 8710 1f00 | 0001 0000 | 00e9 2900 | 0000 4883 | bf18 1f00 
  0x00007f78c5a4810c: 0000 7517 | 4889 8f18 | 1f00 0048 | c787 201f | 0000 0100 | 0000 e908 | 0000 0048 | 8387 001f 
  0x00007f78c5a4812c: 0000 0148 | 8bb4 24f0 

  0x00007f78c5a48134: ;   {optimized virtual_call}
  0x00007f78c5a48134: 0000 00e8 

  0x00007f78c5a48138: ; ImmutableOopMap {[216]=Oop [232]=Oop }
                      ;*invokevirtual clear {reexecute=0 rethrow=0 return_oop=0}
                      ; - androidx.compose.runtime.Recomposer$runRecomposeAndApplyChanges$2::invokeSuspend$lambda$2@1999 (line 786)
  0x00007f78c5a48138: 642f f0ff 

  0x00007f78c5a4813c: ;   {post_call_nop}
  0x00007f78c5a4813c: 0f1f 8400 | 3460 0048 | 488b 9424 | e800 0000 

  0x00007f78c5a4814c: ;   {metadata(method data for {method} {0x00007f7890f76848} 'invokeSuspend$lambda$2' '(Landroidx/compose/runtime/Recomposer;Landroidx/collection/MutableScatterSet;Landroidx/collection/MutableScatterSet;Ljava/util/List;Ljava/util/List;Landroidx/collection/MutableScatterSet;Ljava/util/List;Landroidx/collection/MutableScatterSet;Ljava/util/Set;J)Lkotlin/Unit;' in 'androidx/compose/runtime/Recomposer$runRecomposeAndApplyChanges$2')}
  0x00007f78c5a4814c: 48be 4899 | d292 787f | 0000 8b52 | 0848 3b96 | 381f 0000 | 750d 4883 | 8640 1f00 | 0001 e960 
  0x00007f78c5a4816c: 0000 0048 | 3b96 481f | 0000 750d | 4883 8650 | 1f00 0001 | e94a 0000 | 0048 83be | 381f 0000 
  0x00007f78c5a4818c: 0075 1748 | 8996 381f | 0000 48c7 | 8640 1f00 | 0001 0000 | 00e9 2900 | 0000 4883 | be48 1f00 
  0x00007f78c5a481ac: 0000 7517 | 4889 9648 | 1f00 0048 | c786 501f | 0000 0100 | 0000 e908 | 0000 0048 | 8386 301f 
  0x00007f78c5a481cc: 0000 0148 | 8bb4 24e8 

  0x00007f78c5a481d4: ;   {optimized virtual_call}
  0x00007f78c5a481d4: 0000 00e8 

  0x00007f78c5a481d8: ; ImmutableOopMap {[216]=Oop }
                      ;*invokevirtual clear {reexecute=0 rethrow=0 return_oop=0}
                      ; - androidx.compose.runtime.Recomposer$runRecomposeAndApplyChanges$2::invokeSuspend$lambda$2@2003 (line 787)
  0x00007f78c5a481d8: c42e f0ff 

  0x00007f78c5a481dc: ;   {post_call_nop}
  0x00007f78c5a481dc: 0f1f 8400 | d460 0049 

  0x00007f78c5a481e4: ;   {metadata(method data for {method} {0x00007f7890f76848} 'invokeSuspend$lambda$2' '(Landroidx/compose/runtime/Recomposer;Landroidx/collection/MutableScatterSet;Landroidx/collection/MutableScatterSet;Ljava/util/List;Ljava/util/List;Landroidx/collection/MutableScatterSet;Ljava/util/List;Landroidx/collection/MutableScatterSet;Ljava/util/Set;J)Lkotlin/Unit;' in 'androidx/compose/runtime/Recomposer$runRecomposeAndApplyChanges$2')}
  0x00007f78c5a481e4: 48b8 4899 | d292 787f | 0000 4883 | 8060 1f00 | 0001 410f | be47 4885 | c048 8bb4 | 24d8 0000 
  0x00007f78c5a48204: 000f 850d | 2a00 00c7 | 465c 0000 | 0000 e996 | 1300 0048 | 8bb4 24d8 | 0000 0049 | 8b87 e005 
  0x00007f78c5a48224: 0000 4d33 | d24d 8997 | e005 0000 | 4d33 d24d | 8997 e805 

  0x00007f78c5a48238: ;   {metadata(method data for {method} {0x00007f7890f76848} 'invokeSuspend$lambda$2' '(Landroidx/compose/runtime/Recomposer;Landroidx/collection/MutableScatterSet;Landroidx/collection/MutableScatterSet;Ljava/util/List;Ljava/util/List;Landroidx/collection/MutableScatterSet;Ljava/util/List;Landroidx/collection/MutableScatterSet;Ljava/util/Set;J)Lkotlin/Unit;' in 'androidx/compose/runtime/Recomposer$runRecomposeAndApplyChanges$2')}
  0x00007f78c5a48238: 0000 48ba | 4899 d292 | 787f 0000 | 4883 8230 | 1c00 0001 

  0x00007f78c5a4824c: ;   {metadata(method data for {method} {0x00007f7890e1e9b0} 'processCompositionError$default' '(Landroidx/compose/runtime/Recomposer;Ljava/lang/Throwable;Landroidx/compose/runtime/ControlledComposition;ZILjava/lang/Object;)V' in 'androidx/compose/runtime/Recomposer')}
  0x00007f78c5a4824c: 48ba f0bf | d292 787f | 0000 8b8a | 9000 0000 | 83c1 0289 | 8a90 0000 | 0081 e1fe | ff1f 0085 
  0x00007f78c5a4826c: c90f 84c4 

  0x00007f78c5a48270: ;   {metadata(method data for {method} {0x00007f7890e1e9b0} 'processCompositionError$default' '(Landroidx/compose/runtime/Recomposer;Ljava/lang/Throwable;Landroidx/compose/runtime/ControlledComposition;ZILjava/lang/Object;)V' in 'androidx/compose/runtime/Recomposer')}
  0x00007f78c5a48270: 2900 0048 | baf0 bfd2 | 9278 7f00 | 00ff 82e8 

  0x00007f78c5a48280: ;   {metadata(method data for {method} {0x00007f7890e1e9b0} 'processCompositionError$default' '(Landroidx/compose/runtime/Recomposer;Ljava/lang/Throwable;Landroidx/compose/runtime/ControlledComposition;ZILjava/lang/Object;)V' in 'androidx/compose/runtime/Recomposer')}
  0x00007f78c5a48280: 0000 0048 | baf0 bfd2 | 9278 7f00 | 00ff 8208 | 0100 0048 

  0x00007f78c5a48294: ;   {metadata(method data for {method} {0x00007f7890e1e9b0} 'processCompositionError$default' '(Landroidx/compose/runtime/Recomposer;Ljava/lang/Throwable;Landroidx/compose/runtime/ControlledComposition;ZILjava/lang/Object;)V' in 'androidx/compose/runtime/Recomposer')}
  0x00007f78c5a48294: 8bd6 48b9 | f0bf d292 | 787f 0000 | 4883 8118 | 0100 0001 

  0x00007f78c5a482a8: ;   {oop(nullptr)}
  0x00007f78c5a482a8: 488b d048 | b900 0000 | 0000 0000 | 0041 b800 | 0000 0048 | 8bfe 488b | f766 0f1f 

  0x00007f78c5a482c4: ;   {optimized virtual_call}
  0x00007f78c5a482c4: 4400 00e8 

  0x00007f78c5a482c8: ; ImmutableOopMap {[216]=Oop [224]=Oop [232]=Oop [240]=Oop [248]=Oop [256]=Oop [416]=Oop [424]=Oop [640]=Oop [648]=Oop }
                      ;*invokespecial processCompositionError {reexecute=0 rethrow=0 return_oop=0}
                      ; - androidx.compose.runtime.Recomposer::processCompositionError$default@22 (line 797)
                      ; - androidx.compose.runtime.Recomposer$runRecomposeAndApplyChanges$2::invokeSuspend$lambda$2@1793 (line 765)
  0x00007f78c5a482c8: 1458 a606 

  0x00007f78c5a482cc: ;   {post_call_nop}
  0x00007f78c5a482cc: 0f1f 8400 | c461 004a | 488b 8c24 | f000 0000 | 488b 9424 | e800 0000 

  0x00007f78c5a482e4: ;   {metadata(method data for {method} {0x00007f7890f76848} 'invokeSuspend$lambda$2' '(Landroidx/compose/runtime/Recomposer;Landroidx/collection/MutableScatterSet;Landroidx/collection/MutableScatterSet;Ljava/util/List;Ljava/util/List;Landroidx/collection/MutableScatterSet;Ljava/util/List;Landroidx/collection/MutableScatterSet;Ljava/util/Set;J)Lkotlin/Unit;' in 'androidx/compose/runtime/Recomposer$runRecomposeAndApplyChanges$2')}
  0x00007f78c5a482e4: 48be 4899 | d292 787f | 0000 4883 | 8640 1c00 | 0001 488b | b424 d800 | 0000 488b | da48 8b94 
  0x00007f78c5a48304: 24e0 0000 | 004c 8bd9 | 488b 8c24 | f800 0000 | 4c8b 8424 | 8002 0000 | 4c8b 8c24 | 0001 0000 
  0x00007f78c5a48324: 488b bc24 | 8802 0000 | 4889 1c24 | 4c89 5c24 

  0x00007f78c5a48334: ;   {static_call}
  0x00007f78c5a48334: 0866 90e8 

  0x00007f78c5a48338: ; ImmutableOopMap {[416]=Oop [424]=Oop [648]=Oop }
                      ;*invokestatic invokeSuspend$clearRecompositionState {reexecute=0 rethrow=0 return_oop=0}
                      ; - androidx.compose.runtime.Recomposer$runRecomposeAndApplyChanges$2::invokeSuspend$lambda$2@1808 (line 766)
  0x00007f78c5a48338: a461 a606 

  0x00007f78c5a4833c: ;   {post_call_nop}
  0x00007f78c5a4833c: 0f1f 8400 | 3462 004b | 488b bc24 | 8802 0000 

  0x00007f78c5a4834c: ;   {metadata(method data for {method} {0x00007f7890f76848} 'invokeSuspend$lambda$2' '(Landroidx/compose/runtime/Recomposer;Landroidx/collection/MutableScatterSet;Landroidx/collection/MutableScatterSet;Ljava/util/List;Ljava/util/List;Landroidx/collection/MutableScatterSet;Ljava/util/List;Landroidx/collection/MutableScatterSet;Ljava/util/Set;J)Lkotlin/Unit;' in 'androidx/compose/runtime/Recomposer$runRecomposeAndApplyChanges$2')}
  0x00007f78c5a4834c: 48be 4899 | d292 787f | 0000 8b7f | 0848 3bbe | 581c 0000 | 750d 4883 | 8660 1c00 | 0001 e960 
  0x00007f78c5a4836c: 0000 0048 | 3bbe 681c | 0000 750d | 4883 8670 | 1c00 0001 | e94a 0000 | 0048 83be | 581c 0000 
  0x00007f78c5a4838c: 0075 1748 | 89be 581c | 0000 48c7 | 8660 1c00 | 0001 0000 | 00e9 2900 | 0000 4883 | be68 1c00 
  0x00007f78c5a483ac: 0000 7517 | 4889 be68 | 1c00 0048 | c786 701c | 0000 0100 | 0000 e908 | 0000 0048 | 8386 501c 
  0x00007f78c5a483cc: 0000 0148 | 8bb4 2488 

  0x00007f78c5a483d4: ;   {optimized virtual_call}
  0x00007f78c5a483d4: 0200 00e8 

  0x00007f78c5a483d8: ; ImmutableOopMap {[416]=Oop [424]=Oop }
                      ;*invokevirtual clear {reexecute=0 rethrow=0 return_oop=0}
                      ; - androidx.compose.runtime.Recomposer$runRecomposeAndApplyChanges$2::invokeSuspend$lambda$2@1818 (line 769)
  0x00007f78c5a483d8: 0457 a606 

  0x00007f78c5a483dc: ;   {post_call_nop}
  0x00007f78c5a483dc: 0f1f 8400 | d462 004c | 488b 8424 | a001 0000 

  0x00007f78c5a483ec: ;   {metadata(method data for {method} {0x00007f7890f76848} 'invokeSuspend$lambda$2' '(Landroidx/compose/runtime/Recomposer;Landroidx/collection/MutableScatterSet;Landroidx/collection/MutableScatterSet;Ljava/util/List;Ljava/util/List;Landroidx/collection/MutableScatterSet;Ljava/util/List;Landroidx/collection/MutableScatterSet;Ljava/util/Set;J)Lkotlin/Unit;' in 'androidx/compose/runtime/Recomposer$runRecomposeAndApplyChanges$2')}
  0x00007f78c5a483ec: 48ba 4899 | d292 787f | 0000 8b40 | 0848 3b82 | 881c 0000 | 750d 4883 | 8290 1c00 | 0001 e960 
  0x00007f78c5a4840c: 0000 0048 | 3b82 981c | 0000 750d | 4883 82a0 | 1c00 0001 | e94a 0000 | 0048 83ba | 881c 0000 
  0x00007f78c5a4842c: 0075 1748 | 8982 881c | 0000 48c7 | 8290 1c00 | 0001 0000 | 00e9 2900 | 0000 4883 | ba98 1c00 
  0x00007f78c5a4844c: 0000 7517 | 4889 8298 | 1c00 0048 | c782 a01c | 0000 0100 | 0000 e908 | 0000 0048 | 8382 801c 
  0x00007f78c5a4846c: ;   {metadata(method data for {method} {0x00007f7890ce9bb0} 'restoreCurrent' '(Landroidx/compose/runtime/snapshots/Snapshot;)V' in 'androidx/compose/runtime/snapshots/Snapshot')}
  0x00007f78c5a4846c: 0000 0148 | ba40 bf8f | 9278 7f00 | 008b b290 | 0000 0083 | c602 89b2 | 9000 0000 | 81e6 feff 
  0x00007f78c5a4848c: 1f00 85f6 | 0f84 c227 

  0x00007f78c5a48494: ;   {metadata(method data for {method} {0x00007f7890ce9bb0} 'restoreCurrent' '(Landroidx/compose/runtime/snapshots/Snapshot;)V' in 'androidx/compose/runtime/snapshots/Snapshot')}
  0x00007f78c5a48494: 0000 48ba | 40bf 8f92 | 787f 0000 | 4883 82d8 | 0000 0001 

  0x00007f78c5a484a8: ;   {metadata(method data for {method} {0x00007f7890cf70b0} 'access$getThreadSnapshot$p' '()Landroidx/compose/runtime/internal/SnapshotThreadLocal;' in 'androidx/compose/runtime/snapshots/SnapshotKt')}
  0x00007f78c5a484a8: 48ba b893 | 6d92 787f | 0000 8bb2 | 9000 0000 | 83c6 0289 | b290 0000 | 0081 e6fe | ff1f 0085 
  0x00007f78c5a484c8: f60f 84aa 

  0x00007f78c5a484cc: ;   {oop(a 'androidx/compose/runtime/internal/SnapshotThreadLocal'{0x00000004214f8a00})}
  0x00007f78c5a484cc: 2700 0048 | be00 8a4f | 2104 0000 | 0048 8bd6 

  0x00007f78c5a484dc: ;   {metadata(method data for {method} {0x00007f7890ce9bb0} 'restoreCurrent' '(Landroidx/compose/runtime/snapshots/Snapshot;)V' in 'androidx/compose/runtime/snapshots/Snapshot')}
  0x00007f78c5a484dc: 48bf 40bf | 8f92 787f | 0000 8b52 | 0848 3b97 | f000 0000 | 750d 4883 | 87f8 0000 | 0001 e960 
  0x00007f78c5a484fc: 0000 0048 | 3b97 0001 | 0000 750d | 4883 8708 | 0100 0001 | e94a 0000 | 0048 83bf | f000 0000 
  0x00007f78c5a4851c: 0075 1748 | 8997 f000 | 0000 48c7 | 87f8 0000 | 0001 0000 | 00e9 2900 | 0000 4883 | bf00 0100 
  0x00007f78c5a4853c: 0000 7517 | 4889 9700 | 0100 0048 | c787 0801 | 0000 0100 | 0000 e908 | 0000 0048 | 8387 e800 
  0x00007f78c5a4855c: 0000 0148 | 8b94 24a8 

  0x00007f78c5a48564: ;   {optimized virtual_call}
  0x00007f78c5a48564: 0100 00e8 

  0x00007f78c5a48568: ; ImmutableOopMap {[416]=Oop }
                      ;*invokevirtual set {reexecute=0 rethrow=0 return_oop=0}
                      ; - androidx.compose.runtime.snapshots.Snapshot::restoreCurrent@4 (line 167)
                      ; - androidx.compose.runtime.Recomposer$runRecomposeAndApplyChanges$2::invokeSuspend$lambda$2@1829 (line 2020)
  0x00007f78c5a48568: 7455 a606 

  0x00007f78c5a4856c: ;   {post_call_nop}
  0x00007f78c5a4856c: 0f1f 8400 | 6464 004d | e9b4 0e00 | 004c 8b9c | 24f0 0000 | 0048 8b9c | 24e8 0000 | 0049 8b87 
  0x00007f78c5a4858c: e005 0000 | 4d33 d24d | 8997 e005 | 0000 4d33 | d24d 8997 | e805 0000 

  0x00007f78c5a485a4: ;   {metadata(method data for {method} {0x00007f7890f76848} 'invokeSuspend$lambda$2' '(Landroidx/compose/runtime/Recomposer;Landroidx/collection/MutableScatterSet;Landroidx/collection/MutableScatterSet;Ljava/util/List;Ljava/util/List;Landroidx/collection/MutableScatterSet;Ljava/util/List;Landroidx/collection/MutableScatterSet;Ljava/util/Set;J)Lkotlin/Unit;' in 'androidx/compose/runtime/Recomposer$runRecomposeAndApplyChanges$2')}
  0x00007f78c5a485a4: 48ba 4899 | d292 787f | 0000 4883 | 82d0 1800 

  0x00007f78c5a485b4: ;   {metadata(method data for {method} {0x00007f7890e1e9b0} 'processCompositionError$default' '(Landroidx/compose/runtime/Recomposer;Ljava/lang/Throwable;Landroidx/compose/runtime/ControlledComposition;ZILjava/lang/Object;)V' in 'androidx/compose/runtime/Recomposer')}
  0x00007f78c5a485b4: 0001 48ba | f0bf d292 | 787f 0000 | 8b8a 9000 | 0000 83c1 | 0289 8a90 | 0000 0081 | e1fe ff1f 
  0x00007f78c5a485d4: 0085 c90f | 84bd 2600 

  0x00007f78c5a485dc: ;   {metadata(method data for {method} {0x00007f7890e1e9b0} 'processCompositionError$default' '(Landroidx/compose/runtime/Recomposer;Ljava/lang/Throwable;Landroidx/compose/runtime/ControlledComposition;ZILjava/lang/Object;)V' in 'androidx/compose/runtime/Recomposer')}
  0x00007f78c5a485dc: 0048 baf0 | bfd2 9278 | 7f00 00ff | 82e8 0000 

  0x00007f78c5a485ec: ;   {metadata(method data for {method} {0x00007f7890e1e9b0} 'processCompositionError$default' '(Landroidx/compose/runtime/Recomposer;Ljava/lang/Throwable;Landroidx/compose/runtime/ControlledComposition;ZILjava/lang/Object;)V' in 'androidx/compose/runtime/Recomposer')}
  0x00007f78c5a485ec: 0048 baf0 | bfd2 9278 | 7f00 00ff | 8208 0100 | 0048 8bb4 | 24d8 0000 

  0x00007f78c5a48604: ;   {metadata(method data for {method} {0x00007f7890e1e9b0} 'processCompositionError$default' '(Landroidx/compose/runtime/Recomposer;Ljava/lang/Throwable;Landroidx/compose/runtime/ControlledComposition;ZILjava/lang/Object;)V' in 'androidx/compose/runtime/Recomposer')}
  0x00007f78c5a48604: 0049 b8f0 | bfd2 9278 | 7f00 0049 | 8380 1801 | 0000 0148 

  0x00007f78c5a48618: ;   {oop(nullptr)}
  0x00007f78c5a48618: 8bd0 48b9 | 0000 0000 | 0000 0000 | 41b8 0000 | 0000 488b | b424 d800 | 0000 0f1f 

  0x00007f78c5a48634: ;   {optimized virtual_call}
  0x00007f78c5a48634: 4400 00e8 

  0x00007f78c5a48638: ; ImmutableOopMap {[216]=Oop [224]=Oop [232]=Oop [240]=Oop [248]=Oop [256]=Oop [416]=Oop [424]=Oop [640]=Oop [648]=Oop }
                      ;*invokespecial processCompositionError {reexecute=0 rethrow=0 return_oop=0}
                      ; - androidx.compose.runtime.Recomposer::processCompositionError$default@22 (line 797)
                      ; - androidx.compose.runtime.Recomposer$runRecomposeAndApplyChanges$2::invokeSuspend$lambda$2@1479 (line 751)
  0x00007f78c5a48638: a454 a606 

  0x00007f78c5a4863c: ;   {post_call_nop}
  0x00007f78c5a4863c: 0f1f 8400 | 3465 004e | 488b 8c24 | f000 0000 | 488b 9424 | e800 0000 

  0x00007f78c5a48654: ;   {metadata(method data for {method} {0x00007f7890f76848} 'invokeSuspend$lambda$2' '(Landroidx/compose/runtime/Recomposer;Landroidx/collection/MutableScatterSet;Landroidx/collection/MutableScatterSet;Ljava/util/List;Ljava/util/List;Landroidx/collection/MutableScatterSet;Ljava/util/List;Landroidx/collection/MutableScatterSet;Ljava/util/Set;J)Lkotlin/Unit;' in 'androidx/compose/runtime/Recomposer$runRecomposeAndApplyChanges$2')}
  0x00007f78c5a48654: 48be 4899 | d292 787f | 0000 4883 | 86e0 1800 | 0001 488b | b424 d800 | 0000 488b | da48 8b94 
  0x00007f78c5a48674: 24e0 0000 | 004c 8bd9 | 488b 8c24 | f800 0000 | 4c8b 8424 | 8002 0000 | 4c8b 8c24 | 0001 0000 
  0x00007f78c5a48694: 488b bc24 | 8802 0000 | 4889 1c24 | 4c89 5c24 

  0x00007f78c5a486a4: ;   {static_call}
  0x00007f78c5a486a4: 0866 90e8 

  0x00007f78c5a486a8: ; ImmutableOopMap {[256]=Oop [416]=Oop [424]=Oop }
                      ;*invokestatic invokeSuspend$clearRecompositionState {reexecute=0 rethrow=0 return_oop=0}
                      ; - androidx.compose.runtime.Recomposer$runRecomposeAndApplyChanges$2::invokeSuspend$lambda$2@1494 (line 752)
  0x00007f78c5a486a8: 345e a606 

  0x00007f78c5a486ac: ;   {post_call_nop}
  0x00007f78c5a486ac: 0f1f 8400 | a465 004f | 488b bc24 | 0001 0000 

  0x00007f78c5a486bc: ;   {metadata(method data for {method} {0x00007f7890f76848} 'invokeSuspend$lambda$2' '(Landroidx/compose/runtime/Recomposer;Landroidx/collection/MutableScatterSet;Landroidx/collection/MutableScatterSet;Ljava/util/List;Ljava/util/List;Landroidx/collection/MutableScatterSet;Ljava/util/List;Landroidx/collection/MutableScatterSet;Ljava/util/Set;J)Lkotlin/Unit;' in 'androidx/compose/runtime/Recomposer$runRecomposeAndApplyChanges$2')}
  0x00007f78c5a486bc: 48be 4899 | d292 787f | 0000 8b7f | 0848 3bbe | f818 0000 | 750d 4883 | 8600 1900 | 0001 e960 
  0x00007f78c5a486dc: 0000 0048 | 3bbe 0819 | 0000 750d | 4883 8610 | 1900 0001 | e94a 0000 | 0048 83be | f818 0000 
  0x00007f78c5a486fc: 0075 1748 | 89be f818 | 0000 48c7 | 8600 1900 | 0001 0000 | 00e9 2900 | 0000 4883 | be08 1900 
  0x00007f78c5a4871c: 0000 7517 | 4889 be08 | 1900 0048 | c786 1019 | 0000 0100 | 0000 e908 | 0000 0048 | 8386 f018 
  0x00007f78c5a4873c: 0000 0148 | 8bb4 2400 

  0x00007f78c5a48744: ;   {optimized virtual_call}
  0x00007f78c5a48744: 0100 00e8 

  0x00007f78c5a48748: ; ImmutableOopMap {[416]=Oop [424]=Oop }
                      ;*invokevirtual clear {reexecute=0 rethrow=0 return_oop=0}
                      ; - androidx.compose.runtime.Recomposer$runRecomposeAndApplyChanges$2::invokeSuspend$lambda$2@1504 (line 755)
  0x00007f78c5a48748: 9453 a606 

  0x00007f78c5a4874c: ;   {post_call_nop}
  0x00007f78c5a4874c: 0f1f 8400 | 4466 0050 | 488b 8424 | a001 0000 

  0x00007f78c5a4875c: ;   {metadata(method data for {method} {0x00007f7890f76848} 'invokeSuspend$lambda$2' '(Landroidx/compose/runtime/Recomposer;Landroidx/collection/MutableScatterSet;Landroidx/collection/MutableScatterSet;Ljava/util/List;Ljava/util/List;Landroidx/collection/MutableScatterSet;Ljava/util/List;Landroidx/collection/MutableScatterSet;Ljava/util/Set;J)Lkotlin/Unit;' in 'androidx/compose/runtime/Recomposer$runRecomposeAndApplyChanges$2')}
  0x00007f78c5a4875c: 48ba 4899 | d292 787f | 0000 8b40 | 0848 3b82 | 2819 0000 | 750d 4883 | 8230 1900 | 0001 e960 
  0x00007f78c5a4877c: 0000 0048 | 3b82 3819 | 0000 750d | 4883 8240 | 1900 0001 | e94a 0000 | 0048 83ba | 2819 0000 
  0x00007f78c5a4879c: 0075 1748 | 8982 2819 | 0000 48c7 | 8230 1900 | 0001 0000 | 00e9 2900 | 0000 4883 | ba38 1900 
  0x00007f78c5a487bc: 0000 7517 | 4889 8238 | 1900 0048 | c782 4019 | 0000 0100 | 0000 e908 | 0000 0048 | 8382 2019 
  0x00007f78c5a487dc: ;   {metadata(method data for {method} {0x00007f7890ce9bb0} 'restoreCurrent' '(Landroidx/compose/runtime/snapshots/Snapshot;)V' in 'androidx/compose/runtime/snapshots/Snapshot')}
  0x00007f78c5a487dc: 0000 0148 | ba40 bf8f | 9278 7f00 | 008b b290 | 0000 0083 | c602 89b2 | 9000 0000 | 81e6 feff 
  0x00007f78c5a487fc: 1f00 85f6 | 0f84 b524 

  0x00007f78c5a48804: ;   {metadata(method data for {method} {0x00007f7890ce9bb0} 'restoreCurrent' '(Landroidx/compose/runtime/snapshots/Snapshot;)V' in 'androidx/compose/runtime/snapshots/Snapshot')}
  0x00007f78c5a48804: 0000 48ba | 40bf 8f92 | 787f 0000 | 4883 82d8 | 0000 0001 

  0x00007f78c5a48818: ;   {metadata(method data for {method} {0x00007f7890cf70b0} 'access$getThreadSnapshot$p' '()Landroidx/compose/runtime/internal/SnapshotThreadLocal;' in 'androidx/compose/runtime/snapshots/SnapshotKt')}
  0x00007f78c5a48818: 48ba b893 | 6d92 787f | 0000 8bb2 | 9000 0000 | 83c6 0289 | b290 0000 | 0081 e6fe | ff1f 0085 
  0x00007f78c5a48838: f60f 849d 

  0x00007f78c5a4883c: ;   {oop(a 'androidx/compose/runtime/internal/SnapshotThreadLocal'{0x00000004214f8a00})}
  0x00007f78c5a4883c: 2400 0048 | be00 8a4f | 2104 0000 | 0048 8bd6 

  0x00007f78c5a4884c: ;   {metadata(method data for {method} {0x00007f7890ce9bb0} 'restoreCurrent' '(Landroidx/compose/runtime/snapshots/Snapshot;)V' in 'androidx/compose/runtime/snapshots/Snapshot')}
  0x00007f78c5a4884c: 48bf 40bf | 8f92 787f | 0000 8b52 | 0848 3b97 | f000 0000 | 750d 4883 | 87f8 0000 | 0001 e960 
  0x00007f78c5a4886c: 0000 0048 | 3b97 0001 | 0000 750d | 4883 8708 | 0100 0001 | e94a 0000 | 0048 83bf | f000 0000 
  0x00007f78c5a4888c: 0075 1748 | 8997 f000 | 0000 48c7 | 87f8 0000 | 0001 0000 | 00e9 2900 | 0000 4883 | bf00 0100 
  0x00007f78c5a488ac: 0000 7517 | 4889 9700 | 0100 0048 | c787 0801 | 0000 0100 | 0000 e908 | 0000 0048 | 8387 e800 
  0x00007f78c5a488cc: 0000 0148 | 8b94 24a8 

  0x00007f78c5a488d4: ;   {optimized virtual_call}
  0x00007f78c5a488d4: 0100 00e8 

  0x00007f78c5a488d8: ; ImmutableOopMap {[416]=Oop }
                      ;*invokevirtual set {reexecute=0 rethrow=0 return_oop=0}
                      ; - androidx.compose.runtime.snapshots.Snapshot::restoreCurrent@4 (line 167)
                      ; - androidx.compose.runtime.Recomposer$runRecomposeAndApplyChanges$2::invokeSuspend$lambda$2@1515 (line 2020)
  0x00007f78c5a488d8: 0452 a606 

  0x00007f78c5a488dc: ;   {post_call_nop}
  0x00007f78c5a488dc: 0f1f 8400 | d467 0051 | e9c4 0900 | 004c 8b9c | 24f0 0000 | 0048 8b9c | 24e8 0000 | 0049 8b87 
  0x00007f78c5a488fc: e005 0000 | 4d33 d24d | 8997 e005 | 0000 4d33 | d24d 8997 | e805 0000 

  0x00007f78c5a48914: ;   {metadata(method data for {method} {0x00007f7890f76848} 'invokeSuspend$lambda$2' '(Landroidx/compose/runtime/Recomposer;Landroidx/collection/MutableScatterSet;Landroidx/collection/MutableScatterSet;Ljava/util/List;Ljava/util/List;Landroidx/collection/MutableScatterSet;Ljava/util/List;Landroidx/collection/MutableScatterSet;Ljava/util/Set;J)Lkotlin/Unit;' in 'androidx/compose/runtime/Recomposer$runRecomposeAndApplyChanges$2')}
  0x00007f78c5a48914: 48ba 4899 | d292 787f | 0000 4883 | 8210 1500 

  0x00007f78c5a48924: ;   {metadata(method data for {method} {0x00007f7890e1e9b0} 'processCompositionError$default' '(Landroidx/compose/runtime/Recomposer;Ljava/lang/Throwable;Landroidx/compose/runtime/ControlledComposition;ZILjava/lang/Object;)V' in 'androidx/compose/runtime/Recomposer')}
  0x00007f78c5a48924: 0001 48ba | f0bf d292 | 787f 0000 | 8b8a 9000 | 0000 83c1 | 0289 8a90 | 0000 0081 | e1fe ff1f 
  0x00007f78c5a48944: 0085 c90f | 84b0 2300 

  0x00007f78c5a4894c: ;   {metadata(method data for {method} {0x00007f7890e1e9b0} 'processCompositionError$default' '(Landroidx/compose/runtime/Recomposer;Ljava/lang/Throwable;Landroidx/compose/runtime/ControlledComposition;ZILjava/lang/Object;)V' in 'androidx/compose/runtime/Recomposer')}
  0x00007f78c5a4894c: 0048 baf0 | bfd2 9278 | 7f00 00ff | 82e8 0000 

  0x00007f78c5a4895c: ;   {metadata(method data for {method} {0x00007f7890e1e9b0} 'processCompositionError$default' '(Landroidx/compose/runtime/Recomposer;Ljava/lang/Throwable;Landroidx/compose/runtime/ControlledComposition;ZILjava/lang/Object;)V' in 'androidx/compose/runtime/Recomposer')}
  0x00007f78c5a4895c: 0048 baf0 | bfd2 9278 | 7f00 00ff | 8208 0100 | 0048 8bb4 | 24d8 0000 

  0x00007f78c5a48974: ;   {metadata(method data for {method} {0x00007f7890e1e9b0} 'processCompositionError$default' '(Landroidx/compose/runtime/Recomposer;Ljava/lang/Throwable;Landroidx/compose/runtime/ControlledComposition;ZILjava/lang/Object;)V' in 'androidx/compose/runtime/Recomposer')}
  0x00007f78c5a48974: 0049 b8f0 | bfd2 9278 | 7f00 0049 | 8380 1801 | 0000 0148 

  0x00007f78c5a48988: ;   {oop(nullptr)}
  0x00007f78c5a48988: 8bd0 48b9 | 0000 0000 | 0000 0000 | 41b8 0000 | 0000 488b | b424 d800 | 0000 0f1f 

  0x00007f78c5a489a4: ;   {optimized virtual_call}
  0x00007f78c5a489a4: 4400 00e8 

  0x00007f78c5a489a8: ; ImmutableOopMap {[216]=Oop [224]=Oop [232]=Oop [240]=Oop [248]=Oop [256]=Oop [416]=Oop [424]=Oop [640]=Oop [648]=Oop }
                      ;*invokespecial processCompositionError {reexecute=0 rethrow=0 return_oop=0}
                      ; - androidx.compose.runtime.Recomposer::processCompositionError$default@22 (line 797)
                      ; - androidx.compose.runtime.Recomposer$runRecomposeAndApplyChanges$2::invokeSuspend$lambda$2@1151 (line 736)
  0x00007f78c5a489a8: 3451 a606 

  0x00007f78c5a489ac: ;   {post_call_nop}
  0x00007f78c5a489ac: 0f1f 8400 | a468 0052 | 488b 8c24 | f000 0000 | 488b 9424 | e800 0000 

  0x00007f78c5a489c4: ;   {metadata(method data for {method} {0x00007f7890f76848} 'invokeSuspend$lambda$2' '(Landroidx/compose/runtime/Recomposer;Landroidx/collection/MutableScatterSet;Landroidx/collection/MutableScatterSet;Ljava/util/List;Ljava/util/List;Landroidx/collection/MutableScatterSet;Ljava/util/List;Landroidx/collection/MutableScatterSet;Ljava/util/Set;J)Lkotlin/Unit;' in 'androidx/compose/runtime/Recomposer$runRecomposeAndApplyChanges$2')}
  0x00007f78c5a489c4: 48be 4899 | d292 787f | 0000 4883 | 8620 1500 | 0001 488b | b424 d800 | 0000 488b | da48 8b94 
  0x00007f78c5a489e4: 24e0 0000 | 004c 8bd9 | 488b 8c24 | f800 0000 | 4c8b 8424 | 8002 0000 | 4c8b 8c24 | 0001 0000 
  0x00007f78c5a48a04: 488b bc24 | 8802 0000 | 4889 1c24 | 4c89 5c24 

  0x00007f78c5a48a14: ;   {static_call}
  0x00007f78c5a48a14: 0866 90e8 

  0x00007f78c5a48a18: ; ImmutableOopMap {[416]=Oop [424]=Oop [640]=Oop }
                      ;*invokestatic invokeSuspend$clearRecompositionState {reexecute=0 rethrow=0 return_oop=0}
                      ; - androidx.compose.runtime.Recomposer$runRecomposeAndApplyChanges$2::invokeSuspend$lambda$2@1166 (line 737)
  0x00007f78c5a48a18: c45a a606 

  0x00007f78c5a48a1c: ;   {post_call_nop}
  0x00007f78c5a48a1c: 0f1f 8400 | 1469 0053 | 488b bc24 | 8002 0000 

  0x00007f78c5a48a2c: ; implicit exception: dispatches to 0x00007f78c5a4ad1e
  0x00007f78c5a48a2c: 483b 0748 

  0x00007f78c5a48a30: ;   {metadata(method data for {method} {0x00007f7890f76848} 'invokeSuspend$lambda$2' '(Landroidx/compose/runtime/Recomposer;Landroidx/collection/MutableScatterSet;Landroidx/collection/MutableScatterSet;Ljava/util/List;Ljava/util/List;Landroidx/collection/MutableScatterSet;Ljava/util/List;Landroidx/collection/MutableScatterSet;Ljava/util/Set;J)Lkotlin/Unit;' in 'androidx/compose/runtime/Recomposer$runRecomposeAndApplyChanges$2')}
  0x00007f78c5a48a30: 8bf7 48bb | 4899 d292 | 787f 0000 | 8b76 0848 | 3bb3 3815 | 0000 750d | 4883 8340 | 1500 0001 
  0x00007f78c5a48a50: e960 0000 | 0048 3bb3 | 4815 0000 | 750d 4883 | 8350 1500 | 0001 e94a | 0000 0048 | 83bb 3815 
  0x00007f78c5a48a70: 0000 0075 | 1748 89b3 | 3815 0000 | 48c7 8340 | 1500 0001 | 0000 00e9 | 2900 0000 | 4883 bb48 
  0x00007f78c5a48a90: 1500 0000 | 7517 4889 | b348 1500 | 0048 c783 | 5015 0000 | 0100 0000 | e908 0000 | 0048 8383 
  0x00007f78c5a48ab0: 3015 0000 | 0148 8bf7 | 0f1f 4400 | 0048 b880 | 57de 6978 

  0x00007f78c5a48ac4: ;   {virtual_call}
  0x00007f78c5a48ac4: 7f00 00e8 

  0x00007f78c5a48ac8: ; ImmutableOopMap {[416]=Oop [424]=Oop }
                      ;*invokeinterface clear {reexecute=0 rethrow=0 return_oop=0}
                      ; - androidx.compose.runtime.Recomposer$runRecomposeAndApplyChanges$2::invokeSuspend$lambda$2@1176 (line 740)
  0x00007f78c5a48ac8: 1455 a606 

  0x00007f78c5a48acc: ;   {post_call_nop}
  0x00007f78c5a48acc: 0f1f 8400 | c469 0054 | 488b 8424 | a001 0000 

  0x00007f78c5a48adc: ;   {metadata(method data for {method} {0x00007f7890f76848} 'invokeSuspend$lambda$2' '(Landroidx/compose/runtime/Recomposer;Landroidx/collection/MutableScatterSet;Landroidx/collection/MutableScatterSet;Ljava/util/List;Ljava/util/List;Landroidx/collection/MutableScatterSet;Ljava/util/List;Landroidx/collection/MutableScatterSet;Ljava/util/Set;J)Lkotlin/Unit;' in 'androidx/compose/runtime/Recomposer$runRecomposeAndApplyChanges$2')}
  0x00007f78c5a48adc: 48ba 4899 | d292 787f | 0000 8b40 | 0848 3b82 | 6815 0000 | 750d 4883 | 8270 1500 | 0001 e960 
  0x00007f78c5a48afc: 0000 0048 | 3b82 7815 | 0000 750d | 4883 8280 | 1500 0001 | e94a 0000 | 0048 83ba | 6815 0000 
  0x00007f78c5a48b1c: 0075 1748 | 8982 6815 | 0000 48c7 | 8270 1500 | 0001 0000 | 00e9 2900 | 0000 4883 | ba78 1500 
  0x00007f78c5a48b3c: 0000 7517 | 4889 8278 | 1500 0048 | c782 8015 | 0000 0100 | 0000 e908 | 0000 0048 | 8382 6015 
  0x00007f78c5a48b5c: ;   {metadata(method data for {method} {0x00007f7890ce9bb0} 'restoreCurrent' '(Landroidx/compose/runtime/snapshots/Snapshot;)V' in 'androidx/compose/runtime/snapshots/Snapshot')}
  0x00007f78c5a48b5c: 0000 0148 | ba40 bf8f | 9278 7f00 | 008b b290 | 0000 0083 | c602 89b2 | 9000 0000 | 81e6 feff 
  0x00007f78c5a48b7c: 1f00 85f6 | 0f84 9d21 

  0x00007f78c5a48b84: ;   {metadata(method data for {method} {0x00007f7890ce9bb0} 'restoreCurrent' '(Landroidx/compose/runtime/snapshots/Snapshot;)V' in 'androidx/compose/runtime/snapshots/Snapshot')}
  0x00007f78c5a48b84: 0000 48ba | 40bf 8f92 | 787f 0000 | 4883 82d8 | 0000 0001 

  0x00007f78c5a48b98: ;   {metadata(method data for {method} {0x00007f7890cf70b0} 'access$getThreadSnapshot$p' '()Landroidx/compose/runtime/internal/SnapshotThreadLocal;' in 'androidx/compose/runtime/snapshots/SnapshotKt')}
  0x00007f78c5a48b98: 48ba b893 | 6d92 787f | 0000 8bb2 | 9000 0000 | 83c6 0289 | b290 0000 | 0081 e6fe | ff1f 0085 
  0x00007f78c5a48bb8: f60f 8485 

  0x00007f78c5a48bbc: ;   {oop(a 'androidx/compose/runtime/internal/SnapshotThreadLocal'{0x00000004214f8a00})}
  0x00007f78c5a48bbc: 2100 0048 | be00 8a4f | 2104 0000 | 0048 8bd6 

  0x00007f78c5a48bcc: ;   {metadata(method data for {method} {0x00007f7890ce9bb0} 'restoreCurrent' '(Landroidx/compose/runtime/snapshots/Snapshot;)V' in 'androidx/compose/runtime/snapshots/Snapshot')}
  0x00007f78c5a48bcc: 48bf 40bf | 8f92 787f | 0000 8b52 | 0848 3b97 | f000 0000 | 750d 4883 | 87f8 0000 | 0001 e960 
  0x00007f78c5a48bec: 0000 0048 | 3b97 0001 | 0000 750d | 4883 8708 | 0100 0001 | e94a 0000 | 0048 83bf | f000 0000 
  0x00007f78c5a48c0c: 0075 1748 | 8997 f000 | 0000 48c7 | 87f8 0000 | 0001 0000 | 00e9 2900 | 0000 4883 | bf00 0100 
  0x00007f78c5a48c2c: 0000 7517 | 4889 9700 | 0100 0048 | c787 0801 | 0000 0100 | 0000 e908 | 0000 0048 | 8387 e800 
  0x00007f78c5a48c4c: 0000 0148 | 8b94 24a8 

  0x00007f78c5a48c54: ;   {optimized virtual_call}
  0x00007f78c5a48c54: 0100 00e8 

  0x00007f78c5a48c58: ; ImmutableOopMap {[416]=Oop }
                      ;*invokevirtual set {reexecute=0 rethrow=0 return_oop=0}
                      ; - androidx.compose.runtime.snapshots.Snapshot::restoreCurrent@4 (line 167)
                      ; - androidx.compose.runtime.Recomposer$runRecomposeAndApplyChanges$2::invokeSuspend$lambda$2@1189 (line 2020)
  0x00007f78c5a48c58: 844e a606 

  0x00007f78c5a48c5c: ;   {post_call_nop}
  0x00007f78c5a48c5c: 0f1f 8400 | 546b 0055 | e9c4 0400 | 0048 8bbc | 2480 0200 | 004c 8b9c | 24f0 0000 | 0048 8b9c 
  0x00007f78c5a48c7c: 24e8 0000 | 0049 8b87 | e005 0000 | 4d33 d24d | 8997 e005 | 0000 4d33 | d24d 8997 | e805 0000 
  0x00007f78c5a48c9c: ;   {metadata(method data for {method} {0x00007f7890f76848} 'invokeSuspend$lambda$2' '(Landroidx/compose/runtime/Recomposer;Landroidx/collection/MutableScatterSet;Landroidx/collection/MutableScatterSet;Ljava/util/List;Ljava/util/List;Landroidx/collection/MutableScatterSet;Ljava/util/List;Landroidx/collection/MutableScatterSet;Ljava/util/Set;J)Lkotlin/Unit;' in 'androidx/compose/runtime/Recomposer$runRecomposeAndApplyChanges$2')}
  0x00007f78c5a48c9c: 48ba 4899 | d292 787f | 0000 4883 | 82b8 0f00 

  0x00007f78c5a48cac: ;   {metadata(method data for {method} {0x00007f7890e1e9b0} 'processCompositionError$default' '(Landroidx/compose/runtime/Recomposer;Ljava/lang/Throwable;Landroidx/compose/runtime/ControlledComposition;ZILjava/lang/Object;)V' in 'androidx/compose/runtime/Recomposer')}
  0x00007f78c5a48cac: 0001 48ba | f0bf d292 | 787f 0000 | 8b8a 9000 | 0000 83c1 | 0289 8a90 | 0000 0081 | e1fe ff1f 
  0x00007f78c5a48ccc: 0085 c90f | 8490 2000 

  0x00007f78c5a48cd4: ;   {metadata(method data for {method} {0x00007f7890e1e9b0} 'processCompositionError$default' '(Landroidx/compose/runtime/Recomposer;Ljava/lang/Throwable;Landroidx/compose/runtime/ControlledComposition;ZILjava/lang/Object;)V' in 'androidx/compose/runtime/Recomposer')}
  0x00007f78c5a48cd4: 0048 baf0 | bfd2 9278 | 7f00 00ff | 82e8 0000 

  0x00007f78c5a48ce4: ;   {metadata(method data for {method} {0x00007f7890e1e9b0} 'processCompositionError$default' '(Landroidx/compose/runtime/Recomposer;Ljava/lang/Throwable;Landroidx/compose/runtime/ControlledComposition;ZILjava/lang/Object;)V' in 'androidx/compose/runtime/Recomposer')}
  0x00007f78c5a48ce4: 0048 baf0 | bfd2 9278 | 7f00 00ff | 82f8 0000 | 0048 8bb4 | 24d8 0000 

  0x00007f78c5a48cfc: ;   {metadata(method data for {method} {0x00007f7890e1e9b0} 'processCompositionError$default' '(Landroidx/compose/runtime/Recomposer;Ljava/lang/Throwable;Landroidx/compose/runtime/ControlledComposition;ZILjava/lang/Object;)V' in 'androidx/compose/runtime/Recomposer')}
  0x00007f78c5a48cfc: 0049 b8f0 | bfd2 9278 | 7f00 0049 | 8380 1801 | 0000 0148 

  0x00007f78c5a48d10: ;   {oop(nullptr)}
  0x00007f78c5a48d10: 8bd0 48b9 | 0000 0000 | 0000 0000 | 41b8 0100 | 0000 488b | b424 d800 | 0000 0f1f 

  0x00007f78c5a48d2c: ;   {optimized virtual_call}
  0x00007f78c5a48d2c: 4400 00e8 

  0x00007f78c5a48d30: ; ImmutableOopMap {[216]=Oop [224]=Oop [232]=Oop [240]=Oop [248]=Oop [256]=Oop [640]=Oop [648]=Oop }
                      ;*invokespecial processCompositionError {reexecute=0 rethrow=0 return_oop=0}
                      ; - androidx.compose.runtime.Recomposer::processCompositionError$default@22 (line 797)
                      ; - androidx.compose.runtime.Recomposer$runRecomposeAndApplyChanges$2::invokeSuspend$lambda$2@848 (line 708)
  0x00007f78c5a48d30: ac4d a606 

  0x00007f78c5a48d34: ;   {post_call_nop}
  0x00007f78c5a48d34: 0f1f 8400 | 2c6c 0056 | 4c8b 8424 | e000 0000 | 4c8b 9c24 | f000 0000 | 488b 9c24 | e800 0000 
  0x00007f78c5a48d54: e9ac 0200 | 0049 8b87 | e005 0000 | 4d33 d24d | 8997 e005 | 0000 4d33 | d24d 8997 | e805 0000 
  0x00007f78c5a48d74: ;   {metadata(method data for {method} {0x00007f7890f76848} 'invokeSuspend$lambda$2' '(Landroidx/compose/runtime/Recomposer;Landroidx/collection/MutableScatterSet;Landroidx/collection/MutableScatterSet;Ljava/util/List;Ljava/util/List;Landroidx/collection/MutableScatterSet;Ljava/util/List;Landroidx/collection/MutableScatterSet;Ljava/util/Set;J)Lkotlin/Unit;' in 'androidx/compose/runtime/Recomposer$runRecomposeAndApplyChanges$2')}
  0x00007f78c5a48d74: 48ba 4899 | d292 787f | 0000 4883 | 82b8 0700 

  0x00007f78c5a48d84: ;   {metadata(method data for {method} {0x00007f7890e1e9b0} 'processCompositionError$default' '(Landroidx/compose/runtime/Recomposer;Ljava/lang/Throwable;Landroidx/compose/runtime/ControlledComposition;ZILjava/lang/Object;)V' in 'androidx/compose/runtime/Recomposer')}
  0x00007f78c5a48d84: 0001 48ba | f0bf d292 | 787f 0000 | 8b8a 9000 | 0000 83c1 | 0289 8a90 | 0000 0081 | e1fe ff1f 
  0x00007f78c5a48da4: 0085 c90f | 84d9 1f00 

  0x00007f78c5a48dac: ;   {metadata(method data for {method} {0x00007f7890e1e9b0} 'processCompositionError$default' '(Landroidx/compose/runtime/Recomposer;Ljava/lang/Throwable;Landroidx/compose/runtime/ControlledComposition;ZILjava/lang/Object;)V' in 'androidx/compose/runtime/Recomposer')}
  0x00007f78c5a48dac: 0048 baf0 | bfd2 9278 | 7f00 00ff | 82e8 0000 

  0x00007f78c5a48dbc: ;   {metadata(method data for {method} {0x00007f7890e1e9b0} 'processCompositionError$default' '(Landroidx/compose/runtime/Recomposer;Ljava/lang/Throwable;Landroidx/compose/runtime/ControlledComposition;ZILjava/lang/Object;)V' in 'androidx/compose/runtime/Recomposer')}
  0x00007f78c5a48dbc: 0048 baf0 | bfd2 9278 | 7f00 00ff | 82f8 0000 | 0048 8bb4 | 24d8 0000 

  0x00007f78c5a48dd4: ;   {metadata(method data for {method} {0x00007f7890e1e9b0} 'processCompositionError$default' '(Landroidx/compose/runtime/Recomposer;Ljava/lang/Throwable;Landroidx/compose/runtime/ControlledComposition;ZILjava/lang/Object;)V' in 'androidx/compose/runtime/Recomposer')}
  0x00007f78c5a48dd4: 0048 baf0 | bfd2 9278 | 7f00 0048 | 8382 1801 | 0000 0148 

  0x00007f78c5a48de8: ;   {oop(nullptr)}
  0x00007f78c5a48de8: 8bd0 48b9 | 0000 0000 | 0000 0000 | 41b8 0100 | 0000 488b | b424 d800 | 0000 0f1f 

  0x00007f78c5a48e04: ;   {optimized virtual_call}
  0x00007f78c5a48e04: 4400 00e8 

  0x00007f78c5a48e08: ; ImmutableOopMap {[216]=Oop [224]=Oop [232]=Oop [240]=Oop [248]=Oop [256]=Oop [640]=Oop [648]=Oop }
                      ;*invokespecial processCompositionError {reexecute=0 rethrow=0 return_oop=0}
                      ; - androidx.compose.runtime.Recomposer::processCompositionError$default@22 (line 797)
                      ; - androidx.compose.runtime.Recomposer$runRecomposeAndApplyChanges$2::invokeSuspend$lambda$2@401 (line 661)
  0x00007f78c5a48e08: d44c a606 

  0x00007f78c5a48e0c: ;   {post_call_nop}
  0x00007f78c5a48e0c: 0f1f 8400 | 046d 0057 | 488b 8c24 | f000 0000 | 488b 9424 | e800 0000 

  0x00007f78c5a48e24: ;   {metadata(method data for {method} {0x00007f7890f76848} 'invokeSuspend$lambda$2' '(Landroidx/compose/runtime/Recomposer;Landroidx/collection/MutableScatterSet;Landroidx/collection/MutableScatterSet;Ljava/util/List;Ljava/util/List;Landroidx/collection/MutableScatterSet;Ljava/util/List;Landroidx/collection/MutableScatterSet;Ljava/util/Set;J)Lkotlin/Unit;' in 'androidx/compose/runtime/Recomposer$runRecomposeAndApplyChanges$2')}
  0x00007f78c5a48e24: 48be 4899 | d292 787f | 0000 4883 | 86c8 0700 | 0001 488b | b424 d800 | 0000 488b | da48 8b94 
  0x00007f78c5a48e44: 24e0 0000 | 004c 8bd9 | 488b 8c24 | f800 0000 | 4c8b 8424 | 8002 0000 | 4c8b 8c24 | 0001 0000 
  0x00007f78c5a48e64: 488b bc24 | 8802 0000 | 4889 1c24 | 4c89 5c24 

  0x00007f78c5a48e74: ;   {static_call}
  0x00007f78c5a48e74: 0866 90e8 

  0x00007f78c5a48e78: ; ImmutableOopMap {[224]=Oop }
                      ;*invokestatic invokeSuspend$clearRecompositionState {reexecute=0 rethrow=0 return_oop=0}
                      ; - androidx.compose.runtime.Recomposer$runRecomposeAndApplyChanges$2::invokeSuspend$lambda$2@416 (line 662)
  0x00007f78c5a48e78: 6456 a606 

  0x00007f78c5a48e7c: ;   {post_call_nop}
  0x00007f78c5a48e7c: 0f1f 8400 | 746d 0058 | 4c8b 8424 | e000 0000 

  0x00007f78c5a48e8c: ; implicit exception: dispatches to 0x00007f78c5a4ada7
  0x00007f78c5a48e8c: 493b 0049 

  0x00007f78c5a48e90: ;   {metadata(method data for {method} {0x00007f7890f76848} 'invokeSuspend$lambda$2' '(Landroidx/compose/runtime/Recomposer;Landroidx/collection/MutableScatterSet;Landroidx/collection/MutableScatterSet;Ljava/util/List;Ljava/util/List;Landroidx/collection/MutableScatterSet;Ljava/util/List;Landroidx/collection/MutableScatterSet;Ljava/util/Set;J)Lkotlin/Unit;' in 'androidx/compose/runtime/Recomposer$runRecomposeAndApplyChanges$2')}
  0x00007f78c5a48e90: 8bf0 48bf | 4899 d292 | 787f 0000 | 8b76 0848 | 3bb7 e007 | 0000 750d | 4883 87e8 | 0700 0001 
  0x00007f78c5a48eb0: e960 0000 | 0048 3bb7 | f007 0000 | 750d 4883 | 87f8 0700 | 0001 e94a | 0000 0048 | 83bf e007 
  0x00007f78c5a48ed0: 0000 0075 | 1748 89b7 | e007 0000 | 48c7 87e8 | 0700 0001 | 0000 00e9 | 2900 0000 | 4883 bff0 
  0x00007f78c5a48ef0: 0700 0000 | 7517 4889 | b7f0 0700 | 0048 c787 | f807 0000 | 0100 0000 | e908 0000 | 0048 8387 
  0x00007f78c5a48f10: d807 0000 | 0149 8bf0 | 0f1f 4400 | 0048 b8a8 | 57de 6978 

  0x00007f78c5a48f24: ;   {virtual_call}
  0x00007f78c5a48f24: 7f00 00e8 

  0x00007f78c5a48f28: ; ImmutableOopMap {}
                      ;*invokeinterface clear {reexecute=0 rethrow=0 return_oop=0}
                      ; - androidx.compose.runtime.Recomposer$runRecomposeAndApplyChanges$2::invokeSuspend$lambda$2@425 (line 665)
  0x00007f78c5a48f28: b450 a606 

  0x00007f78c5a48f2c: ;   {post_call_nop}
  0x00007f78c5a48f2c: 0f1f 8400 | 246e 0059 

  0x00007f78c5a48f34: ;   {oop(a 'androidx/compose/runtime/internal/Trace'{0x00000004214fda88})}
  0x00007f78c5a48f34: 48b8 88da | 4f21 0400 

  0x00007f78c5a48f3c: ;   {metadata(method data for {method} {0x00007f7890f76848} 'invokeSuspend$lambda$2' '(Landroidx/compose/runtime/Recomposer;Landroidx/collection/MutableScatterSet;Landroidx/collection/MutableScatterSet;Ljava/util/List;Ljava/util/List;Landroidx/collection/MutableScatterSet;Ljava/util/List;Landroidx/collection/MutableScatterSet;Ljava/util/Set;J)Lkotlin/Unit;' in 'androidx/compose/runtime/Recomposer$runRecomposeAndApplyChanges$2')}
  0x00007f78c5a48f3c: 0000 48be | 4899 d292 | 787f 0000 | 8b40 0848 | 3b86 1008 | 0000 750d | 4883 8618 | 0800 0001 
  0x00007f78c5a48f5c: e960 0000 | 0048 3b86 | 2008 0000 | 750d 4883 | 8628 0800 | 0001 e94a | 0000 0048 | 83be 1008 
  0x00007f78c5a48f7c: 0000 0075 | 1748 8986 | 1008 0000 | 48c7 8618 | 0800 0001 | 0000 00e9 | 2900 0000 | 4883 be20 
  0x00007f78c5a48f9c: 0800 0000 | 7517 4889 | 8620 0800 | 0048 c786 | 2808 0000 | 0100 0000 | e908 0000 | 0048 8386 
  0x00007f78c5a48fbc: 0808 0000 

  0x00007f78c5a48fc0: ;   {metadata(method data for {method} {0x00007f78910323e0} 'endSection' '(Ljava/lang/Object;)V' in 'androidx/compose/runtime/internal/Trace')}
  0x00007f78c5a48fc0: 0148 b8b0 | ddae 9278 | 7f00 008b | b090 0000 | 0083 c602 | 89b0 9000 | 0000 81e6 | feff 1f00 
  0x00007f78c5a48fe0: 85f6 0f84 | c41d 0000 

  0x00007f78c5a48fe8: ;   {oop(a 'kotlin/Unit'{0x00000004210022f8})}
  0x00007f78c5a48fe8: 48b8 f822 | 0021 0400 | 0000 4881 | c470 0200 

  0x00007f78c5a48ff8: ;   {poll_return}
  0x00007f78c5a48ff8: 005d 493b | 6728 0f87 | c91d 0000 

  0x00007f78c5a49004: ;   {metadata(method data for {method} {0x00007f7890f76848} 'invokeSuspend$lambda$2' '(Landroidx/compose/runtime/Recomposer;Landroidx/collection/MutableScatterSet;Landroidx/collection/MutableScatterSet;Ljava/util/List;Ljava/util/List;Landroidx/collection/MutableScatterSet;Ljava/util/List;Landroidx/collection/MutableScatterSet;Ljava/util/Set;J)Lkotlin/Unit;' in 'androidx/compose/runtime/Recomposer$runRecomposeAndApplyChanges$2')}
  0x00007f78c5a49004: c348 be48 | 99d2 9278 | 7f00 0048 | 8386 c80f | 0000 0148 | 8bb4 24d8 | 0000 0049 | 8bd0 488b 
  0x00007f78c5a49024: 8c24 f800 | 0000 4c8b | 8424 8002 | 0000 4c8b | 8c24 0001 | 0000 488b | bc24 8802 | 0000 4889 
  0x00007f78c5a49044: 1c24 4c89 | 5c24 080f 

  0x00007f78c5a4904c: ;   {static_call}
  0x00007f78c5a4904c: 1f40 00e8 

  0x00007f78c5a49050: ; ImmutableOopMap {}
                      ;*invokestatic invokeSuspend$clearRecompositionState {reexecute=0 rethrow=0 return_oop=0}
                      ; - androidx.compose.runtime.Recomposer$runRecomposeAndApplyChanges$2::invokeSuspend$lambda$2@863 (line 709)
  0x00007f78c5a49050: 8c54 a606 

  0x00007f78c5a49054: ;   {post_call_nop}
  0x00007f78c5a49054: 0f1f 8400 | 4c6f 005a 

  0x00007f78c5a4905c: ;   {oop(a 'androidx/compose/runtime/internal/Trace'{0x00000004214fda88})}
  0x00007f78c5a4905c: 48b8 88da | 4f21 0400 

  0x00007f78c5a49064: ;   {metadata(method data for {method} {0x00007f7890f76848} 'invokeSuspend$lambda$2' '(Landroidx/compose/runtime/Recomposer;Landroidx/collection/MutableScatterSet;Landroidx/collection/MutableScatterSet;Ljava/util/List;Ljava/util/List;Landroidx/collection/MutableScatterSet;Ljava/util/List;Landroidx/collection/MutableScatterSet;Ljava/util/Set;J)Lkotlin/Unit;' in 'androidx/compose/runtime/Recomposer$runRecomposeAndApplyChanges$2')}
  0x00007f78c5a49064: 0000 48be | 4899 d292 | 787f 0000 | 8b40 0848 | 3b86 e00f | 0000 750d | 4883 86e8 | 0f00 0001 
  0x00007f78c5a49084: e960 0000 | 0048 3b86 | f00f 0000 | 750d 4883 | 86f8 0f00 | 0001 e94a | 0000 0048 | 83be e00f 
  0x00007f78c5a490a4: 0000 0075 | 1748 8986 | e00f 0000 | 48c7 86e8 | 0f00 0001 | 0000 00e9 | 2900 0000 | 4883 bef0 
  0x00007f78c5a490c4: 0f00 0000 | 7517 4889 | 86f0 0f00 | 0048 c786 | f80f 0000 | 0100 0000 | e908 0000 | 0048 8386 
  0x00007f78c5a490e4: d80f 0000 

  0x00007f78c5a490e8: ;   {metadata(method data for {method} {0x00007f78910323e0} 'endSection' '(Ljava/lang/Object;)V' in 'androidx/compose/runtime/internal/Trace')}
  0x00007f78c5a490e8: 0148 b8b0 | ddae 9278 | 7f00 008b | b090 0000 | 0083 c602 | 89b0 9000 | 0000 81e6 | feff 1f00 
  0x00007f78c5a49108: 85f6 0f84 | d31c 0000 

  0x00007f78c5a49110: ;   {oop(a 'kotlin/Unit'{0x00000004210022f8})}
  0x00007f78c5a49110: 48b8 f822 | 0021 0400 | 0000 4881 | c470 0200 

  0x00007f78c5a49120: ;   {poll_return}
  0x00007f78c5a49120: 005d 493b | 6728 0f87 | d81c 0000 | c348 8b84 | 24a0 0100 

  0x00007f78c5a49134: ;   {metadata(method data for {method} {0x00007f7890f76848} 'invokeSuspend$lambda$2' '(Landroidx/compose/runtime/Recomposer;Landroidx/collection/MutableScatterSet;Landroidx/collection/MutableScatterSet;Ljava/util/List;Ljava/util/List;Landroidx/collection/MutableScatterSet;Ljava/util/List;Landroidx/collection/MutableScatterSet;Ljava/util/Set;J)Lkotlin/Unit;' in 'androidx/compose/runtime/Recomposer$runRecomposeAndApplyChanges$2')}
  0x00007f78c5a49134: 0048 be48 | 99d2 9278 | 7f00 008b | 4008 483b | 8698 1500 | 0075 0d48 | 8386 a015 | 0000 01e9 
  0x00007f78c5a49154: 6000 0000 | 483b 86a8 | 1500 0075 | 0d48 8386 | b015 0000 | 01e9 4a00 | 0000 4883 | be98 1500 
  0x00007f78c5a49174: 0000 7517 | 4889 8698 | 1500 0048 | c786 a015 | 0000 0100 | 0000 e929 | 0000 0048 | 83be a815 
  0x00007f78c5a49194: 0000 0075 | 1748 8986 | a815 0000 | 48c7 86b0 | 1500 0001 | 0000 00e9 | 0800 0000 | 4883 8690 
  0x00007f78c5a491b4: 1500 0001 | 488b b424 | a001 0000 | 0f1f 4400 | 0048 b8d0 | 57de 6978 

  0x00007f78c5a491cc: ;   {virtual_call}
  0x00007f78c5a491cc: 7f00 00e8 

  0x00007f78c5a491d0: ; ImmutableOopMap {}
                      ;*invokevirtual dispose {reexecute=0 rethrow=0 return_oop=0}
                      ; - androidx.compose.runtime.Recomposer$runRecomposeAndApplyChanges$2::invokeSuspend$lambda$2@1198 (line 2021)
  0x00007f78c5a491d0: 0c4e a606 

  0x00007f78c5a491d4: ;   {post_call_nop}
  0x00007f78c5a491d4: 0f1f 8400 | cc70 005b 

  0x00007f78c5a491dc: ;   {oop(a 'androidx/compose/runtime/internal/Trace'{0x00000004214fda88})}
  0x00007f78c5a491dc: 48b8 88da | 4f21 0400 

  0x00007f78c5a491e4: ;   {metadata(method data for {method} {0x00007f7890f76848} 'invokeSuspend$lambda$2' '(Landroidx/compose/runtime/Recomposer;Landroidx/collection/MutableScatterSet;Landroidx/collection/MutableScatterSet;Ljava/util/List;Ljava/util/List;Landroidx/collection/MutableScatterSet;Ljava/util/List;Landroidx/collection/MutableScatterSet;Ljava/util/Set;J)Lkotlin/Unit;' in 'androidx/compose/runtime/Recomposer$runRecomposeAndApplyChanges$2')}
  0x00007f78c5a491e4: 0000 48be | 4899 d292 | 787f 0000 | 8b40 0848 | 3b86 c815 | 0000 750d | 4883 86d0 | 1500 0001 
  0x00007f78c5a49204: e960 0000 | 0048 3b86 | d815 0000 | 750d 4883 | 86e0 1500 | 0001 e94a | 0000 0048 | 83be c815 
  0x00007f78c5a49224: 0000 0075 | 1748 8986 | c815 0000 | 48c7 86d0 | 1500 0001 | 0000 00e9 | 2900 0000 | 4883 bed8 
  0x00007f78c5a49244: 1500 0000 | 7517 4889 | 86d8 1500 | 0048 c786 | e015 0000 | 0100 0000 | e908 0000 | 0048 8386 
  0x00007f78c5a49264: c015 0000 

  0x00007f78c5a49268: ;   {metadata(method data for {method} {0x00007f78910323e0} 'endSection' '(Ljava/lang/Object;)V' in 'androidx/compose/runtime/internal/Trace')}
  0x00007f78c5a49268: 0148 b8b0 | ddae 9278 | 7f00 008b | b090 0000 | 0083 c602 | 89b0 9000 | 0000 81e6 | feff 1f00 
  0x00007f78c5a49288: 85f6 0f84 | 8a1b 0000 

  0x00007f78c5a49290: ;   {oop(a 'kotlin/Unit'{0x00000004210022f8})}
  0x00007f78c5a49290: 48b8 f822 | 0021 0400 | 0000 4881 | c470 0200 

  0x00007f78c5a492a0: ;   {poll_return}
  0x00007f78c5a492a0: 005d 493b | 6728 0f87 | 8f1b 0000 | c348 8b84 | 24a0 0100 

  0x00007f78c5a492b4: ;   {metadata(method data for {method} {0x00007f7890f76848} 'invokeSuspend$lambda$2' '(Landroidx/compose/runtime/Recomposer;Landroidx/collection/MutableScatterSet;Landroidx/collection/MutableScatterSet;Ljava/util/List;Ljava/util/List;Landroidx/collection/MutableScatterSet;Ljava/util/List;Landroidx/collection/MutableScatterSet;Ljava/util/Set;J)Lkotlin/Unit;' in 'androidx/compose/runtime/Recomposer$runRecomposeAndApplyChanges$2')}
  0x00007f78c5a492b4: 0048 be48 | 99d2 9278 | 7f00 008b | 4008 483b | 8658 1900 | 0075 0d48 | 8386 6019 | 0000 01e9 
  0x00007f78c5a492d4: 6000 0000 | 483b 8668 | 1900 0075 | 0d48 8386 | 7019 0000 | 01e9 4a00 | 0000 4883 | be58 1900 
  0x00007f78c5a492f4: 0000 7517 | 4889 8658 | 1900 0048 | c786 6019 | 0000 0100 | 0000 e929 | 0000 0048 | 83be 6819 
  0x00007f78c5a49314: 0000 0075 | 1748 8986 | 6819 0000 | 48c7 8670 | 1900 0001 | 0000 00e9 | 0800 0000 | 4883 8650 
  0x00007f78c5a49334: 1900 0001 | 488b b424 | a001 0000 | 0f1f 4400 | 0048 b8f8 | 57de 6978 

  0x00007f78c5a4934c: ;   {virtual_call}
  0x00007f78c5a4934c: 7f00 00e8 

  0x00007f78c5a49350: ; ImmutableOopMap {}
                      ;*invokevirtual dispose {reexecute=0 rethrow=0 return_oop=0}
                      ; - androidx.compose.runtime.Recomposer$runRecomposeAndApplyChanges$2::invokeSuspend$lambda$2@1524 (line 2021)
  0x00007f78c5a49350: 8c4c a606 

  0x00007f78c5a49354: ;   {post_call_nop}
  0x00007f78c5a49354: 0f1f 8400 | 4c72 005c 

  0x00007f78c5a4935c: ;   {oop(a 'androidx/compose/runtime/internal/Trace'{0x00000004214fda88})}
  0x00007f78c5a4935c: 48b8 88da | 4f21 0400 

  0x00007f78c5a49364: ;   {metadata(method data for {method} {0x00007f7890f76848} 'invokeSuspend$lambda$2' '(Landroidx/compose/runtime/Recomposer;Landroidx/collection/MutableScatterSet;Landroidx/collection/MutableScatterSet;Ljava/util/List;Ljava/util/List;Landroidx/collection/MutableScatterSet;Ljava/util/List;Landroidx/collection/MutableScatterSet;Ljava/util/Set;J)Lkotlin/Unit;' in 'androidx/compose/runtime/Recomposer$runRecomposeAndApplyChanges$2')}
  0x00007f78c5a49364: 0000 48be | 4899 d292 | 787f 0000 | 8b40 0848 | 3b86 8819 | 0000 750d | 4883 8690 | 1900 0001 
  0x00007f78c5a49384: e960 0000 | 0048 3b86 | 9819 0000 | 750d 4883 | 86a0 1900 | 0001 e94a | 0000 0048 | 83be 8819 
  0x00007f78c5a493a4: 0000 0075 | 1748 8986 | 8819 0000 | 48c7 8690 | 1900 0001 | 0000 00e9 | 2900 0000 | 4883 be98 
  0x00007f78c5a493c4: 1900 0000 | 7517 4889 | 8698 1900 | 0048 c786 | a019 0000 | 0100 0000 | e908 0000 | 0048 8386 
  0x00007f78c5a493e4: 8019 0000 

  0x00007f78c5a493e8: ;   {metadata(method data for {method} {0x00007f78910323e0} 'endSection' '(Ljava/lang/Object;)V' in 'androidx/compose/runtime/internal/Trace')}
  0x00007f78c5a493e8: 0148 b8b0 | ddae 9278 | 7f00 008b | b090 0000 | 0083 c602 | 89b0 9000 | 0000 81e6 | feff 1f00 
  0x00007f78c5a49408: 85f6 0f84 | 411a 0000 

  0x00007f78c5a49410: ;   {oop(a 'kotlin/Unit'{0x00000004210022f8})}
  0x00007f78c5a49410: 48b8 f822 | 0021 0400 | 0000 4881 | c470 0200 

  0x00007f78c5a49420: ;   {poll_return}
  0x00007f78c5a49420: 005d 493b | 6728 0f87 | 461a 0000 | c348 8b84 | 24a0 0100 

  0x00007f78c5a49434: ;   {metadata(method data for {method} {0x00007f7890f76848} 'invokeSuspend$lambda$2' '(Landroidx/compose/runtime/Recomposer;Landroidx/collection/MutableScatterSet;Landroidx/collection/MutableScatterSet;Ljava/util/List;Ljava/util/List;Landroidx/collection/MutableScatterSet;Ljava/util/List;Landroidx/collection/MutableScatterSet;Ljava/util/Set;J)Lkotlin/Unit;' in 'androidx/compose/runtime/Recomposer$runRecomposeAndApplyChanges$2')}
  0x00007f78c5a49434: 0048 be48 | 99d2 9278 | 7f00 008b | 4008 483b | 86b8 1c00 | 0075 0d48 | 8386 c01c | 0000 01e9 
  0x00007f78c5a49454: 6000 0000 | 483b 86c8 | 1c00 0075 | 0d48 8386 | d01c 0000 | 01e9 4a00 | 0000 4883 | beb8 1c00 
  0x00007f78c5a49474: 0000 7517 | 4889 86b8 | 1c00 0048 | c786 c01c | 0000 0100 | 0000 e929 | 0000 0048 | 83be c81c 
  0x00007f78c5a49494: 0000 0075 | 1748 8986 | c81c 0000 | 48c7 86d0 | 1c00 0001 | 0000 00e9 | 0800 0000 | 4883 86b0 
  0x00007f78c5a494b4: 1c00 0001 | 488b b424 | a001 0000 | 0f1f 4400 | 0048 b820 | 58de 6978 

  0x00007f78c5a494cc: ;   {virtual_call}
  0x00007f78c5a494cc: 7f00 00e8 

  0x00007f78c5a494d0: ; ImmutableOopMap {}
                      ;*invokevirtual dispose {reexecute=0 rethrow=0 return_oop=0}
                      ; - androidx.compose.runtime.Recomposer$runRecomposeAndApplyChanges$2::invokeSuspend$lambda$2@1838 (line 2021)
  0x00007f78c5a494d0: 0c4b a606 

  0x00007f78c5a494d4: ;   {post_call_nop}
  0x00007f78c5a494d4: 0f1f 8400 | cc73 005d 

  0x00007f78c5a494dc: ;   {oop(a 'androidx/compose/runtime/internal/Trace'{0x00000004214fda88})}
  0x00007f78c5a494dc: 48b8 88da | 4f21 0400 

  0x00007f78c5a494e4: ;   {metadata(method data for {method} {0x00007f7890f76848} 'invokeSuspend$lambda$2' '(Landroidx/compose/runtime/Recomposer;Landroidx/collection/MutableScatterSet;Landroidx/collection/MutableScatterSet;Ljava/util/List;Ljava/util/List;Landroidx/collection/MutableScatterSet;Ljava/util/List;Landroidx/collection/MutableScatterSet;Ljava/util/Set;J)Lkotlin/Unit;' in 'androidx/compose/runtime/Recomposer$runRecomposeAndApplyChanges$2')}
  0x00007f78c5a494e4: 0000 48ba | 4899 d292 | 787f 0000 | 8b40 0848 | 3b82 e81c | 0000 750d | 4883 82f0 | 1c00 0001 
  0x00007f78c5a49504: e960 0000 | 0048 3b82 | f81c 0000 | 750d 4883 | 8200 1d00 | 0001 e94a | 0000 0048 | 83ba e81c 
  0x00007f78c5a49524: 0000 0075 | 1748 8982 | e81c 0000 | 48c7 82f0 | 1c00 0001 | 0000 00e9 | 2900 0000 | 4883 baf8 
  0x00007f78c5a49544: 1c00 0000 | 7517 4889 | 82f8 1c00 | 0048 c782 | 001d 0000 | 0100 0000 | e908 0000 | 0048 8382 
  0x00007f78c5a49564: e01c 0000 

  0x00007f78c5a49568: ;   {metadata(method data for {method} {0x00007f78910323e0} 'endSection' '(Ljava/lang/Object;)V' in 'androidx/compose/runtime/internal/Trace')}
  0x00007f78c5a49568: 0148 b8b0 | ddae 9278 | 7f00 008b | 9090 0000 | 0083 c202 | 8990 9000 | 0000 81e2 | feff 1f00 
  0x00007f78c5a49588: 85d2 0f84 | f818 0000 

  0x00007f78c5a49590: ;   {oop(a 'kotlin/Unit'{0x00000004210022f8})}
  0x00007f78c5a49590: 48b8 f822 | 0021 0400 | 0000 4881 | c470 0200 

  0x00007f78c5a495a0: ;   {poll_return}
  0x00007f78c5a495a0: 005d 493b | 6728 0f87 | fd18 0000 

  0x00007f78c5a495ac: ;   {oop(a 'androidx/compose/runtime/internal/Trace'{0x00000004214fda88})}
  0x00007f78c5a495ac: c348 b888 | da4f 2104 

  0x00007f78c5a495b4: ;   {metadata(method data for {method} {0x00007f7890f76848} 'invokeSuspend$lambda$2' '(Landroidx/compose/runtime/Recomposer;Landroidx/collection/MutableScatterSet;Landroidx/collection/MutableScatterSet;Ljava/util/List;Ljava/util/List;Landroidx/collection/MutableScatterSet;Ljava/util/List;Landroidx/collection/MutableScatterSet;Ljava/util/Set;J)Lkotlin/Unit;' in 'androidx/compose/runtime/Recomposer$runRecomposeAndApplyChanges$2')}
  0x00007f78c5a495b4: 0000 0048 | ba48 99d2 | 9278 7f00 | 008b 4008 | 483b 8278 | 1f00 0075 | 0d48 8382 | 801f 0000 
  0x00007f78c5a495d4: 01e9 6000 | 0000 483b | 8288 1f00 | 0075 0d48 | 8382 901f | 0000 01e9 | 4a00 0000 | 4883 ba78 
  0x00007f78c5a495f4: 1f00 0000 | 7517 4889 | 8278 1f00 | 0048 c782 | 801f 0000 | 0100 0000 | e929 0000 | 0048 83ba 
  0x00007f78c5a49614: 881f 0000 | 0075 1748 | 8982 881f | 0000 48c7 | 8290 1f00 | 0001 0000 | 00e9 0800 | 0000 4883 
  0x00007f78c5a49634: 8270 1f00 

  0x00007f78c5a49638: ;   {metadata(method data for {method} {0x00007f78910323e0} 'endSection' '(Ljava/lang/Object;)V' in 'androidx/compose/runtime/internal/Trace')}
  0x00007f78c5a49638: 0001 48b8 | b0dd ae92 | 787f 0000 | 8b90 9000 | 0000 83c2 | 0289 9090 | 0000 0081 | e2fe ff1f 
  0x00007f78c5a49658: 0085 d20f | 845e 1800 

  0x00007f78c5a49660: ;   {metadata(method data for {method} {0x00007f7890f76848} 'invokeSuspend$lambda$2' '(Landroidx/compose/runtime/Recomposer;Landroidx/collection/MutableScatterSet;Landroidx/collection/MutableScatterSet;Ljava/util/List;Ljava/util/List;Landroidx/collection/MutableScatterSet;Ljava/util/List;Landroidx/collection/MutableScatterSet;Ljava/util/Set;J)Lkotlin/Unit;' in 'androidx/compose/runtime/Recomposer$runRecomposeAndApplyChanges$2')}
  0x00007f78c5a49660: 0048 b848 | 99d2 9278 | 7f00 00ff | 80a0 1f00 

  0x00007f78c5a49670: ;   {oop(a 'kotlin/Unit'{0x00000004210022f8})}
  0x00007f78c5a49670: 0048 b8f8 | 2200 2104 | 0000 0048 | 81c4 7002 

  0x00007f78c5a49680: ;   {poll_return}
  0x00007f78c5a49680: 0000 5d49 | 3b67 280f | 8753 1800 

  0x00007f78c5a4968c: ;   {metadata(method data for {method} {0x00007f7890f76848} 'invokeSuspend$lambda$2' '(Landroidx/compose/runtime/Recomposer;Landroidx/collection/MutableScatterSet;Landroidx/collection/MutableScatterSet;Ljava/util/List;Ljava/util/List;Landroidx/collection/MutableScatterSet;Ljava/util/List;Landroidx/collection/MutableScatterSet;Ljava/util/Set;J)Lkotlin/Unit;' in 'androidx/compose/runtime/Recomposer$runRecomposeAndApplyChanges$2')}
  0x00007f78c5a4968c: 00c3 48be | 4899 d292 | 787f 0000 | 4883 86a8 | 1e00 0001 

  0x00007f78c5a496a0: ;   {metadata(method data for {method} {0x00007f7890faf9e0} 'composeImmediateRuntimeError' '(Ljava/lang/String;)V' in 'androidx/compose/runtime/ComposerKt')}
  0x00007f78c5a496a0: 48be c092 | 0b92 787f | 0000 8b86 | 9000 0000 | 83c0 0289 | 8690 0000 | 0025 feff | 1f00 85c0 
  0x00007f78c5a496c0: 0f84 3018 | 0000 6690 

  0x00007f78c5a496c8: ;   {other}
  0x00007f78c5a496c8: e959 1800 | 0000 0000 | 0000 80ba | 6801 0000 | 040f 8556 | 1800 0049 | 8b87 c801 | 0000 488d 
  0x00007f78c5a496e8: 7828 493b | bfd8 0100 | 000f 873e | 1800 0049 | 89bf c801 | 0000 48c7 | 0001 0000 | 0048 8bca 
  0x00007f78c5a49708: 8948 0848 | 33c9 8948 | 0c48 33c9 | 4889 4810 | 4889 4818 | 4889 4820 

  0x00007f78c5a49720: ;   {other}
  0x00007f78c5a49720: e92c 1800 | 0090 9090 

  0x00007f78c5a49728: ;   {oop("unexpected to get continuation here"{0x00000004229523f8})}
  0x00007f78c5a49728: 9090 48be | f823 9522 | 0400 0000 | 4889 8424 | 1802 0000 

  0x00007f78c5a4973c: ;   {static_call}
  0x00007f78c5a4973c: 6666 90e8 

  0x00007f78c5a49740: ; ImmutableOopMap {[216]=Oop [232]=Oop [240]=Oop [528]=Oop [536]=Oop [600]=Oop }
                      ;*invokedynamic {reexecute=0 rethrow=0 return_oop=0}
                      ; - androidx.compose.runtime.ComposerKt::composeImmediateRuntimeError@5 (line 1431)
                      ; - androidx.compose.runtime.Recomposer$runRecomposeAndApplyChanges$2::invokeSuspend$lambda$2@1964 (line 2076)
  0x00007f78c5a49740: 9c4d a606 

  0x00007f78c5a49744: ;   {post_call_nop}
  0x00007f78c5a49744: 0f1f 8400 | 3c76 005e 

  0x00007f78c5a4974c: ;   {metadata(method data for {method} {0x00007f7890faf9e0} 'composeImmediateRuntimeError' '(Ljava/lang/String;)V' in 'androidx/compose/runtime/ComposerKt')}
  0x00007f78c5a4974c: 48ba c092 | 0b92 787f | 0000 488d | 92f8 0000 | 0048 85c0 | 750a f602 | 0175 05f0 | 4883 0a01 
  0x00007f78c5a4976c: 488b 9424 | 1802 0000 

  0x00007f78c5a49774: ;   {metadata(method data for {method} {0x00007f7890faf9e0} 'composeImmediateRuntimeError' '(Ljava/lang/String;)V' in 'androidx/compose/runtime/ComposerKt')}
  0x00007f78c5a49774: 48be c092 | 0b92 787f | 0000 4883 | 8608 0100 | 0001 488b | d048 8bb4 | 2418 0200 | 0066 0f1f 
  0x00007f78c5a49794: ;   {optimized virtual_call}
  0x00007f78c5a49794: 4400 00e8 

  0x00007f78c5a49798: ; ImmutableOopMap {[216]=Oop [232]=Oop [240]=Oop [528]=Oop [536]=Oop [600]=Oop }
                      ;*invokespecial <init> {reexecute=0 rethrow=0 return_oop=0}
                      ; - androidx.compose.runtime.ComposerKt::composeImmediateRuntimeError@10 (line 1429)
                      ; - androidx.compose.runtime.Recomposer$runRecomposeAndApplyChanges$2::invokeSuspend$lambda$2@1964 (line 2076)
  0x00007f78c5a49798: 4443 a606 

  0x00007f78c5a4979c: ;   {post_call_nop}
  0x00007f78c5a4979c: 0f1f 8400 | 9476 005f | 488b 8424 

  0x00007f78c5a497a8: ; ImmutableOopMap {rax=Oop [216]=Oop [232]=Oop [240]=Oop [528]=Oop [600]=Oop }
                      ;*athrow {reexecute=1 rethrow=0 return_oop=0}
                      ; - (reexecute) androidx.compose.runtime.ComposerKt::composeImmediateRuntimeError@13 (line 1429)
                      ; - androidx.compose.runtime.Recomposer$runRecomposeAndApplyChanges$2::invokeSuspend$lambda$2@1964 (line 2076)
  0x00007f78c5a497a8: 1802 0000 

  0x00007f78c5a497ac: ;   {section_word}
  0x00007f78c5a497ac: 48ba ac97 | a4c5 787f 

  0x00007f78c5a497b4: ;   {runtime_call C1 Runtime handle_exception_nofpu_blob}
  0x00007f78c5a497b4: 0000 e8a5 | 8fb3 0690 

  0x00007f78c5a497bc: ;   {metadata(method data for {method} {0x00007f789051cc70} 'sanitizeStackTrace' '(Ljava/lang/Throwable;)Ljava/lang/Throwable;' in 'kotlin/jvm/internal/Intrinsics')}
  0x00007f78c5a497bc: 48be 68e8 | ca90 787f | 0000 4883 | 8608 0100 | 0001 488b | f048 8bd7 

  0x00007f78c5a497d4: ;   {static_call}
  0x00007f78c5a497d4: 6666 90e8 

  0x00007f78c5a497d8: ; ImmutableOopMap {[216]=Oop [224]=Oop [232]=Oop [240]=Oop [248]=Oop [256]=Oop [312]=Oop [360]=Oop [384]=Oop [600]=Oop [640]=Oop [648]=Oop [656]=Oop }
                      ;*invokestatic sanitizeStackTrace {reexecute=0 rethrow=0 return_oop=0}
                      ; - kotlin.jvm.internal.Intrinsics::sanitizeStackTrace@6 (line 253)
                      ; - kotlin.jvm.internal.Intrinsics::throwParameterIsNullNPE@11 (line 140)
                      ; - kotlin.jvm.internal.Intrinsics::checkNotNullParameter@5 (line 131)
                      ; - kotlin.collections.ArraysKt___ArraysJvmKt::fill@3
                      ; - androidx.compose.runtime.Recomposer$runRecomposeAndApplyChanges$2::invokeSuspend$lambda$2@740 (line 1983)
  0x00007f78c5a497d8: 044d a606 

  0x00007f78c5a497dc: ;   {post_call_nop}
  0x00007f78c5a497dc: 0f1f 8400 | d476 0061 | 448b 8c24 | 7401 0000 | 448b ac24 | 6001 0000 | 448b b424 | 7001 0000 
  0x00007f78c5a497fc: 4c8b 8424 | 6801 0000 | 488b 9424 | 9002 0000 | 4c8b 9c24 | f800 0000 | 488b 8c24 | f000 0000 
  0x00007f78c5a4981c: ;   {metadata(method data for {method} {0x00007f789051ba30} 'throwParameterIsNullNPE' '(Ljava/lang/String;)V' in 'kotlin/jvm/internal/Intrinsics')}
  0x00007f78c5a4981c: 4885 c048 | bb78 e2ca | 9078 7f00 | 0075 0c80 | 8b01 0100 | 0001 e995 | 0000 008b | 7808 483b 
  0x00007f78c5a4983c: bb10 0100 | 0075 0d48 | 8383 1801 | 0000 01e9 | 6000 0000 | 483b bb20 | 0100 0075 | 0d48 8383 
  0x00007f78c5a4985c: 2801 0000 | 01e9 4a00 | 0000 4883 | bb10 0100 | 0000 7517 | 4889 bb10 | 0100 0048 | c783 1801 
  0x00007f78c5a4987c: 0000 0100 | 0000 e929 | 0000 0048 | 83bb 2001 | 0000 0075 | 1748 89bb | 2001 0000 | 48c7 8328 
  0x00007f78c5a4989c: 0100 0001 | 0000 00e9 | 0800 0000 | 4883 8308 | 0100 0001 

  0x00007f78c5a498b0: ;   {metadata('java/lang/NullPointerException')}
  0x00007f78c5a498b0: 48bf 98dc | 0121 0000 | 0000 8b58 | 0848 3b7b | 500f 8594 | 1600 00e9 | 0000 0000 

  0x00007f78c5a498cc: ; implicit exception: dispatches to 0x00007f78c5a4af64
  0x00007f78c5a498cc: 483b 0048 

  0x00007f78c5a498d0: ; ImmutableOopMap {rcx=Oop r8=Oop r11=Oop rsi=Oop rax=Oop [216]=Oop [224]=Oop [232]=Oop [240]=Oop [248]=Oop [256]=Oop [312]=Oop [360]=Oop [384]=Oop [600]=Oop [640]=Oop [648]=Oop [656]=Oop }
                      ;*athrow {reexecute=1 rethrow=0 return_oop=0}
                      ; - (reexecute) kotlin.jvm.internal.Intrinsics::throwParameterIsNullNPE@17 (line 140)
                      ; - kotlin.jvm.internal.Intrinsics::checkNotNullParameter@5 (line 131)
                      ; - kotlin.collections.ArraysKt___ArraysJvmKt::fill@3
                      ; - androidx.compose.runtime.Recomposer$runRecomposeAndApplyChanges$2::invokeSuspend$lambda$2@740 (line 1983)
                      ;   {section_word}
  0x00007f78c5a498d0: 8bf2 48ba | d298 a4c5 | 787f 0000 

  0x00007f78c5a498dc: ;   {runtime_call C1 Runtime handle_exception_nofpu_blob}
  0x00007f78c5a498dc: e87f 8eb3 | 0690 498b | 87e0 0500 | 004d 33d2 | 4d89 97e0 | 0500 004d | 33d2 4d89 | 97e8 0500 
  0x00007f78c5a498fc: 0048 8bd0 | 488d 8424 | 5002 0000 | 488b 7808 | 418b b7d0 | 0700 0049 | 3b7c 37f8 | 0f85 4b16 
  0x00007f78c5a4991c: 0000 4183 | afd0 0700 | 0008 493b | 7c37 f00f | 842a 0000 | 0048 8b07 | a802 0f85 | 1200 0000 
  0x00007f78c5a4993c: 488b f048 | 83ce 01f0 | 480f b137 | 0f84 0d00 | 0000 4183 | 87d0 0700 | 0008 e90e | 1600 0048 
  0x00007f78c5a4995c: ; ImmutableOopMap {rax=Oop }
                      ;*athrow {reexecute=1 rethrow=0 return_oop=0}
                      ; - (reexecute) androidx.compose.runtime.Recomposer$runRecomposeAndApplyChanges$2::invokeSuspend$lambda$2@775 (line 1965)
                      ;   {section_word}
  0x00007f78c5a4995c: 8bc2 48ba | 5e99 a4c5 | 787f 0000 

  0x00007f78c5a49968: ;   {runtime_call C1 Runtime handle_exception_nofpu_blob}
  0x00007f78c5a49968: e8f3 8db3 | 0690 498b | 87e0 0500 | 004d 33d2 | 4d89 97e0 | 0500 004d | 33d2 4d89 | 97e8 0500 
  0x00007f78c5a49988: 0048 8bd0 | 488d 8424 | 5002 0000 | 488b 7808 | 418b b7d0 | 0700 0049 | 3b7c 37f8 | 0f85 d515 
  0x00007f78c5a499a8: 0000 4183 | afd0 0700 | 0008 493b | 7c37 f00f | 842a 0000 | 0048 8b07 | a802 0f85 | 1200 0000 
  0x00007f78c5a499c8: 488b f048 | 83ce 01f0 | 480f b137 | 0f84 0d00 | 0000 4183 | 87d0 0700 | 0008 e998 | 1500 0048 
  0x00007f78c5a499e8: ; ImmutableOopMap {rax=Oop }
                      ;*athrow {reexecute=1 rethrow=0 return_oop=0}
                      ; - (reexecute) androidx.compose.runtime.Recomposer$runRecomposeAndApplyChanges$2::invokeSuspend$lambda$2@1989 (line 2074)
                      ;   {section_word}
  0x00007f78c5a499e8: 8bc2 48ba | ea99 a4c5 | 787f 0000 

  0x00007f78c5a499f4: ;   {runtime_call C1 Runtime handle_exception_nofpu_blob}
  0x00007f78c5a499f4: e867 8db3 | 0690 498b | 87e0 0500 | 004d 33d2 | 4d89 97e0 | 0500 004d | 33d2 4d89 | 97e8 0500 
  0x00007f78c5a49a14: 0048 8984 | 2420 0200 | 004c 8b84 | 24e0 0000 | 0049 3b00 

  0x00007f78c5a49a28: ;   {metadata(method data for {method} {0x00007f7890f76848} 'invokeSuspend$lambda$2' '(Landroidx/compose/runtime/Recomposer;Landroidx/collection/MutableScatterSet;Landroidx/collection/MutableScatterSet;Ljava/util/List;Ljava/util/List;Landroidx/collection/MutableScatterSet;Ljava/util/List;Landroidx/collection/MutableScatterSet;Ljava/util/Set;J)Lkotlin/Unit;' in 'androidx/compose/runtime/Recomposer$runRecomposeAndApplyChanges$2')}
  0x00007f78c5a49a28: 498b f048 | bf48 99d2 | 9278 7f00 | 008b 7608 | 483b b740 | 0800 0075 | 0d48 8387 | 4808 0000 
  0x00007f78c5a49a48: 01e9 6000 | 0000 483b | b750 0800 | 0075 0d48 | 8387 5808 | 0000 01e9 | 4a00 0000 | 4883 bf40 
  0x00007f78c5a49a68: 0800 0000 | 7517 4889 | b740 0800 | 0048 c787 | 4808 0000 | 0100 0000 | e929 0000 | 0048 83bf 
  0x00007f78c5a49a88: 5008 0000 | 0075 1748 | 89b7 5008 | 0000 48c7 | 8758 0800 | 0001 0000 | 00e9 0800 | 0000 4883 
  0x00007f78c5a49aa8: 8738 0800 | 0001 498b | f00f 1f40 | 0048 b848 | 58de 6978 

  0x00007f78c5a49abc: ;   {virtual_call}
  0x00007f78c5a49abc: 7f00 00e8 

  0x00007f78c5a49ac0: ; ImmutableOopMap {[544]=Oop }
                      ;*invokeinterface clear {reexecute=0 rethrow=0 return_oop=0}
                      ; - androidx.compose.runtime.Recomposer$runRecomposeAndApplyChanges$2::invokeSuspend$lambda$2@448 (line 665)
  0x00007f78c5a49ac0: 1c45 a606 

  0x00007f78c5a49ac4: ;   {post_call_nop}
  0x00007f78c5a49ac4: 0f1f 8400 | bc79 0065 | 488b 8424 

  0x00007f78c5a49ad0: ; ImmutableOopMap {rax=Oop }
                      ;*athrow {reexecute=1 rethrow=0 return_oop=0}
                      ; - (reexecute) androidx.compose.runtime.Recomposer$runRecomposeAndApplyChanges$2::invokeSuspend$lambda$2@455 (line 665)
  0x00007f78c5a49ad0: 2002 0000 

  0x00007f78c5a49ad4: ;   {section_word}
  0x00007f78c5a49ad4: 48ba d49a | a4c5 787f 

  0x00007f78c5a49adc: ;   {runtime_call C1 Runtime handle_exception_nofpu_blob}
  0x00007f78c5a49adc: 0000 e87d | 8cb3 0690 | 498b 87e0 | 0500 004d | 33d2 4d89 | 97e0 0500 | 004d 33d2 | 4d89 97e8 
  0x00007f78c5a49afc: 0500 0048 | 8984 2428 | 0200 0048 | 8bbc 2480 | 0200 0048 | 3b07 488b 

  0x00007f78c5a49b14: ;   {metadata(method data for {method} {0x00007f7890f76848} 'invokeSuspend$lambda$2' '(Landroidx/compose/runtime/Recomposer;Landroidx/collection/MutableScatterSet;Landroidx/collection/MutableScatterSet;Ljava/util/List;Ljava/util/List;Landroidx/collection/MutableScatterSet;Ljava/util/List;Landroidx/collection/MutableScatterSet;Ljava/util/Set;J)Lkotlin/Unit;' in 'androidx/compose/runtime/Recomposer$runRecomposeAndApplyChanges$2')}
  0x00007f78c5a49b14: f748 bb48 | 99d2 9278 | 7f00 008b | 7608 483b | b3f8 1500 | 0075 0d48 | 8383 0016 | 0000 01e9 
  0x00007f78c5a49b34: 6000 0000 | 483b b308 | 1600 0075 | 0d48 8383 | 1016 0000 | 01e9 4a00 | 0000 4883 | bbf8 1500 
  0x00007f78c5a49b54: 0000 7517 | 4889 b3f8 | 1500 0048 | c783 0016 | 0000 0100 | 0000 e929 | 0000 0048 | 83bb 0816 
  0x00007f78c5a49b74: 0000 0075 | 1748 89b3 | 0816 0000 | 48c7 8310 | 1600 0001 | 0000 00e9 | 0800 0000 | 4883 83f0 
  0x00007f78c5a49b94: 1500 0001 | 488b f766 | 9048 b870 | 58de 6978 

  0x00007f78c5a49ba4: ;   {virtual_call}
  0x00007f78c5a49ba4: 7f00 00e8 

  0x00007f78c5a49ba8: ; ImmutableOopMap {[416]=Oop [424]=Oop [552]=Oop }
                      ;*invokeinterface clear {reexecute=0 rethrow=0 return_oop=0}
                      ; - androidx.compose.runtime.Recomposer$runRecomposeAndApplyChanges$2::invokeSuspend$lambda$2@1220 (line 740)
  0x00007f78c5a49ba8: 3444 a606 

  0x00007f78c5a49bac: ;   {post_call_nop}
  0x00007f78c5a49bac: 0f1f 8400 | a47a 0067 | 488b 8424 

  0x00007f78c5a49bb8: ; ImmutableOopMap {rax=Oop [416]=Oop [424]=Oop }
                      ;*athrow {reexecute=1 rethrow=0 return_oop=0}
                      ; - (reexecute) androidx.compose.runtime.Recomposer$runRecomposeAndApplyChanges$2::invokeSuspend$lambda$2@1227 (line 740)
  0x00007f78c5a49bb8: 2802 0000 

  0x00007f78c5a49bbc: ;   {section_word}
  0x00007f78c5a49bbc: 48ba bc9b | a4c5 787f 

  0x00007f78c5a49bc4: ;   {runtime_call C1 Runtime handle_exception_nofpu_blob}
  0x00007f78c5a49bc4: 0000 e895 | 8bb3 0690 | 498b 87e0 | 0500 004d | 33d2 4d89 | 97e0 0500 | 004d 33d2 | 4d89 97e8 
  0x00007f78c5a49be4: 0500 0048 | 8984 2430 | 0200 0048 | 8bbc 2400 | 0100 0048 

  0x00007f78c5a49bf8: ;   {metadata(method data for {method} {0x00007f7890f76848} 'invokeSuspend$lambda$2' '(Landroidx/compose/runtime/Recomposer;Landroidx/collection/MutableScatterSet;Landroidx/collection/MutableScatterSet;Ljava/util/List;Ljava/util/List;Landroidx/collection/MutableScatterSet;Ljava/util/List;Landroidx/collection/MutableScatterSet;Ljava/util/Set;J)Lkotlin/Unit;' in 'androidx/compose/runtime/Recomposer$runRecomposeAndApplyChanges$2')}
  0x00007f78c5a49bf8: 8bf7 48bb | 4899 d292 | 787f 0000 | 8b76 0848 | 3bb3 b819 | 0000 750d | 4883 83c0 | 1900 0001 
  0x00007f78c5a49c18: e960 0000 | 0048 3bb3 | c819 0000 | 750d 4883 | 83d0 1900 | 0001 e94a | 0000 0048 | 83bb b819 
  0x00007f78c5a49c38: 0000 0075 | 1748 89b3 | b819 0000 | 48c7 83c0 | 1900 0001 | 0000 00e9 | 2900 0000 | 4883 bbc8 
  0x00007f78c5a49c58: 1900 0000 | 7517 4889 | b3c8 1900 | 0048 c783 | d019 0000 | 0100 0000 | e908 0000 | 0048 8383 
  0x00007f78c5a49c78: b019 0000 | 0148 8bf7 | 0f1f 8000 

  0x00007f78c5a49c84: ;   {optimized virtual_call}
  0x00007f78c5a49c84: 0000 00e8 

  0x00007f78c5a49c88: ; ImmutableOopMap {[416]=Oop [424]=Oop [560]=Oop }
                      ;*invokevirtual clear {reexecute=0 rethrow=0 return_oop=0}
                      ; - androidx.compose.runtime.Recomposer$runRecomposeAndApplyChanges$2::invokeSuspend$lambda$2@1546 (line 755)
  0x00007f78c5a49c88: 543e a606 

  0x00007f78c5a49c8c: ;   {post_call_nop}
  0x00007f78c5a49c8c: 0f1f 8400 | 847b 0069 | 488b 8424 

  0x00007f78c5a49c98: ; ImmutableOopMap {rax=Oop [416]=Oop [424]=Oop }
                      ;*athrow {reexecute=1 rethrow=0 return_oop=0}
                      ; - (reexecute) androidx.compose.runtime.Recomposer$runRecomposeAndApplyChanges$2::invokeSuspend$lambda$2@1551 (line 755)
  0x00007f78c5a49c98: 3002 0000 

  0x00007f78c5a49c9c: ;   {section_word}
  0x00007f78c5a49c9c: 48ba 9c9c | a4c5 787f 

  0x00007f78c5a49ca4: ;   {runtime_call C1 Runtime handle_exception_nofpu_blob}
  0x00007f78c5a49ca4: 0000 e8b5 | 8ab3 0690 | 498b 87e0 | 0500 004d | 33d2 4d89 | 97e0 0500 | 004d 33d2 | 4d89 97e8 
  0x00007f78c5a49cc4: 0500 0048 | 8984 2438 | 0200 0048 | 8bbc 2488 | 0200 0048 

  0x00007f78c5a49cd8: ;   {metadata(method data for {method} {0x00007f7890f76848} 'invokeSuspend$lambda$2' '(Landroidx/compose/runtime/Recomposer;Landroidx/collection/MutableScatterSet;Landroidx/collection/MutableScatterSet;Ljava/util/List;Ljava/util/List;Landroidx/collection/MutableScatterSet;Ljava/util/List;Landroidx/collection/MutableScatterSet;Ljava/util/Set;J)Lkotlin/Unit;' in 'androidx/compose/runtime/Recomposer$runRecomposeAndApplyChanges$2')}
  0x00007f78c5a49cd8: 8bf7 48bb | 4899 d292 | 787f 0000 | 8b76 0848 | 3bb3 181d | 0000 750d | 4883 8320 | 1d00 0001 
  0x00007f78c5a49cf8: e960 0000 | 0048 3bb3 | 281d 0000 | 750d 4883 | 8330 1d00 | 0001 e94a | 0000 0048 | 83bb 181d 
  0x00007f78c5a49d18: 0000 0075 | 1748 89b3 | 181d 0000 | 48c7 8320 | 1d00 0001 | 0000 00e9 | 2900 0000 | 4883 bb28 
  0x00007f78c5a49d38: 1d00 0000 | 7517 4889 | b328 1d00 | 0048 c783 | 301d 0000 | 0100 0000 | e908 0000 | 0048 8383 
  0x00007f78c5a49d58: 101d 0000 | 0148 8bf7 | 0f1f 8000 

  0x00007f78c5a49d64: ;   {optimized virtual_call}
  0x00007f78c5a49d64: 0000 00e8 

  0x00007f78c5a49d68: ; ImmutableOopMap {[416]=Oop [424]=Oop [568]=Oop }
                      ;*invokevirtual clear {reexecute=0 rethrow=0 return_oop=0}
                      ; - androidx.compose.runtime.Recomposer$runRecomposeAndApplyChanges$2::invokeSuspend$lambda$2@1860 (line 769)
  0x00007f78c5a49d68: 743d a606 

  0x00007f78c5a49d6c: ;   {post_call_nop}
  0x00007f78c5a49d6c: 0f1f 8400 | 647c 006b | 488b 8424 

  0x00007f78c5a49d78: ; ImmutableOopMap {rax=Oop [416]=Oop [424]=Oop }
                      ;*athrow {reexecute=1 rethrow=0 return_oop=0}
                      ; - (reexecute) androidx.compose.runtime.Recomposer$runRecomposeAndApplyChanges$2::invokeSuspend$lambda$2@1865 (line 769)
  0x00007f78c5a49d78: 3802 0000 

  0x00007f78c5a49d7c: ;   {section_word}
  0x00007f78c5a49d7c: 48ba 7c9d | a4c5 787f 

  0x00007f78c5a49d84: ;   {runtime_call C1 Runtime handle_exception_nofpu_blob}
  0x00007f78c5a49d84: 0000 e8d5 | 89b3 0690 | 498b 87e0 | 0500 004d | 33d2 4d89 | 97e0 0500 | 004d 33d2 | 4d89 97e8 
  0x00007f78c5a49da4: 0500 0048 | 8984 2440 | 0200 0048 | 8bbc 24a8 | 0100 0048 | 8b94 24a0 

  0x00007f78c5a49dbc: ;   {metadata(method data for {method} {0x00007f7890f76848} 'invokeSuspend$lambda$2' '(Landroidx/compose/runtime/Recomposer;Landroidx/collection/MutableScatterSet;Landroidx/collection/MutableScatterSet;Ljava/util/List;Ljava/util/List;Landroidx/collection/MutableScatterSet;Ljava/util/List;Landroidx/collection/MutableScatterSet;Ljava/util/Set;J)Lkotlin/Unit;' in 'androidx/compose/runtime/Recomposer$runRecomposeAndApplyChanges$2')}
  0x00007f78c5a49dbc: 0100 0048 | be48 99d2 | 9278 7f00 | 008b 5208 | 483b 9690 | 1d00 0075 | 0d48 8386 | 981d 0000 
  0x00007f78c5a49ddc: 01e9 6000 | 0000 483b | 96a0 1d00 | 0075 0d48 | 8386 a81d | 0000 01e9 | 4a00 0000 | 4883 be90 
  0x00007f78c5a49dfc: 1d00 0000 | 7517 4889 | 9690 1d00 | 0048 c786 | 981d 0000 | 0100 0000 | e929 0000 | 0048 83be 
  0x00007f78c5a49e1c: a01d 0000 | 0075 1748 | 8996 a01d | 0000 48c7 | 86a8 1d00 | 0001 0000 | 00e9 0800 | 0000 4883 
  0x00007f78c5a49e3c: 8688 1d00 

  0x00007f78c5a49e40: ;   {metadata(method data for {method} {0x00007f7890ce9bb0} 'restoreCurrent' '(Landroidx/compose/runtime/snapshots/Snapshot;)V' in 'androidx/compose/runtime/snapshots/Snapshot')}
  0x00007f78c5a49e40: 0001 48ba | 40bf 8f92 | 787f 0000 | 8bb2 9000 | 0000 83c6 | 0289 b290 | 0000 0081 | e6fe ff1f 
  0x00007f78c5a49e60: 0085 f60f | 8436 1100 

  0x00007f78c5a49e68: ;   {metadata(method data for {method} {0x00007f7890ce9bb0} 'restoreCurrent' '(Landroidx/compose/runtime/snapshots/Snapshot;)V' in 'androidx/compose/runtime/snapshots/Snapshot')}
  0x00007f78c5a49e68: 0048 ba40 | bf8f 9278 | 7f00 0048 | 8382 d800 

  0x00007f78c5a49e78: ;   {metadata(method data for {method} {0x00007f7890cf70b0} 'access$getThreadSnapshot$p' '()Landroidx/compose/runtime/internal/SnapshotThreadLocal;' in 'androidx/compose/runtime/snapshots/SnapshotKt')}
  0x00007f78c5a49e78: 0000 0148 | bab8 936d | 9278 7f00 | 008b b290 | 0000 0083 | c602 89b2 | 9000 0000 | 81e6 feff 
  0x00007f78c5a49e98: 1f00 85f6 | 0f84 1e11 

  0x00007f78c5a49ea0: ;   {oop(a 'androidx/compose/runtime/internal/SnapshotThreadLocal'{0x00000004214f8a00})}
  0x00007f78c5a49ea0: 0000 48be | 008a 4f21 | 0400 0000 

  0x00007f78c5a49eac: ;   {metadata(method data for {method} {0x00007f7890ce9bb0} 'restoreCurrent' '(Landroidx/compose/runtime/snapshots/Snapshot;)V' in 'androidx/compose/runtime/snapshots/Snapshot')}
  0x00007f78c5a49eac: 488b d648 | bb40 bf8f | 9278 7f00 | 008b 5208 | 483b 93f0 | 0000 0075 | 0d48 8383 | f800 0000 
  0x00007f78c5a49ecc: 01e9 6000 | 0000 483b | 9300 0100 | 0075 0d48 | 8383 0801 | 0000 01e9 | 4a00 0000 | 4883 bbf0 
  0x00007f78c5a49eec: 0000 0000 | 7517 4889 | 93f0 0000 | 0048 c783 | f800 0000 | 0100 0000 | e929 0000 | 0048 83bb 
  0x00007f78c5a49f0c: 0001 0000 | 0075 1748 | 8993 0001 | 0000 48c7 | 8308 0100 | 0001 0000 | 00e9 0800 | 0000 4883 
  0x00007f78c5a49f2c: 83e8 0000 | 0001 488b 

  0x00007f78c5a49f34: ;   {optimized virtual_call}
  0x00007f78c5a49f34: d766 90e8 

  0x00007f78c5a49f38: ; ImmutableOopMap {[416]=Oop [576]=Oop }
                      ;*invokevirtual set {reexecute=0 rethrow=0 return_oop=0}
                      ; - androidx.compose.runtime.snapshots.Snapshot::restoreCurrent@4 (line 167)
                      ; - androidx.compose.runtime.Recomposer$runRecomposeAndApplyChanges$2::invokeSuspend$lambda$2@1890 (line 2020)
  0x00007f78c5a49f38: a43b a606 

  0x00007f78c5a49f3c: ;   {post_call_nop}
  0x00007f78c5a49f3c: 0f1f 8400 | 347e 006d | 488b 8424 

  0x00007f78c5a49f48: ; ImmutableOopMap {rax=Oop [416]=Oop }
                      ;*athrow {reexecute=1 rethrow=0 return_oop=0}
                      ; - (reexecute) androidx.compose.runtime.Recomposer$runRecomposeAndApplyChanges$2::invokeSuspend$lambda$2@1895 (line 2020)
  0x00007f78c5a49f48: 4002 0000 

  0x00007f78c5a49f4c: ;   {section_word}
  0x00007f78c5a49f4c: 48ba 4c9f | a4c5 787f 

  0x00007f78c5a49f54: ;   {runtime_call C1 Runtime handle_exception_nofpu_blob}
  0x00007f78c5a49f54: 0000 e805 | 88b3 0690 | 498b 87e0 | 0500 004d | 33d2 4d89 | 97e0 0500 | 004d 33d2 | 4d89 97e8 
  0x00007f78c5a49f74: 0500 0048 | 8984 2448 | 0200 0048 | 8b84 24a0 | 0100 0048 | 3b00 488b 

  0x00007f78c5a49f8c: ;   {metadata(method data for {method} {0x00007f7890f76848} 'invokeSuspend$lambda$2' '(Landroidx/compose/runtime/Recomposer;Landroidx/collection/MutableScatterSet;Landroidx/collection/MutableScatterSet;Ljava/util/List;Ljava/util/List;Landroidx/collection/MutableScatterSet;Ljava/util/List;Landroidx/collection/MutableScatterSet;Ljava/util/Set;J)Lkotlin/Unit;' in 'androidx/compose/runtime/Recomposer$runRecomposeAndApplyChanges$2')}
  0x00007f78c5a49f8c: f048 bb48 | 99d2 9278 | 7f00 008b | 7608 483b | b308 1e00 | 0075 0d48 | 8383 101e | 0000 01e9 
  0x00007f78c5a49fac: 6000 0000 | 483b b318 | 1e00 0075 | 0d48 8383 | 201e 0000 | 01e9 4a00 | 0000 4883 | bb08 1e00 
  0x00007f78c5a49fcc: 0000 7517 | 4889 b308 | 1e00 0048 | c783 101e | 0000 0100 | 0000 e929 | 0000 0048 | 83bb 181e 
  0x00007f78c5a49fec: 0000 0075 | 1748 89b3 | 181e 0000 | 48c7 8320 | 1e00 0001 | 0000 00e9 | 0800 0000 | 4883 8300 
  0x00007f78c5a4a00c: 1e00 0001 | 488b f066 | 9048 b898 | 58de 6978 

  0x00007f78c5a4a01c: ;   {virtual_call}
  0x00007f78c5a4a01c: 7f00 00e8 

  0x00007f78c5a4a020: ; ImmutableOopMap {[584]=Oop }
                      ;*invokevirtual dispose {reexecute=0 rethrow=0 return_oop=0}
                      ; - androidx.compose.runtime.Recomposer$runRecomposeAndApplyChanges$2::invokeSuspend$lambda$2@1909 (line 2021)
  0x00007f78c5a4a020: bc3f a606 

  0x00007f78c5a4a024: ;   {post_call_nop}
  0x00007f78c5a4a024: 0f1f 8400 | 1c7f 006f | 488b 8424 

  0x00007f78c5a4a030: ; ImmutableOopMap {rax=Oop }
                      ;*athrow {reexecute=1 rethrow=0 return_oop=0}
                      ; - (reexecute) androidx.compose.runtime.Recomposer$runRecomposeAndApplyChanges$2::invokeSuspend$lambda$2@1914 (line 2021)
  0x00007f78c5a4a030: 4802 0000 

  0x00007f78c5a4a034: ;   {section_word}
  0x00007f78c5a4a034: 48ba 34a0 | a4c5 787f 

  0x00007f78c5a4a03c: ;   {runtime_call C1 Runtime handle_exception_nofpu_blob}
  0x00007f78c5a4a03c: 0000 e81d | 87b3 0690 | 498b 87e0 | 0500 004d | 33d2 4d89 | 97e0 0500 | 004d 33d2 | 4d89 97e8 
  0x00007f78c5a4a05c: 0500 0048 | 8bd0 488d | 8424 5002 | 0000 488b | 7808 418b | b7d0 0700 | 0049 3b7c | 37f8 0f85 
  0x00007f78c5a4a07c: 660f 0000 | 4183 afd0 | 0700 0008 | 493b 7c37 | f00f 842a | 0000 0048 | 8b07 a802 | 0f85 1200 
  0x00007f78c5a4a09c: 0000 488b | f048 83ce | 01f0 480f | b137 0f84 | 0d00 0000 | 4183 87d0 | 0700 0008 | e929 0f00 
  0x00007f78c5a4a0bc: ; ImmutableOopMap {rax=Oop }
                      ;*athrow {reexecute=1 rethrow=0 return_oop=0}
                      ; - (reexecute) androidx.compose.runtime.Recomposer$runRecomposeAndApplyChanges$2::invokeSuspend$lambda$2@222 (line 1949)
  0x00007f78c5a4a0bc: 0048 8bc2 

  0x00007f78c5a4a0c0: ;   {section_word}
  0x00007f78c5a4a0c0: 48ba c0a0 | a4c5 787f 

  0x00007f78c5a4a0c8: ;   {runtime_call C1 Runtime handle_exception_nofpu_blob}
  0x00007f78c5a4a0c8: 0000 e891 | 86b3 0690 | 498b 87e0 | 0500 004d | 33d2 4d89 | 97e0 0500 | 004d 33d2 | 4d89 97e8 
  0x00007f78c5a4a0e8: ;   {oop(a 'androidx/compose/runtime/internal/Trace'{0x00000004214fda88})}
  0x00007f78c5a4a0e8: 0500 0048 | be88 da4f | 2104 0000 

  0x00007f78c5a4a0f4: ;   {metadata(method data for {method} {0x00007f7890f76848} 'invokeSuspend$lambda$2' '(Landroidx/compose/runtime/Recomposer;Landroidx/collection/MutableScatterSet;Landroidx/collection/MutableScatterSet;Ljava/util/List;Ljava/util/List;Landroidx/collection/MutableScatterSet;Ljava/util/List;Landroidx/collection/MutableScatterSet;Ljava/util/Set;J)Lkotlin/Unit;' in 'androidx/compose/runtime/Recomposer$runRecomposeAndApplyChanges$2')}
  0x00007f78c5a4a0f4: 0048 bf48 | 99d2 9278 | 7f00 008b | 7608 483b | b7c0 1f00 | 0075 0d48 | 8387 c81f | 0000 01e9 
  0x00007f78c5a4a114: 6000 0000 | 483b b7d0 | 1f00 0075 | 0d48 8387 | d81f 0000 | 01e9 4a00 | 0000 4883 | bfc0 1f00 
  0x00007f78c5a4a134: 0000 7517 | 4889 b7c0 | 1f00 0048 | c787 c81f | 0000 0100 | 0000 e929 | 0000 0048 | 83bf d01f 
  0x00007f78c5a4a154: 0000 0075 | 1748 89b7 | d01f 0000 | 48c7 87d8 | 1f00 0001 | 0000 00e9 | 0800 0000 | 4883 87b8 
  0x00007f78c5a4a174: 1f00 0001 

  0x00007f78c5a4a178: ;   {metadata(method data for {method} {0x00007f78910323e0} 'endSection' '(Ljava/lang/Object;)V' in 'androidx/compose/runtime/internal/Trace')}
  0x00007f78c5a4a178: 48be b0dd | ae92 787f | 0000 8bbe | 9000 0000 | 83c7 0289 | be90 0000 | 0081 e7fe | ff1f 0085 
  0x00007f78c5a4a198: ff0f 845d | 0e00 00e9 | c40e 0000 | 498b 87e0 | 0500 004d | 33d2 4d89 | 97e0 0500 | 004d 33d2 
  0x00007f78c5a4a1b8: 4d89 97e8 

  0x00007f78c5a4a1bc: ;   {oop(a 'androidx/compose/runtime/internal/Trace'{0x00000004214fda88})}
  0x00007f78c5a4a1bc: 0500 0048 | be88 da4f | 2104 0000 

  0x00007f78c5a4a1c8: ;   {metadata(method data for {method} {0x00007f7890f76848} 'invokeSuspend$lambda$2' '(Landroidx/compose/runtime/Recomposer;Landroidx/collection/MutableScatterSet;Landroidx/collection/MutableScatterSet;Ljava/util/List;Ljava/util/List;Landroidx/collection/MutableScatterSet;Ljava/util/List;Landroidx/collection/MutableScatterSet;Ljava/util/Set;J)Lkotlin/Unit;' in 'androidx/compose/runtime/Recomposer$runRecomposeAndApplyChanges$2')}
  0x00007f78c5a4a1c8: 0048 bf48 | 99d2 9278 | 7f00 008b | 7608 483b | b7f8 0100 | 0075 0d48 | 8387 0002 | 0000 01e9 
  0x00007f78c5a4a1e8: 6000 0000 | 483b b708 | 0200 0075 | 0d48 8387 | 1002 0000 | 01e9 4a00 | 0000 4883 | bff8 0100 
  0x00007f78c5a4a208: 0000 7517 | 4889 b7f8 | 0100 0048 | c787 0002 | 0000 0100 | 0000 e929 | 0000 0048 | 83bf 0802 
  0x00007f78c5a4a228: 0000 0075 | 1748 89b7 | 0802 0000 | 48c7 8710 | 0200 0001 | 0000 00e9 | 0800 0000 | 4883 87f0 
  0x00007f78c5a4a248: 0100 0001 

  0x00007f78c5a4a24c: ;   {metadata(method data for {method} {0x00007f78910323e0} 'endSection' '(Ljava/lang/Object;)V' in 'androidx/compose/runtime/internal/Trace')}
  0x00007f78c5a4a24c: 48be b0dd | ae92 787f | 0000 8bbe | 9000 0000 | 83c7 0289 | be90 0000 | 0081 e7fe | ff1f 0085 
  0x00007f78c5a4a26c: ff0f 84aa | 0d00 00e9 | f00d 0000 

  0x00007f78c5a4a278: ;   {metadata({method} {0x00007f7890f76848} 'invokeSuspend$lambda$2' '(Landroidx/compose/runtime/Recomposer;Landroidx/collection/MutableScatterSet;Landroidx/collection/MutableScatterSet;Ljava/util/List;Ljava/util/List;Landroidx/collection/MutableScatterSet;Ljava/util/List;Landroidx/collection/MutableScatterSet;Ljava/util/Set;J)Lkotlin/Unit;' in 'androidx/compose/runtime/Recomposer$runRecomposeAndApplyChanges$2')}
  0x00007f78c5a4a278: 49ba 4868 | f790 787f | 0000 4c89 | 5424 0848 | c704 24ff 

  0x00007f78c5a4a28c: ;   {runtime_call C1 Runtime counter_overflow_blob}
  0x00007f78c5a4a28c: ffff ffe8 

  0x00007f78c5a4a290: ; ImmutableOopMap {rsi=Oop rdx=Oop rcx=Oop r8=Oop r9=Oop rdi=Oop [216]=Oop [224]=Oop [232]=Oop [240]=Oop [248]=Oop [256]=Oop [640]=Oop [648]=Oop [656]=Oop }
                      ;*synchronization entry
                      ; - androidx.compose.runtime.Recomposer$runRecomposeAndApplyChanges$2::invokeSuspend$lambda$2@-1 (line 629)
  0x00007f78c5a4a290: ccc8 b306 | e9dc 7fff 

  0x00007f78c5a4a298: ;   {metadata({method} {0x00007f7890e27d88} 'access$getHasBroadcastFrameClockAwaiters' '(Landroidx/compose/runtime/Recomposer;)Z' in 'androidx/compose/runtime/Recomposer')}
  0x00007f78c5a4a298: ff49 ba88 | 7de2 9078 | 7f00 004c | 8954 2408 | 48c7 0424 | ffff ffff 

  0x00007f78c5a4a2b0: ;   {runtime_call C1 Runtime counter_overflow_blob}
  0x00007f78c5a4a2b0: e8ab c8b3 

  0x00007f78c5a4a2b4: ; ImmutableOopMap {rsi=Oop [216]=Oop [224]=Oop [232]=Oop [240]=Oop [248]=Oop [256]=Oop [640]=Oop [648]=Oop [656]=Oop }
                      ;*synchronization entry
                      ; - androidx.compose.runtime.Recomposer::access$getHasBroadcastFrameClockAwaiters@-1
                      ; - androidx.compose.runtime.Recomposer$runRecomposeAndApplyChanges$2::invokeSuspend$lambda$2@1 (line 629)
  0x00007f78c5a4a2b4: 06e9 f37f 

  0x00007f78c5a4a2b8: ;   {runtime_call C1 Runtime throw_null_pointer_exception_blob}
  0x00007f78c5a4a2b8: ffff e821 

  0x00007f78c5a4a2bc: ; ImmutableOopMap {rsi=Oop [216]=Oop [224]=Oop [232]=Oop [240]=Oop [248]=Oop [256]=Oop [640]=Oop [648]=Oop [656]=Oop }
                      ;*invokespecial getHasBroadcastFrameClockAwaiters {reexecute=0 rethrow=0 return_oop=0}
                      ; - androidx.compose.runtime.Recomposer::access$getHasBroadcastFrameClockAwaiters@1 (line 191)
                      ; - androidx.compose.runtime.Recomposer$runRecomposeAndApplyChanges$2::invokeSuspend$lambda$2@1 (line 629)
                      ;   {metadata({method} {0x00007f7891032318} 'beginSection' '(Ljava/lang/String;)Ljava/lang/Object;' in 'androidx/compose/runtime/internal/Trace')}
  0x00007f78c5a4a2bc: 69b3 0649 | ba18 2303 | 9178 7f00 | 004c 8954 | 2408 48c7 | 0424 ffff 

  0x00007f78c5a4a2d4: ;   {runtime_call C1 Runtime counter_overflow_blob}
  0x00007f78c5a4a2d4: ffff e885 

  0x00007f78c5a4a2d8: ; ImmutableOopMap {[216]=Oop [224]=Oop [232]=Oop [240]=Oop [248]=Oop [256]=Oop [640]=Oop [648]=Oop [656]=Oop }
                      ;*synchronization entry
                      ; - androidx.compose.runtime.internal.Trace::beginSection@-1 (line 22)
                      ; - androidx.compose.runtime.Recomposer$runRecomposeAndApplyChanges$2::invokeSuspend$lambda$2@20 (line 1941)
  0x00007f78c5a4a2d8: c8b3 06e9 | dd80 ffff 

  0x00007f78c5a4a2e0: ;   {runtime_call C1 Runtime throw_null_pointer_exception_blob}
  0x00007f78c5a4a2e0: e8fb 68b3 

  0x00007f78c5a4a2e4: ; ImmutableOopMap {rsi=Oop rdx=Oop [216]=Oop [224]=Oop [232]=Oop [240]=Oop [248]=Oop [256]=Oop [640]=Oop [648]=Oop [656]=Oop }
                      ;*invokevirtual sendFrame {reexecute=0 rethrow=0 return_oop=0}
                      ; - androidx.compose.runtime.Recomposer$runRecomposeAndApplyChanges$2::invokeSuspend$lambda$2@35 (line 633)
                      ;   {metadata({method} {0x00007f7890e5a2f0} 'sendFrame' '(J)V' in 'androidx/compose/runtime/BroadcastFrameClock')}
  0x00007f78c5a4a2e4: 0649 baf0 | a2e5 9078 | 7f00 004c | 8954 2408 | 48c7 0424 | ffff ffff 

  0x00007f78c5a4a2fc: ;   {runtime_call C1 Runtime counter_overflow_blob}
  0x00007f78c5a4a2fc: e85f c8b3 

  0x00007f78c5a4a300: ; ImmutableOopMap {rsi=Oop rdx=Oop [216]=Oop [224]=Oop [232]=Oop [240]=Oop [248]=Oop [256]=Oop [640]=Oop [648]=Oop [656]=Oop }
                      ;*synchronization entry
                      ; - androidx.compose.runtime.BroadcastFrameClock::sendFrame@-1 (line 71)
                      ; - androidx.compose.runtime.Recomposer$runRecomposeAndApplyChanges$2::invokeSuspend$lambda$2@35 (line 633)
  0x00007f78c5a4a300: 06e9 8781 

  0x00007f78c5a4a304: ;   {metadata({method} {0x00007f7890558a48} 'linkToTargetMethod' '(JLjava/lang/Object;)Ljava/lang/Object;' in 'java/lang/invoke/Invokers$Holder')}
  0x00007f78c5a4a304: ffff 49ba | 488a 5590 | 787f 0000 | 4c89 5424 | 0848 c704 | 24ff ffff 

  0x00007f78c5a4a31c: ;   {runtime_call C1 Runtime counter_overflow_blob}
  0x00007f78c5a4a31c: ffe8 3ec8 

  0x00007f78c5a4a320: ; ImmutableOopMap {rsi=Oop rbx=Oop [216]=Oop [224]=Oop [232]=Oop [240]=Oop [248]=Oop [256]=Oop [640]=Oop [648]=Oop [656]=Oop }
                      ;*synchronization entry
                      ; - java.lang.invoke.Invokers$Holder::linkToTargetMethod@-1
                      ; - androidx.compose.runtime.BroadcastFrameClock::sendFrame@5 (line 71)
                      ; - androidx.compose.runtime.Recomposer$runRecomposeAndApplyChanges$2::invokeSuspend$lambda$2@35 (line 633)
  0x00007f78c5a4a320: b306 e9a5 

  0x00007f78c5a4a324: ;   {metadata({method} {0x00007f7890490820} 'newInvokeSpecial' '(Ljava/lang/Object;J)Ljava/lang/Object;' in 'java/lang/invoke/DirectMethodHandle$Holder')}
  0x00007f78c5a4a324: 81ff ff49 | ba20 0849 | 9078 7f00 | 004c 8954 | 2408 48c7 | 0424 ffff 

  0x00007f78c5a4a33c: ;   {runtime_call C1 Runtime counter_overflow_blob}
  0x00007f78c5a4a33c: ffff e81d 

  0x00007f78c5a4a340: ; ImmutableOopMap {rsi=Oop rbx=Oop [216]=Oop [224]=Oop [232]=Oop [240]=Oop [248]=Oop [256]=Oop [640]=Oop [648]=Oop [656]=Oop }
                      ;*synchronization entry
                      ; - java.lang.invoke.DirectMethodHandle$Holder::newInvokeSpecial@-1
                      ; - java.lang.invoke.Invokers$Holder::linkToTargetMethod@5
                      ; - androidx.compose.runtime.BroadcastFrameClock::sendFrame@5 (line 71)
                      ; - androidx.compose.runtime.Recomposer$runRecomposeAndApplyChanges$2::invokeSuspend$lambda$2@35 (line 633)
  0x00007f78c5a4a340: c8b3 06e9 | bc81 ffff 

  0x00007f78c5a4a348: ;   {metadata({method} {0x00007f78900834b0} 'allocateInstance' '(Ljava/lang/Object;)Ljava/lang/Object;' in 'java/lang/invoke/DirectMethodHandle')}
  0x00007f78c5a4a348: 49ba b034 | 0890 787f | 0000 4c89 | 5424 0848 | c704 24ff 

  0x00007f78c5a4a35c: ;   {runtime_call C1 Runtime counter_overflow_blob}
  0x00007f78c5a4a35c: ffff ffe8 

  0x00007f78c5a4a360: ; ImmutableOopMap {rsi=Oop rbx=Oop [216]=Oop [224]=Oop [232]=Oop [240]=Oop [248]=Oop [256]=Oop [640]=Oop [648]=Oop [656]=Oop }
                      ;*synchronization entry
                      ; - java.lang.invoke.DirectMethodHandle::allocateInstance@-1
                      ; - java.lang.invoke.DirectMethodHandle$Holder::newInvokeSpecial@1
                      ; - java.lang.invoke.Invokers$Holder::linkToTargetMethod@5
                      ; - androidx.compose.runtime.BroadcastFrameClock::sendFrame@5 (line 71)
                      ; - androidx.compose.runtime.Recomposer$runRecomposeAndApplyChanges$2::invokeSuspend$lambda$2@35 (line 633)
  0x00007f78c5a4a360: fcc7 b306 | e9d3 81ff 

  0x00007f78c5a4a368: ;   {metadata({method} {0x00007f78900833f0} 'constructorMethod' '(Ljava/lang/Object;)Ljava/lang/Object;' in 'java/lang/invoke/DirectMethodHandle')}
  0x00007f78c5a4a368: ff49 baf0 | 3308 9078 | 7f00 004c | 8954 2408 | 48c7 0424 | ffff ffff 

  0x00007f78c5a4a380: ;   {runtime_call C1 Runtime counter_overflow_blob}
  0x00007f78c5a4a380: e8db c7b3 

  0x00007f78c5a4a384: ; ImmutableOopMap {rax=Oop [216]=Oop [224]=Oop [232]=Oop [240]=Oop [248]=Oop [256]=Oop [264]=Oop [640]=Oop [648]=Oop [656]=Oop }
                      ;*synchronization entry
                      ; - java.lang.invoke.DirectMethodHandle::constructorMethod@-1
                      ; - java.lang.invoke.DirectMethodHandle$Holder::newInvokeSpecial@6
                      ; - java.lang.invoke.Invokers$Holder::linkToTargetMethod@5
                      ; - androidx.compose.runtime.BroadcastFrameClock::sendFrame@5 (line 71)
                      ; - androidx.compose.runtime.Recomposer$runRecomposeAndApplyChanges$2::invokeSuspend$lambda$2@35 (line 633)
  0x00007f78c5a4a384: 06e9 e182 

  0x00007f78c5a4a388: ;   {runtime_call C1 Runtime throw_null_pointer_exception_blob}
  0x00007f78c5a4a388: ffff e851 

  0x00007f78c5a4a38c: ; ImmutableOopMap {rax=Oop [216]=Oop [224]=Oop [232]=Oop [240]=Oop [248]=Oop [256]=Oop [264]=Oop [640]=Oop [648]=Oop [656]=Oop }
                      ;*invokestatic linkToSpecial {reexecute=0 rethrow=0 return_oop=0}
                      ; - java.lang.invoke.DirectMethodHandle$Holder::newInvokeSpecial@18
                      ; - java.lang.invoke.Invokers$Holder::linkToTargetMethod@5
                      ; - androidx.compose.runtime.BroadcastFrameClock::sendFrame@5 (line 71)
                      ; - androidx.compose.runtime.Recomposer$runRecomposeAndApplyChanges$2::invokeSuspend$lambda$2@35 (line 633)
                      ;   {metadata({method} {0x00007f78922256c0} '<init>' '(J)V' in 'androidx/compose/runtime/BroadcastFrameClock$$Lambda+0x000000002142f288')}
  0x00007f78c5a4a38c: 68b3 0649 | bac0 5622 | 9278 7f00 | 004c 8954 | 2408 48c7 | 0424 ffff 

  0x00007f78c5a4a3a4: ;   {runtime_call C1 Runtime counter_overflow_blob}
  0x00007f78c5a4a3a4: ffff e8b5 

  0x00007f78c5a4a3a8: ; ImmutableOopMap {rax=Oop [216]=Oop [224]=Oop [232]=Oop [240]=Oop [248]=Oop [256]=Oop [264]=Oop [640]=Oop [648]=Oop [656]=Oop }
                      ;*synchronization entry
                      ; - androidx.compose.runtime.BroadcastFrameClock$$Lambda/0x000000002142f288::<init>@-1
                      ; - java.lang.invoke.DirectMethodHandle$Holder::newInvokeSpecial@18
                      ; - java.lang.invoke.Invokers$Holder::linkToTargetMethod@5
                      ; - androidx.compose.runtime.BroadcastFrameClock::sendFrame@5 (line 71)
                      ; - androidx.compose.runtime.Recomposer$runRecomposeAndApplyChanges$2::invokeSuspend$lambda$2@35 (line 633)
  0x00007f78c5a4a3a8: c7b3 06e9 | fa82 ffff 

  0x00007f78c5a4a3b0: ;   {metadata({method} {0x00007f78900005d0} '<init>' '()V' in 'java/lang/Object')}
  0x00007f78c5a4a3b0: 49ba d005 | 0090 787f | 0000 4c89 | 5424 0848 | c704 24ff 

  0x00007f78c5a4a3c4: ;   {runtime_call C1 Runtime counter_overflow_blob}
  0x00007f78c5a4a3c4: ffff ffe8 

  0x00007f78c5a4a3c8: ; ImmutableOopMap {rax=Oop [216]=Oop [224]=Oop [232]=Oop [240]=Oop [248]=Oop [256]=Oop [264]=Oop [640]=Oop [648]=Oop [656]=Oop }
                      ;*synchronization entry
                      ; - java.lang.Object::<init>@-1
                      ; - androidx.compose.runtime.BroadcastFrameClock$$Lambda/0x000000002142f288::<init>@1
                      ; - java.lang.invoke.DirectMethodHandle$Holder::newInvokeSpecial@18
                      ; - java.lang.invoke.Invokers$Holder::linkToTargetMethod@5
                      ; - androidx.compose.runtime.BroadcastFrameClock::sendFrame@5 (line 71)
                      ; - androidx.compose.runtime.Recomposer$runRecomposeAndApplyChanges$2::invokeSuspend$lambda$2@35 (line 633)
  0x00007f78c5a4a3c8: 94c7 b306 | e915 83ff 

  0x00007f78c5a4a3d0: ;   {runtime_call C1 Runtime throw_null_pointer_exception_blob}
  0x00007f78c5a4a3d0: ffe8 0a68 

  0x00007f78c5a4a3d4: ; ImmutableOopMap {rax=Oop rbx=Oop [216]=Oop [224]=Oop [232]=Oop [240]=Oop [248]=Oop [256]=Oop [640]=Oop [648]=Oop [656]=Oop }
                      ;*invokevirtual flushAndDispatchAwaiters {reexecute=0 rethrow=0 return_oop=0}
                      ; - androidx.compose.runtime.BroadcastFrameClock::sendFrame@10 (line 71)
                      ; - androidx.compose.runtime.Recomposer$runRecomposeAndApplyChanges$2::invokeSuspend$lambda$2@35 (line 633)
                      ;   {metadata({method} {0x00007f78910323e0} 'endSection' '(Ljava/lang/Object;)V' in 'androidx/compose/runtime/internal/Trace')}
  0x00007f78c5a4a3d4: b306 49ba | e023 0391 | 787f 0000 | 4c89 5424 | 0848 c704 | 24ff ffff 

  0x00007f78c5a4a3ec: ;   {runtime_call C1 Runtime counter_overflow_blob}
  0x00007f78c5a4a3ec: ffe8 6ec7 

  0x00007f78c5a4a3f0: ; ImmutableOopMap {[216]=Oop [224]=Oop [232]=Oop [240]=Oop [248]=Oop [256]=Oop [640]=Oop [648]=Oop [656]=Oop }
                      ;*synchronization entry
                      ; - androidx.compose.runtime.internal.Trace::endSection@-1 (line 27)
                      ; - androidx.compose.runtime.Recomposer$runRecomposeAndApplyChanges$2::invokeSuspend$lambda$2@55 (line 1945)
  0x00007f78c5a4a3f0: b306 e971 

  0x00007f78c5a4a3f4: ;   {metadata({method} {0x00007f7891032318} 'beginSection' '(Ljava/lang/String;)Ljava/lang/Object;' in 'androidx/compose/runtime/internal/Trace')}
  0x00007f78c5a4a3f4: 85ff ff49 | ba18 2303 | 9178 7f00 | 004c 8954 | 2408 48c7 | 0424 ffff 

  0x00007f78c5a4a40c: ;   {runtime_call C1 Runtime counter_overflow_blob}
  0x00007f78c5a4a40c: ffff e84d 

  0x00007f78c5a4a410: ; ImmutableOopMap {[216]=Oop [224]=Oop [232]=Oop [240]=Oop [248]=Oop [256]=Oop [640]=Oop [648]=Oop [656]=Oop }
                      ;*synchronization entry
                      ; - androidx.compose.runtime.internal.Trace::beginSection@-1 (line 22)
                      ; - androidx.compose.runtime.Recomposer$runRecomposeAndApplyChanges$2::invokeSuspend$lambda$2@90 (line 1946)
  0x00007f78c5a4a410: c7b3 06e9 | 1486 ffff 

  0x00007f78c5a4a418: ;   {metadata({method} {0x00007f7890e279b8} 'access$recordComposerModifications' '(Landroidx/compose/runtime/Recomposer;)Z' in 'androidx/compose/runtime/Recomposer')}
  0x00007f78c5a4a418: 49ba b879 | e290 787f | 0000 4c89 | 5424 0848 | c704 24ff 

  0x00007f78c5a4a42c: ;   {runtime_call C1 Runtime counter_overflow_blob}
  0x00007f78c5a4a42c: ffff ffe8 

  0x00007f78c5a4a430: ; ImmutableOopMap {rsi=Oop [216]=Oop [224]=Oop [232]=Oop [240]=Oop [248]=Oop [256]=Oop [640]=Oop [648]=Oop [656]=Oop }
                      ;*synchronization entry
                      ; - androidx.compose.runtime.Recomposer::access$recordComposerModifications@-1
                      ; - androidx.compose.runtime.Recomposer$runRecomposeAndApplyChanges$2::invokeSuspend$lambda$2@100 (line 643)
  0x00007f78c5a4a430: 2cc7 b306 | e934 86ff 

  0x00007f78c5a4a438: ;   {runtime_call C1 Runtime throw_null_pointer_exception_blob}
  0x00007f78c5a4a438: ffe8 a267 

  0x00007f78c5a4a43c: ; ImmutableOopMap {rsi=Oop rdi=Oop [216]=Oop [224]=Oop [232]=Oop [240]=Oop [248]=Oop [256]=Oop [288]=Oop [640]=Oop [648]=Oop [656]=Oop }
                      ;*monitorenter {reexecute=0 rethrow=0 return_oop=0}
                      ; - androidx.compose.runtime.Recomposer$runRecomposeAndApplyChanges$2::invokeSuspend$lambda$2@119 (line 1949)
  0x00007f78c5a4a43c: b306 4889 | 7c24 0848 

  0x00007f78c5a4a444: ;   {runtime_call C1 Runtime monitorenter_nofpu_blob}
  0x00007f78c5a4a444: 8914 24e8 

  0x00007f78c5a4a448: ; ImmutableOopMap {rsi=Oop rdi=Oop [216]=Oop [224]=Oop [232]=Oop [240]=Oop [248]=Oop [256]=Oop [288]=Oop [600]=Oop [640]=Oop [648]=Oop [656]=Oop }
                      ;*monitorenter {reexecute=0 rethrow=0 return_oop=0}
                      ; - androidx.compose.runtime.Recomposer$runRecomposeAndApplyChanges$2::invokeSuspend$lambda$2@119 (line 1949)
  0x00007f78c5a4a448: 149f b306 | e9d4 86ff 

  0x00007f78c5a4a450: ;   {runtime_call C1 Runtime throw_null_pointer_exception_blob}
  0x00007f78c5a4a450: ffe8 8a67 

  0x00007f78c5a4a454: ; ImmutableOopMap {rsi=Oop rdi=Oop rdx=Oop [216]=Oop [224]=Oop [232]=Oop [240]=Oop [248]=Oop [256]=Oop [288]=Oop [600]=Oop [640]=Oop [648]=Oop [656]=Oop }
                      ;*getfield content {reexecute=1 rethrow=0 return_oop=0}
                      ; - (reexecute) androidx.compose.runtime.Recomposer$runRecomposeAndApplyChanges$2::invokeSuspend$lambda$2@138 (line 1951)
                      ;   {runtime_call C1 Runtime throw_null_pointer_exception_blob}
  0x00007f78c5a4a454: b306 e885 

  0x00007f78c5a4a458: ; ImmutableOopMap {rbx=Oop r8=Oop [216]=Oop [224]=Oop [232]=Oop [240]=Oop [248]=Oop [256]=Oop [280]=Oop [288]=Oop [600]=Oop [640]=Oop [648]=Oop [656]=Oop }
                      ;*aaload {reexecute=0 rethrow=0 return_oop=0}
                      ; - androidx.compose.runtime.Recomposer$runRecomposeAndApplyChanges$2::invokeSuspend$lambda$2@161 (line 1954)
                      ;   {runtime_call C1 Runtime throw_null_pointer_exception_blob}
  0x00007f78c5a4a458: 67b3 06e8 

  0x00007f78c5a4a45c: ; ImmutableOopMap {rbx=Oop r8=Oop [216]=Oop [224]=Oop [232]=Oop [240]=Oop [248]=Oop [256]=Oop [280]=Oop [288]=Oop [600]=Oop [640]=Oop [648]=Oop [656]=Oop }
                      ;*aaload {reexecute=0 rethrow=0 return_oop=0}
                      ; - androidx.compose.runtime.Recomposer$runRecomposeAndApplyChanges$2::invokeSuspend$lambda$2@161 (line 1954)
  0x00007f78c5a4a45c: 8067 b306 | 4889 0c24 | 4889 5c24 

  0x00007f78c5a4a468: ;   {runtime_call C1 Runtime throw_range_check_failed_blob}
  0x00007f78c5a4a468: 08e8 725e 

  0x00007f78c5a4a46c: ; ImmutableOopMap {rbx=Oop r8=Oop [216]=Oop [224]=Oop [232]=Oop [240]=Oop [248]=Oop [256]=Oop [280]=Oop [288]=Oop [600]=Oop [640]=Oop [648]=Oop [656]=Oop }
                      ;*aaload {reexecute=0 rethrow=0 return_oop=0}
                      ; - androidx.compose.runtime.Recomposer$runRecomposeAndApplyChanges$2::invokeSuspend$lambda$2@161 (line 1954)
  0x00007f78c5a4a46c: b306 4889 

  0x00007f78c5a4a470: ;   {runtime_call C1 Runtime throw_class_cast_exception_blob}
  0x00007f78c5a4a470: 1424 e869 

  0x00007f78c5a4a474: ; ImmutableOopMap {rbx=Oop r8=Oop [216]=Oop [224]=Oop [232]=Oop [240]=Oop [248]=Oop [256]=Oop [280]=Oop [288]=Oop [600]=Oop [640]=Oop [648]=Oop [656]=Oop }
                      ;*checkcast {reexecute=0 rethrow=0 return_oop=0}
                      ; - androidx.compose.runtime.Recomposer$runRecomposeAndApplyChanges$2::invokeSuspend$lambda$2@162 (line 1954)
  0x00007f78c5a4a474: 8fb3 064c 

  0x00007f78c5a4a478: ;   {runtime_call C1 Runtime throw_class_cast_exception_blob}
  0x00007f78c5a4a478: 8904 24e8 

  0x00007f78c5a4a47c: ; ImmutableOopMap {rbx=Oop r8=Oop rdx=Oop [216]=Oop [224]=Oop [232]=Oop [240]=Oop [248]=Oop [256]=Oop [280]=Oop [288]=Oop [600]=Oop [640]=Oop [648]=Oop [656]=Oop }
                      ;*checkcast {reexecute=0 rethrow=0 return_oop=0}
                      ; - androidx.compose.runtime.Recomposer$runRecomposeAndApplyChanges$2::invokeSuspend$lambda$2@171 (line 645)
  0x00007f78c5a4a47c: 608f b306 

  0x00007f78c5a4a480: ;   {runtime_call C1 Runtime throw_null_pointer_exception_blob}
  0x00007f78c5a4a480: e85b 67b3 

  0x00007f78c5a4a484: ; ImmutableOopMap {rbx=Oop r8=Oop rdx=Oop r9=Oop [216]=Oop [224]=Oop [232]=Oop [240]=Oop [248]=Oop [256]=Oop [280]=Oop [288]=Oop [600]=Oop [640]=Oop [648]=Oop [656]=Oop }
                      ;*invokeinterface add {reexecute=0 rethrow=0 return_oop=0}
                      ; - androidx.compose.runtime.Recomposer$runRecomposeAndApplyChanges$2::invokeSuspend$lambda$2@176 (line 645)
                      ;   {metadata({method} {0x00007f7890f76848} 'invokeSuspend$lambda$2' '(Landroidx/compose/runtime/Recomposer;Landroidx/collection/MutableScatterSet;Landroidx/collection/MutableScatterSet;Ljava/util/List;Ljava/util/List;Landroidx/collection/MutableScatterSet;Ljava/util/List;Landroidx/collection/MutableScatterSet;Ljava/util/Set;J)Lkotlin/Unit;' in 'androidx/compose/runtime/Recomposer$runRecomposeAndApplyChanges$2')}
  0x00007f78c5a4a484: 0649 ba48 | 68f7 9078 | 7f00 004c | 8954 2408 | 48c7 0424 | be00 0000 

  0x00007f78c5a4a49c: ;   {runtime_call C1 Runtime counter_overflow_blob}
  0x00007f78c5a4a49c: e8bf c6b3 

  0x00007f78c5a4a4a0: ; ImmutableOopMap {[216]=Oop [224]=Oop [232]=Oop [240]=Oop [248]=Oop [256]=Oop [280]=Oop [288]=Oop [600]=Oop [640]=Oop [648]=Oop [656]=Oop }
                      ;*goto {reexecute=1 rethrow=0 return_oop=0}
                      ; - (reexecute) androidx.compose.runtime.Recomposer$runRecomposeAndApplyChanges$2::invokeSuspend$lambda$2@190 (line 1955)
  0x00007f78c5a4a4a0: 06e9 de89 

  0x00007f78c5a4a4a4: ;   {runtime_call C1 Runtime throw_null_pointer_exception_blob}
  0x00007f78c5a4a4a4: ffff e835 

  0x00007f78c5a4a4a8: ; ImmutableOopMap {rsi=Oop rbx=Oop [216]=Oop [224]=Oop [232]=Oop [240]=Oop [248]=Oop [256]=Oop [288]=Oop [600]=Oop [640]=Oop [648]=Oop [656]=Oop }
                      ;*invokevirtual clear {reexecute=0 rethrow=0 return_oop=0}
                      ; - androidx.compose.runtime.Recomposer$runRecomposeAndApplyChanges$2::invokeSuspend$lambda$2@198 (line 646)
  0x00007f78c5a4a4a8: 67b3 0648 | 8d84 2450 | 0200 0048 

  0x00007f78c5a4a4b4: ;   {runtime_call C1 Runtime monitorexit_nofpu_blob}
  0x00007f78c5a4a4b4: 8904 24e8 | 24a5 b306 | e936 8bff 

  0x00007f78c5a4a4c0: ;   {runtime_call C1 Runtime throw_null_pointer_exception_blob}
  0x00007f78c5a4a4c0: ffe8 1a67 

  0x00007f78c5a4a4c4: ; ImmutableOopMap {rdx=Oop [216]=Oop [224]=Oop [232]=Oop [240]=Oop [248]=Oop [256]=Oop [640]=Oop [648]=Oop [656]=Oop }
                      ;*invokevirtual clear {reexecute=0 rethrow=0 return_oop=0}
                      ; - androidx.compose.runtime.Recomposer$runRecomposeAndApplyChanges$2::invokeSuspend$lambda$2@226 (line 650)
                      ;   {runtime_call C1 Runtime throw_null_pointer_exception_blob}
  0x00007f78c5a4a4c4: b306 e815 

  0x00007f78c5a4a4c8: ; ImmutableOopMap {rcx=Oop [216]=Oop [224]=Oop [232]=Oop [240]=Oop [248]=Oop [256]=Oop [640]=Oop [648]=Oop [656]=Oop }
                      ;*invokevirtual clear {reexecute=0 rethrow=0 return_oop=0}
                      ; - androidx.compose.runtime.Recomposer$runRecomposeAndApplyChanges$2::invokeSuspend$lambda$2@230 (line 651)
  0x00007f78c5a4a4c8: 67b3 064c 

  0x00007f78c5a4a4cc: ;   {runtime_call C1 Runtime throw_class_cast_exception_blob}
  0x00007f78c5a4a4cc: 8904 24e8 

  0x00007f78c5a4a4d0: ; ImmutableOopMap {r8=Oop [216]=Oop [224]=Oop [232]=Oop [240]=Oop [248]=Oop [256]=Oop [640]=Oop [648]=Oop [656]=Oop }
                      ;*checkcast {reexecute=0 rethrow=0 return_oop=0}
                      ; - androidx.compose.runtime.Recomposer$runRecomposeAndApplyChanges$2::invokeSuspend$lambda$2@234 (line 652)
  0x00007f78c5a4a4d0: 0c8f b306 

  0x00007f78c5a4a4d4: ;   {runtime_call C1 Runtime throw_null_pointer_exception_blob}
  0x00007f78c5a4a4d4: e807 67b3 

  0x00007f78c5a4a4d8: ; ImmutableOopMap {r8=Oop r11=Oop [216]=Oop [224]=Oop [232]=Oop [240]=Oop [248]=Oop [256]=Oop [640]=Oop [648]=Oop [656]=Oop }
                      ;*invokeinterface isEmpty {reexecute=0 rethrow=0 return_oop=0}
                      ; - androidx.compose.runtime.Recomposer$runRecomposeAndApplyChanges$2::invokeSuspend$lambda$2@237 (line 652)
  0x00007f78c5a4a4d8: 064c 890c 

  0x00007f78c5a4a4dc: ;   {runtime_call C1 Runtime throw_class_cast_exception_blob}
  0x00007f78c5a4a4dc: 24e8 fe8e 

  0x00007f78c5a4a4e0: ; ImmutableOopMap {r9=Oop [216]=Oop [224]=Oop [232]=Oop [240]=Oop [248]=Oop [256]=Oop [640]=Oop [648]=Oop [656]=Oop }
                      ;*checkcast {reexecute=0 rethrow=0 return_oop=0}
                      ; - androidx.compose.runtime.Recomposer$runRecomposeAndApplyChanges$2::invokeSuspend$lambda$2@255 (line 652)
                      ;   {runtime_call C1 Runtime throw_null_pointer_exception_blob}
  0x00007f78c5a4a4e0: b306 e8f9 

  0x00007f78c5a4a4e4: ; ImmutableOopMap {r9=Oop rsi=Oop [216]=Oop [224]=Oop [232]=Oop [240]=Oop [248]=Oop [256]=Oop [640]=Oop [648]=Oop [656]=Oop }
                      ;*invokeinterface isEmpty {reexecute=0 rethrow=0 return_oop=0}
                      ; - androidx.compose.runtime.Recomposer$runRecomposeAndApplyChanges$2::invokeSuspend$lambda$2@258 (line 652)
  0x00007f78c5a4a4e4: 66b3 064c 

  0x00007f78c5a4a4e8: ;   {runtime_call C1 Runtime throw_class_cast_exception_blob}
  0x00007f78c5a4a4e8: 8904 24e8 

  0x00007f78c5a4a4ec: ; ImmutableOopMap {r8=Oop [216]=Oop [224]=Oop [232]=Oop [240]=Oop [248]=Oop [256]=Oop [640]=Oop [648]=Oop [656]=Oop }
                      ;*checkcast {reexecute=0 rethrow=0 return_oop=0}
                      ; - androidx.compose.runtime.Recomposer$runRecomposeAndApplyChanges$2::invokeSuspend$lambda$2@286 (line 1958)
  0x00007f78c5a4a4ec: f08e b306 

  0x00007f78c5a4a4f0: ;   {runtime_call C1 Runtime throw_null_pointer_exception_blob}
  0x00007f78c5a4a4f0: e8eb 66b3 

  0x00007f78c5a4a4f4: ; ImmutableOopMap {r8=Oop rsi=Oop [216]=Oop [224]=Oop [232]=Oop [240]=Oop [248]=Oop [256]=Oop [640]=Oop [648]=Oop [656]=Oop }
                      ;*invokeinterface size {reexecute=0 rethrow=0 return_oop=0}
                      ; - androidx.compose.runtime.Recomposer$runRecomposeAndApplyChanges$2::invokeSuspend$lambda$2@289 (line 1958)
                      ;   {runtime_call C1 Runtime throw_null_pointer_exception_blob}
  0x00007f78c5a4a4f4: 06e8 e666 

  0x00007f78c5a4a4f8: ; ImmutableOopMap {r8=Oop [216]=Oop [224]=Oop [232]=Oop [240]=Oop [248]=Oop [256]=Oop [640]=Oop [648]=Oop [656]=Oop }
                      ;*invokeinterface get {reexecute=0 rethrow=0 return_oop=0}
                      ; - androidx.compose.runtime.Recomposer$runRecomposeAndApplyChanges$2::invokeSuspend$lambda$2@307 (line 1959)
  0x00007f78c5a4a4f8: b306 4889 

  0x00007f78c5a4a4fc: ;   {runtime_call C1 Runtime throw_class_cast_exception_blob}
  0x00007f78c5a4a4fc: 0424 e8dd 

  0x00007f78c5a4a500: ; ImmutableOopMap {[216]=Oop [224]=Oop [232]=Oop [240]=Oop [248]=Oop [256]=Oop [640]=Oop [648]=Oop [656]=Oop }
                      ;*checkcast {reexecute=0 rethrow=0 return_oop=0}
                      ; - androidx.compose.runtime.Recomposer$runRecomposeAndApplyChanges$2::invokeSuspend$lambda$2@316 (line 1960)
                      ;   {metadata({method} {0x00007f7890e28000} 'access$performRecompose' '(Landroidx/compose/runtime/Recomposer;Landroidx/compose/runtime/ControlledComposition;Landroidx/collection/MutableScatterSet;)Landroidx/compose/runtime/ControlledComposition;' in 'androidx/compose/runtime/Recomposer')}
  0x00007f78c5a4a500: 8eb3 0649 | ba00 80e2 | 9078 7f00 | 004c 8954 | 2408 48c7 | 0424 ffff 

  0x00007f78c5a4a518: ;   {runtime_call C1 Runtime counter_overflow_blob}
  0x00007f78c5a4a518: ffff e841 

  0x00007f78c5a4a51c: ; ImmutableOopMap {rdi=Oop [216]=Oop [224]=Oop [232]=Oop [240]=Oop [248]=Oop [256]=Oop [640]=Oop [648]=Oop [656]=Oop }
                      ;*synchronization entry
                      ; - androidx.compose.runtime.Recomposer::access$performRecompose@-1
                      ; - androidx.compose.runtime.Recomposer$runRecomposeAndApplyChanges$2::invokeSuspend$lambda$2@328 (line 655)
  0x00007f78c5a4a51c: c6b3 06e9 | 5e93 ffff | 4889 3c24 

  0x00007f78c5a4a528: ;   {runtime_call C1 Runtime throw_class_cast_exception_blob}
  0x00007f78c5a4a528: e8b3 8eb3 

  0x00007f78c5a4a52c: ; ImmutableOopMap {rax=Oop rdi=Oop [216]=Oop [224]=Oop [232]=Oop [240]=Oop [248]=Oop [256]=Oop [304]=Oop [640]=Oop [648]=Oop [656]=Oop }
                      ;*checkcast {reexecute=0 rethrow=0 return_oop=0}
                      ; - androidx.compose.runtime.Recomposer$runRecomposeAndApplyChanges$2::invokeSuspend$lambda$2@342 (line 656)
                      ;   {runtime_call C1 Runtime throw_null_pointer_exception_blob}
  0x00007f78c5a4a52c: 06e8 ae66 

  0x00007f78c5a4a530: ; ImmutableOopMap {rax=Oop rdi=Oop rsi=Oop [216]=Oop [224]=Oop [232]=Oop [240]=Oop [248]=Oop [256]=Oop [304]=Oop [640]=Oop [648]=Oop [656]=Oop }
                      ;*invokeinterface add {reexecute=0 rethrow=0 return_oop=0}
                      ; - androidx.compose.runtime.Recomposer$runRecomposeAndApplyChanges$2::invokeSuspend$lambda$2@347 (line 656)
                      ;   {metadata({method} {0x00007f7890f76848} 'invokeSuspend$lambda$2' '(Landroidx/compose/runtime/Recomposer;Landroidx/collection/MutableScatterSet;Landroidx/collection/MutableScatterSet;Ljava/util/List;Ljava/util/List;Landroidx/collection/MutableScatterSet;Ljava/util/List;Landroidx/collection/MutableScatterSet;Ljava/util/Set;J)Lkotlin/Unit;' in 'androidx/compose/runtime/Recomposer$runRecomposeAndApplyChanges$2')}
  0x00007f78c5a4a530: b306 49ba | 4868 f790 | 787f 0000 | 4c89 5424 | 0848 c704 | 247b 0100 

  0x00007f78c5a4a548: ;   {runtime_call C1 Runtime counter_overflow_blob}
  0x00007f78c5a4a548: 00e8 12c6 

  0x00007f78c5a4a54c: ; ImmutableOopMap {[216]=Oop [224]=Oop [232]=Oop [240]=Oop [248]=Oop [256]=Oop [640]=Oop [648]=Oop [656]=Oop }
                      ;*goto {reexecute=1 rethrow=0 return_oop=0}
                      ; - (reexecute) androidx.compose.runtime.Recomposer$runRecomposeAndApplyChanges$2::invokeSuspend$lambda$2@379 (line 1958)
  0x00007f78c5a4a54c: b306 e921 

  0x00007f78c5a4a550: ;   {runtime_call C1 Runtime throw_null_pointer_exception_blob}
  0x00007f78c5a4a550: 96ff ffe8 

  0x00007f78c5a4a554: ; ImmutableOopMap {r8=Oop [216]=Oop [224]=Oop [232]=Oop [240]=Oop [248]=Oop [256]=Oop [640]=Oop [648]=Oop [656]=Oop }
                      ;*invokeinterface clear {reexecute=0 rethrow=0 return_oop=0}
                      ; - androidx.compose.runtime.Recomposer$runRecomposeAndApplyChanges$2::invokeSuspend$lambda$2@384 (line 665)
  0x00007f78c5a4a554: 8866 b306 

  0x00007f78c5a4a558: ;   {metadata({method} {0x00007f7890e781e8} 'isNotEmpty' '()Z' in 'androidx/collection/ScatterSet')}
  0x00007f78c5a4a558: 49ba e881 | e790 787f | 0000 4c89 | 5424 0848 | c704 24ff 

  0x00007f78c5a4a56c: ;   {runtime_call C1 Runtime counter_overflow_blob}
  0x00007f78c5a4a56c: ffff ffe8 

  0x00007f78c5a4a570: ; ImmutableOopMap {rdx=Oop [216]=Oop [224]=Oop [232]=Oop [240]=Oop [248]=Oop [256]=Oop [640]=Oop [648]=Oop [656]=Oop }
                      ;*synchronization entry
                      ; - androidx.collection.ScatterSet::isNotEmpty@-1 (line 155)
                      ; - androidx.compose.runtime.Recomposer$runRecomposeAndApplyChanges$2::invokeSuspend$lambda$2@457 (line 673)
  0x00007f78c5a4a570: ecc5 b306 | e9b8 97ff 

  0x00007f78c5a4a578: ;   {runtime_call C1 Runtime throw_null_pointer_exception_blob}
  0x00007f78c5a4a578: ffe8 6266 

  0x00007f78c5a4a57c: ; ImmutableOopMap {rdx=Oop rsi=Oop rax=Oop [216]=Oop [224]=Oop [232]=Oop [240]=Oop [248]=Oop [256]=Oop [640]=Oop [648]=Oop [656]=Oop }
                      ;*invokevirtual getSize {reexecute=0 rethrow=0 return_oop=0}
                      ; - androidx.compose.runtime.Recomposer$runRecomposeAndApplyChanges$2::invokeSuspend$lambda$2@474 (line 1964)
                      ;   {runtime_call C1 Runtime throw_null_pointer_exception_blob}
  0x00007f78c5a4a57c: b306 e85d 

  0x00007f78c5a4a580: ; ImmutableOopMap {rdx=Oop rsi=Oop rdi=Oop [216]=Oop [224]=Oop [232]=Oop [240]=Oop [248]=Oop [256]=Oop [312]=Oop [640]=Oop [648]=Oop [656]=Oop }
                      ;*monitorenter {reexecute=0 rethrow=0 return_oop=0}
                      ; - androidx.compose.runtime.Recomposer$runRecomposeAndApplyChanges$2::invokeSuspend$lambda$2@503 (line 1965)
  0x00007f78c5a4a580: 66b3 0648 | 897c 2408 | 4889 1c24 

  0x00007f78c5a4a58c: ;   {runtime_call C1 Runtime monitorenter_nofpu_blob}
  0x00007f78c5a4a58c: e8cf 9db3 

  0x00007f78c5a4a590: ; ImmutableOopMap {rdx=Oop rsi=Oop rdi=Oop [216]=Oop [224]=Oop [232]=Oop [240]=Oop [248]=Oop [256]=Oop [312]=Oop [600]=Oop [640]=Oop [648]=Oop [656]=Oop }
                      ;*monitorenter {reexecute=0 rethrow=0 return_oop=0}
                      ; - androidx.compose.runtime.Recomposer$runRecomposeAndApplyChanges$2::invokeSuspend$lambda$2@503 (line 1965)
  0x00007f78c5a4a590: 06e9 b599 

  0x00007f78c5a4a594: ;   {metadata({method} {0x00007f7890e280c0} 'access$knownCompositionsLocked' '(Landroidx/compose/runtime/Recomposer;)Ljava/util/List;' in 'androidx/compose/runtime/Recomposer')}
  0x00007f78c5a4a594: ffff 49ba | c080 e290 | 787f 0000 | 4c89 5424 | 0848 c704 | 24ff ffff 

  0x00007f78c5a4a5ac: ;   {runtime_call C1 Runtime counter_overflow_blob}
  0x00007f78c5a4a5ac: ffe8 aec5 

  0x00007f78c5a4a5b0: ; ImmutableOopMap {rsi=Oop [216]=Oop [224]=Oop [232]=Oop [240]=Oop [248]=Oop [256]=Oop [312]=Oop [600]=Oop [640]=Oop [648]=Oop [656]=Oop }
                      ;*synchronization entry
                      ; - androidx.compose.runtime.Recomposer::access$knownCompositionsLocked@-1
                      ; - androidx.compose.runtime.Recomposer$runRecomposeAndApplyChanges$2::invokeSuspend$lambda$2@509 (line 676)
  0x00007f78c5a4a5b0: b306 e9cc | 99ff ff48 

  0x00007f78c5a4a5b8: ;   {runtime_call C1 Runtime throw_class_cast_exception_blob}
  0x00007f78c5a4a5b8: 8904 24e8 

  0x00007f78c5a4a5bc: ; ImmutableOopMap {rax=Oop [216]=Oop [224]=Oop [232]=Oop [240]=Oop [248]=Oop [256]=Oop [312]=Oop [320]=Oop [600]=Oop [640]=Oop [648]=Oop [656]=Oop }
                      ;*checkcast {reexecute=0 rethrow=0 return_oop=0}
                      ; - androidx.compose.runtime.Recomposer$runRecomposeAndApplyChanges$2::invokeSuspend$lambda$2@522 (line 1966)
  0x00007f78c5a4a5bc: 208e b306 

  0x00007f78c5a4a5c0: ;   {runtime_call C1 Runtime throw_null_pointer_exception_blob}
  0x00007f78c5a4a5c0: e81b 66b3 

  0x00007f78c5a4a5c4: ; ImmutableOopMap {rax=Oop rsi=Oop [216]=Oop [224]=Oop [232]=Oop [240]=Oop [248]=Oop [256]=Oop [312]=Oop [320]=Oop [600]=Oop [640]=Oop [648]=Oop [656]=Oop }
                      ;*invokeinterface size {reexecute=0 rethrow=0 return_oop=0}
                      ; - androidx.compose.runtime.Recomposer$runRecomposeAndApplyChanges$2::invokeSuspend$lambda$2@525 (line 1966)
                      ;   {runtime_call C1 Runtime throw_null_pointer_exception_blob}
  0x00007f78c5a4a5c4: 06e8 1666 

  0x00007f78c5a4a5c8: ; ImmutableOopMap {rbx=Oop [216]=Oop [224]=Oop [232]=Oop [240]=Oop [248]=Oop [256]=Oop [312]=Oop [320]=Oop [600]=Oop [640]=Oop [648]=Oop [656]=Oop }
                      ;*invokeinterface get {reexecute=0 rethrow=0 return_oop=0}
                      ; - androidx.compose.runtime.Recomposer$runRecomposeAndApplyChanges$2::invokeSuspend$lambda$2@543 (line 1967)
  0x00007f78c5a4a5c8: b306 4889 

  0x00007f78c5a4a5cc: ;   {runtime_call C1 Runtime throw_class_cast_exception_blob}
  0x00007f78c5a4a5cc: 0424 e80d 

  0x00007f78c5a4a5d0: ; ImmutableOopMap {[216]=Oop [224]=Oop [232]=Oop [240]=Oop [248]=Oop [256]=Oop [312]=Oop [320]=Oop [600]=Oop [640]=Oop [648]=Oop [656]=Oop }
                      ;*checkcast {reexecute=0 rethrow=0 return_oop=0}
                      ; - androidx.compose.runtime.Recomposer$runRecomposeAndApplyChanges$2::invokeSuspend$lambda$2@552 (line 1968)
                      ;   {runtime_call C1 Runtime throw_incompatible_class_change_error_blob}
  0x00007f78c5a4a5d0: 8eb3 06e8 

  0x00007f78c5a4a5d4: ; ImmutableOopMap {rdi=Oop [216]=Oop [224]=Oop [232]=Oop [240]=Oop [248]=Oop [256]=Oop [312]=Oop [320]=Oop [336]=Oop [600]=Oop [640]=Oop [648]=Oop [656]=Oop }
                      ;*invokeinterface observesAnyOf {reexecute=0 rethrow=0 return_oop=0}
                      ; - androidx.compose.runtime.Recomposer$runRecomposeAndApplyChanges$2::invokeSuspend$lambda$2@573 (line 679)
  0x00007f78c5a4a5d4: 0891 b306 

  0x00007f78c5a4a5d8: ;   {runtime_call C1 Runtime throw_null_pointer_exception_blob}
  0x00007f78c5a4a5d8: e803 66b3 

  0x00007f78c5a4a5dc: ; ImmutableOopMap {rdi=Oop [216]=Oop [224]=Oop [232]=Oop [240]=Oop [248]=Oop [256]=Oop [312]=Oop [320]=Oop [336]=Oop [600]=Oop [640]=Oop [648]=Oop [656]=Oop }
                      ;*invokeinterface observesAnyOf {reexecute=0 rethrow=0 return_oop=0}
                      ; - androidx.compose.runtime.Recomposer$runRecomposeAndApplyChanges$2::invokeSuspend$lambda$2@573 (line 679)
  0x00007f78c5a4a5dc: 064c 8904 

  0x00007f78c5a4a5e0: ;   {runtime_call C1 Runtime throw_class_cast_exception_blob}
  0x00007f78c5a4a5e0: 24e8 fa8d 

  0x00007f78c5a4a5e4: ; ImmutableOopMap {rdi=Oop r8=Oop [216]=Oop [224]=Oop [232]=Oop [240]=Oop [248]=Oop [256]=Oop [312]=Oop [320]=Oop [336]=Oop [600]=Oop [640]=Oop [648]=Oop [656]=Oop }
                      ;*checkcast {reexecute=0 rethrow=0 return_oop=0}
                      ; - androidx.compose.runtime.Recomposer$runRecomposeAndApplyChanges$2::invokeSuspend$lambda$2@582 (line 681)
                      ;   {runtime_call C1 Runtime throw_null_pointer_exception_blob}
  0x00007f78c5a4a5e4: b306 e8f5 

  0x00007f78c5a4a5e8: ; ImmutableOopMap {rdi=Oop r8=Oop rsi=Oop [216]=Oop [224]=Oop [232]=Oop [240]=Oop [248]=Oop [256]=Oop [312]=Oop [320]=Oop [336]=Oop [600]=Oop [640]=Oop [648]=Oop [656]=Oop }
                      ;*invokeinterface add {reexecute=0 rethrow=0 return_oop=0}
                      ; - androidx.compose.runtime.Recomposer$runRecomposeAndApplyChanges$2::invokeSuspend$lambda$2@587 (line 681)
                      ;   {metadata({method} {0x00007f7890f76848} 'invokeSuspend$lambda$2' '(Landroidx/compose/runtime/Recomposer;Landroidx/collection/MutableScatterSet;Landroidx/collection/MutableScatterSet;Ljava/util/List;Ljava/util/List;Landroidx/collection/MutableScatterSet;Ljava/util/List;Landroidx/collection/MutableScatterSet;Ljava/util/Set;J)Lkotlin/Unit;' in 'androidx/compose/runtime/Recomposer$runRecomposeAndApplyChanges$2')}
  0x00007f78c5a4a5e8: 65b3 0649 | ba48 68f7 | 9078 7f00 | 004c 8954 | 2408 48c7 | 0424 5602 

  0x00007f78c5a4a600: ;   {runtime_call C1 Runtime counter_overflow_blob}
  0x00007f78c5a4a600: 0000 e859 

  0x00007f78c5a4a604: ; ImmutableOopMap {[216]=Oop [224]=Oop [232]=Oop [240]=Oop [248]=Oop [256]=Oop [312]=Oop [320]=Oop [600]=Oop [640]=Oop [648]=Oop [656]=Oop }
                      ;*goto {reexecute=1 rethrow=0 return_oop=0}
                      ; - (reexecute) androidx.compose.runtime.Recomposer$runRecomposeAndApplyChanges$2::invokeSuspend$lambda$2@598 (line 1966)
  0x00007f78c5a4a604: c5b3 06e9 | 00a0 ffff 

  0x00007f78c5a4a60c: ;   {runtime_call C1 Runtime throw_null_pointer_exception_blob}
  0x00007f78c5a4a60c: e8cf 65b3 

  0x00007f78c5a4a610: ; ImmutableOopMap {rsi=Oop rdi=Oop [216]=Oop [224]=Oop [232]=Oop [240]=Oop [248]=Oop [256]=Oop [312]=Oop [360]=Oop [600]=Oop [640]=Oop [648]=Oop [656]=Oop }
                      ;*invokevirtual getSize {reexecute=0 rethrow=0 return_oop=0}
                      ; - androidx.compose.runtime.Recomposer$runRecomposeAndApplyChanges$2::invokeSuspend$lambda$2@616 (line 1972)
                      ;   {runtime_call C1 Runtime throw_null_pointer_exception_blob}
  0x00007f78c5a4a610: 06e8 ca65 

  0x00007f78c5a4a614: ; ImmutableOopMap {rdi=Oop rdx=Oop [216]=Oop [224]=Oop [232]=Oop [240]=Oop [248]=Oop [256]=Oop [312]=Oop [360]=Oop [600]=Oop [640]=Oop [648]=Oop [656]=Oop }
                      ;*aaload {reexecute=0 rethrow=0 return_oop=0}
                      ; - androidx.compose.runtime.Recomposer$runRecomposeAndApplyChanges$2::invokeSuspend$lambda$2@638 (line 1974)
                      ;   {runtime_call C1 Runtime throw_null_pointer_exception_blob}
  0x00007f78c5a4a614: b306 e8c5 

  0x00007f78c5a4a618: ; ImmutableOopMap {rdi=Oop rdx=Oop [216]=Oop [224]=Oop [232]=Oop [240]=Oop [248]=Oop [256]=Oop [312]=Oop [360]=Oop [600]=Oop [640]=Oop [648]=Oop [656]=Oop }
                      ;*aaload {reexecute=0 rethrow=0 return_oop=0}
                      ; - androidx.compose.runtime.Recomposer$runRecomposeAndApplyChanges$2::invokeSuspend$lambda$2@638 (line 1974)
  0x00007f78c5a4a618: 65b3 0648 | 8904 2448 | 8954 2408 

  0x00007f78c5a4a624: ;   {runtime_call C1 Runtime throw_range_check_failed_blob}
  0x00007f78c5a4a624: e8b7 5cb3 

  0x00007f78c5a4a628: ; ImmutableOopMap {rdi=Oop rdx=Oop [216]=Oop [224]=Oop [232]=Oop [240]=Oop [248]=Oop [256]=Oop [312]=Oop [360]=Oop [600]=Oop [640]=Oop [648]=Oop [656]=Oop }
                      ;*aaload {reexecute=0 rethrow=0 return_oop=0}
                      ; - androidx.compose.runtime.Recomposer$runRecomposeAndApplyChanges$2::invokeSuspend$lambda$2@638 (line 1974)
  0x00007f78c5a4a628: 0648 8914 

  0x00007f78c5a4a62c: ;   {runtime_call C1 Runtime throw_class_cast_exception_blob}
  0x00007f78c5a4a62c: 24e8 ae8d 

  0x00007f78c5a4a630: ; ImmutableOopMap {rdi=Oop [216]=Oop [224]=Oop [232]=Oop [240]=Oop [248]=Oop [256]=Oop [312]=Oop [360]=Oop [600]=Oop [640]=Oop [648]=Oop [656]=Oop }
                      ;*checkcast {reexecute=0 rethrow=0 return_oop=0}
                      ; - androidx.compose.runtime.Recomposer$runRecomposeAndApplyChanges$2::invokeSuspend$lambda$2@639 (line 1974)
  0x00007f78c5a4a630: b306 4c89 

  0x00007f78c5a4a634: ;   {runtime_call C1 Runtime throw_class_cast_exception_blob}
  0x00007f78c5a4a634: 0424 e8a5 

  0x00007f78c5a4a638: ; ImmutableOopMap {r9=Oop r8=Oop [216]=Oop [224]=Oop [232]=Oop [240]=Oop [248]=Oop [256]=Oop [312]=Oop [360]=Oop [600]=Oop [640]=Oop [648]=Oop [656]=Oop }
                      ;*checkcast {reexecute=0 rethrow=0 return_oop=0}
                      ; - androidx.compose.runtime.Recomposer$runRecomposeAndApplyChanges$2::invokeSuspend$lambda$2@668 (line 691)
                      ;   {runtime_call C1 Runtime throw_null_pointer_exception_blob}
  0x00007f78c5a4a638: 8db3 06e8 

  0x00007f78c5a4a63c: ; ImmutableOopMap {r9=Oop r8=Oop rsi=Oop [216]=Oop [224]=Oop [232]=Oop [240]=Oop [248]=Oop [256]=Oop [312]=Oop [360]=Oop [600]=Oop [640]=Oop [648]=Oop [656]=Oop }
                      ;*invokeinterface add {reexecute=0 rethrow=0 return_oop=0}
                      ; - androidx.compose.runtime.Recomposer$runRecomposeAndApplyChanges$2::invokeSuspend$lambda$2@673 (line 691)
  0x00007f78c5a4a63c: a065 b306 

  0x00007f78c5a4a640: ;   {runtime_call C1 Runtime throw_null_pointer_exception_blob}
  0x00007f78c5a4a640: e89b 65b3 

  0x00007f78c5a4a644: ; ImmutableOopMap {rdi=Oop rsi=Oop [216]=Oop [224]=Oop [232]=Oop [240]=Oop [248]=Oop [256]=Oop [312]=Oop [360]=Oop [600]=Oop [640]=Oop [648]=Oop [656]=Oop }
                      ;*aaload {reexecute=0 rethrow=0 return_oop=0}
                      ; - androidx.compose.runtime.Recomposer$runRecomposeAndApplyChanges$2::invokeSuspend$lambda$2@719 (line 1980)
                      ;   {runtime_call C1 Runtime throw_null_pointer_exception_blob}
  0x00007f78c5a4a644: 06e8 9665 

  0x00007f78c5a4a648: ; ImmutableOopMap {rdi=Oop rsi=Oop [216]=Oop [224]=Oop [232]=Oop [240]=Oop [248]=Oop [256]=Oop [312]=Oop [360]=Oop [600]=Oop [640]=Oop [648]=Oop [656]=Oop }
                      ;*aaload {reexecute=0 rethrow=0 return_oop=0}
                      ; - androidx.compose.runtime.Recomposer$runRecomposeAndApplyChanges$2::invokeSuspend$lambda$2@719 (line 1980)
  0x00007f78c5a4a648: b306 4889 | 0424 4889 

  0x00007f78c5a4a650: ;   {runtime_call C1 Runtime throw_range_check_failed_blob}
  0x00007f78c5a4a650: 7424 08e8 

  0x00007f78c5a4a654: ; ImmutableOopMap {rdi=Oop rsi=Oop [216]=Oop [224]=Oop [232]=Oop [240]=Oop [248]=Oop [256]=Oop [312]=Oop [360]=Oop [600]=Oop [640]=Oop [648]=Oop [656]=Oop }
                      ;*aaload {reexecute=0 rethrow=0 return_oop=0}
                      ; - androidx.compose.runtime.Recomposer$runRecomposeAndApplyChanges$2::invokeSuspend$lambda$2@719 (line 1980)
  0x00007f78c5a4a654: 885c b306 | 4c89 0424 | 4889 7424 

  0x00007f78c5a4a660: ;   {runtime_call C1 Runtime throw_range_check_failed_blob}
  0x00007f78c5a4a660: 08e8 7a5c 

  0x00007f78c5a4a664: ; ImmutableOopMap {rdi=Oop rsi=Oop rdx=Oop [216]=Oop [224]=Oop [232]=Oop [240]=Oop [248]=Oop [256]=Oop [312]=Oop [360]=Oop [600]=Oop [640]=Oop [648]=Oop [656]=Oop }
                      ;*aastore {reexecute=1 rethrow=0 return_oop=0}
                      ; - (reexecute) androidx.compose.runtime.Recomposer$runRecomposeAndApplyChanges$2::invokeSuspend$lambda$2@720 (line 1980)
                      ;   {runtime_call C1 Runtime throw_null_pointer_exception_blob}
  0x00007f78c5a4a664: b306 e875 

  0x00007f78c5a4a668: ; ImmutableOopMap {rdi=Oop rsi=Oop rdx=Oop [216]=Oop [224]=Oop [232]=Oop [240]=Oop [248]=Oop [256]=Oop [312]=Oop [360]=Oop [600]=Oop [640]=Oop [648]=Oop [656]=Oop }
                      ;*aastore {reexecute=1 rethrow=0 return_oop=0}
                      ; - (reexecute) androidx.compose.runtime.Recomposer$runRecomposeAndApplyChanges$2::invokeSuspend$lambda$2@720 (line 1980)
  0x00007f78c5a4a668: 65b3 0648 

  0x00007f78c5a4a66c: ;   {runtime_call C1 Runtime throw_array_store_exception_blob}
  0x00007f78c5a4a66c: 8914 24e8 

  0x00007f78c5a4a670: ; ImmutableOopMap {rdi=Oop rsi=Oop rdx=Oop [216]=Oop [224]=Oop [232]=Oop [240]=Oop [248]=Oop [256]=Oop [312]=Oop [360]=Oop [600]=Oop [640]=Oop [648]=Oop [656]=Oop }
                      ;*aastore {reexecute=1 rethrow=0 return_oop=0}
                      ; - (reexecute) androidx.compose.runtime.Recomposer$runRecomposeAndApplyChanges$2::invokeSuspend$lambda$2@720 (line 1980)
  0x00007f78c5a4a670: 6c8a b306 | 448b 0649 | c1e0 0349 | 83f8 000f | 84a4 a6ff | ff4c 8904 

  0x00007f78c5a4a688: ;   {runtime_call g1_pre_barrier_slow}
  0x00007f78c5a4a688: 24e8 d2cb | b306 e996 | a6ff ff48 | 83fa 000f | 84aa a6ff | ff48 8934 

  0x00007f78c5a4a6a0: ;   {runtime_call g1_post_barrier_slow}
  0x00007f78c5a4a6a0: 24e8 3acf | b306 e99c 

  0x00007f78c5a4a6a8: ;   {metadata({method} {0x00007f7890f76848} 'invokeSuspend$lambda$2' '(Landroidx/compose/runtime/Recomposer;Landroidx/collection/MutableScatterSet;Landroidx/collection/MutableScatterSet;Ljava/util/List;Ljava/util/List;Landroidx/collection/MutableScatterSet;Ljava/util/List;Landroidx/collection/MutableScatterSet;Ljava/util/Set;J)Lkotlin/Unit;' in 'androidx/compose/runtime/Recomposer$runRecomposeAndApplyChanges$2')}
  0x00007f78c5a4a6a8: a6ff ff49 | ba48 68f7 | 9078 7f00 | 004c 8954 | 2408 48c7 | 0424 d402 

  0x00007f78c5a4a6c0: ;   {runtime_call C1 Runtime counter_overflow_blob}
  0x00007f78c5a4a6c0: 0000 e899 

  0x00007f78c5a4a6c4: ; ImmutableOopMap {rdi=Oop [216]=Oop [224]=Oop [232]=Oop [240]=Oop [248]=Oop [256]=Oop [312]=Oop [360]=Oop [600]=Oop [640]=Oop [648]=Oop [656]=Oop }
                      ;*goto {reexecute=1 rethrow=0 return_oop=0}
                      ; - (reexecute) androidx.compose.runtime.Recomposer$runRecomposeAndApplyChanges$2::invokeSuspend$lambda$2@724 (line 1973)
  0x00007f78c5a4a6c4: c4b3 06e9 | a4a6 ffff 

  0x00007f78c5a4a6cc: ;   {metadata({method} {0x00007f7890f34620} 'fill' '([Ljava/lang/Object;Ljava/lang/Object;II)V' in 'kotlin/collections/ArraysKt___ArraysJvmKt')}
  0x00007f78c5a4a6cc: 49ba 2046 | f390 787f | 0000 4c89 | 5424 0848 | c704 24ff 

  0x00007f78c5a4a6e0: ;   {runtime_call C1 Runtime counter_overflow_blob}
  0x00007f78c5a4a6e0: ffff ffe8 

  0x00007f78c5a4a6e4: ; ImmutableOopMap {rdi=Oop rbx=Oop [216]=Oop [224]=Oop [232]=Oop [240]=Oop [248]=Oop [256]=Oop [312]=Oop [360]=Oop [384]=Oop [600]=Oop [640]=Oop [648]=Oop [656]=Oop }
                      ;*synchronization entry
                      ; - kotlin.collections.ArraysKt___ArraysJvmKt::fill@-1
                      ; - androidx.compose.runtime.Recomposer$runRecomposeAndApplyChanges$2::invokeSuspend$lambda$2@740 (line 1983)
  0x00007f78c5a4a6e4: 78c4 b306 | e90c a7ff 

  0x00007f78c5a4a6ec: ;   {metadata({method} {0x00007f789051b880} 'checkNotNullParameter' '(Ljava/lang/Object;Ljava/lang/String;)V' in 'kotlin/jvm/internal/Intrinsics')}
  0x00007f78c5a4a6ec: ff49 ba80 | b851 9078 | 7f00 004c | 8954 2408 | 48c7 0424 | ffff ffff 

  0x00007f78c5a4a704: ;   {runtime_call C1 Runtime counter_overflow_blob}
  0x00007f78c5a4a704: e857 c4b3 

  0x00007f78c5a4a708: ; ImmutableOopMap {rdi=Oop rbx=Oop [216]=Oop [224]=Oop [232]=Oop [240]=Oop [248]=Oop [256]=Oop [312]=Oop [360]=Oop [384]=Oop [600]=Oop [640]=Oop [648]=Oop [656]=Oop }
                      ;*synchronization entry
                      ; - kotlin.jvm.internal.Intrinsics::checkNotNullParameter@-1 (line 130)
                      ; - kotlin.collections.ArraysKt___ArraysJvmKt::fill@3
                      ; - androidx.compose.runtime.Recomposer$runRecomposeAndApplyChanges$2::invokeSuspend$lambda$2@740 (line 1983)
  0x00007f78c5a4a708: 06e9 24a7 | ffff 488d | 8424 5002 | 0000 4889 

  0x00007f78c5a4a718: ;   {runtime_call C1 Runtime monitorexit_nofpu_blob}
  0x00007f78c5a4a718: 0424 e8c1 | a2b3 06e9 | 6ba8 ffff 

  0x00007f78c5a4a724: ;   {metadata({method} {0x00007f7890f76848} 'invokeSuspend$lambda$2' '(Landroidx/compose/runtime/Recomposer;Landroidx/collection/MutableScatterSet;Landroidx/collection/MutableScatterSet;Ljava/util/List;Ljava/util/List;Landroidx/collection/MutableScatterSet;Ljava/util/List;Landroidx/collection/MutableScatterSet;Ljava/util/Set;J)Lkotlin/Unit;' in 'androidx/compose/runtime/Recomposer$runRecomposeAndApplyChanges$2')}
  0x00007f78c5a4a724: 49ba 4868 | f790 787f | 0000 4c89 | 5424 0848 | c704 2410 

  0x00007f78c5a4a738: ;   {runtime_call C1 Runtime counter_overflow_blob}
  0x00007f78c5a4a738: 0300 00e8 

  0x00007f78c5a4a73c: ; ImmutableOopMap {[216]=Oop [224]=Oop [232]=Oop [240]=Oop [248]=Oop [256]=Oop [640]=Oop [648]=Oop [656]=Oop }
                      ;*ifeq {reexecute=1 rethrow=0 return_oop=0}
                      ; - (reexecute) androidx.compose.runtime.Recomposer$runRecomposeAndApplyChanges$2::invokeSuspend$lambda$2@784 (line 700)
  0x00007f78c5a4a73c: 20c4 b306 | e944 a9ff 

  0x00007f78c5a4a744: ;   {metadata({method} {0x00007f7890f76848} 'invokeSuspend$lambda$2' '(Landroidx/compose/runtime/Recomposer;Landroidx/collection/MutableScatterSet;Landroidx/collection/MutableScatterSet;Ljava/util/List;Ljava/util/List;Landroidx/collection/MutableScatterSet;Ljava/util/List;Landroidx/collection/MutableScatterSet;Ljava/util/Set;J)Lkotlin/Unit;' in 'androidx/compose/runtime/Recomposer$runRecomposeAndApplyChanges$2')}
  0x00007f78c5a4a744: ff49 ba48 | 68f7 9078 | 7f00 004c | 8954 2408 | 48c7 0424 | 2c03 0000 

  0x00007f78c5a4a75c: ;   {runtime_call C1 Runtime counter_overflow_blob}
  0x00007f78c5a4a75c: e8ff c3b3 

  0x00007f78c5a4a760: ; ImmutableOopMap {[216]=Oop [224]=Oop [232]=Oop [240]=Oop [248]=Oop [256]=Oop [640]=Oop [648]=Oop [656]=Oop }
                      ;*ifeq {reexecute=1 rethrow=0 return_oop=0}
                      ; - (reexecute) androidx.compose.runtime.Recomposer$runRecomposeAndApplyChanges$2::invokeSuspend$lambda$2@812 (line 703)
  0x00007f78c5a4a760: 06e9 eea9 

  0x00007f78c5a4a764: ;   {metadata({method} {0x00007f7890e281a0} 'access$performInsertValues' '(Landroidx/compose/runtime/Recomposer;Ljava/util/List;Landroidx/collection/MutableScatterSet;)Ljava/util/List;' in 'androidx/compose/runtime/Recomposer')}
  0x00007f78c5a4a764: ffff 49ba | a081 e290 | 787f 0000 | 4c89 5424 | 0848 c704 | 24ff ffff 

  0x00007f78c5a4a77c: ;   {runtime_call C1 Runtime counter_overflow_blob}
  0x00007f78c5a4a77c: ffe8 dec3 

  0x00007f78c5a4a780: ; ImmutableOopMap {[216]=Oop [224]=Oop [232]=Oop [240]=Oop [248]=Oop [256]=Oop [640]=Oop [648]=Oop [656]=Oop }
                      ;*synchronization entry
                      ; - androidx.compose.runtime.Recomposer::access$performInsertValues@-1
                      ; - androidx.compose.runtime.Recomposer$runRecomposeAndApplyChanges$2::invokeSuspend$lambda$2@821 (line 704)
  0x00007f78c5a4a780: b306 e937 | aaff ff48 

  0x00007f78c5a4a788: ;   {runtime_call C1 Runtime throw_class_cast_exception_blob}
  0x00007f78c5a4a788: 8904 24e8 

  0x00007f78c5a4a78c: ; ImmutableOopMap {[216]=Oop [224]=Oop [232]=Oop [240]=Oop [248]=Oop [256]=Oop [640]=Oop [648]=Oop [656]=Oop }
                      ;*checkcast {reexecute=0 rethrow=0 return_oop=0}
                      ; - androidx.compose.runtime.Recomposer$runRecomposeAndApplyChanges$2::invokeSuspend$lambda$2@824 (line 704)
  0x00007f78c5a4a78c: 508c b306 

  0x00007f78c5a4a790: ;   {runtime_call C1 Runtime throw_null_pointer_exception_blob}
  0x00007f78c5a4a790: e84b 64b3 

  0x00007f78c5a4a794: ; ImmutableOopMap {rdx=Oop rdi=Oop [216]=Oop [224]=Oop [232]=Oop [240]=Oop [248]=Oop [256]=Oop [640]=Oop [648]=Oop [656]=Oop }
                      ;*invokevirtual plusAssign {reexecute=0 rethrow=0 return_oop=0}
                      ; - androidx.compose.runtime.Recomposer$runRecomposeAndApplyChanges$2::invokeSuspend$lambda$2@827 (line 704)
                      ;   {metadata({method} {0x00007f7890f76848} 'invokeSuspend$lambda$2' '(Landroidx/compose/runtime/Recomposer;Landroidx/collection/MutableScatterSet;Landroidx/collection/MutableScatterSet;Ljava/util/List;Ljava/util/List;Landroidx/collection/MutableScatterSet;Ljava/util/List;Landroidx/collection/MutableScatterSet;Ljava/util/Set;J)Lkotlin/Unit;' in 'androidx/compose/runtime/Recomposer$runRecomposeAndApplyChanges$2')}
  0x00007f78c5a4a794: 0649 ba48 | 68f7 9078 | 7f00 004c | 8954 2408 | 48c7 0424 | 4403 0000 

  0x00007f78c5a4a7ac: ;   {runtime_call C1 Runtime counter_overflow_blob}
  0x00007f78c5a4a7ac: e8af c3b3 

  0x00007f78c5a4a7b0: ; ImmutableOopMap {[216]=Oop [224]=Oop [232]=Oop [240]=Oop [248]=Oop [256]=Oop [640]=Oop [648]=Oop [656]=Oop }
                      ;*goto {reexecute=1 rethrow=0 return_oop=0}
                      ; - (reexecute) androidx.compose.runtime.Recomposer$runRecomposeAndApplyChanges$2::invokeSuspend$lambda$2@836 (line 705)
  0x00007f78c5a4a7b0: 06e9 15ac | ffff 4c89 

  0x00007f78c5a4a7b8: ;   {runtime_call C1 Runtime throw_class_cast_exception_blob}
  0x00007f78c5a4a7b8: 0c24 e821 

  0x00007f78c5a4a7bc: ; ImmutableOopMap {r9=Oop [216]=Oop [224]=Oop [232]=Oop [240]=Oop [248]=Oop [256]=Oop [640]=Oop [648]=Oop [656]=Oop }
                      ;*checkcast {reexecute=0 rethrow=0 return_oop=0}
                      ; - androidx.compose.runtime.Recomposer$runRecomposeAndApplyChanges$2::invokeSuspend$lambda$2@796 (line 703)
                      ;   {runtime_call C1 Runtime throw_null_pointer_exception_blob}
  0x00007f78c5a4a7bc: 8cb3 06e8 

  0x00007f78c5a4a7c0: ; ImmutableOopMap {r9=Oop rbx=Oop [216]=Oop [224]=Oop [232]=Oop [240]=Oop [248]=Oop [256]=Oop [640]=Oop [648]=Oop [656]=Oop }
                      ;*invokeinterface isEmpty {reexecute=0 rethrow=0 return_oop=0}
                      ; - androidx.compose.runtime.Recomposer$runRecomposeAndApplyChanges$2::invokeSuspend$lambda$2@799 (line 703)
  0x00007f78c5a4a7c0: 1c64 b306 

  0x00007f78c5a4a7c4: ;   {metadata({method} {0x00007f789051ba30} 'throwParameterIsNullNPE' '(Ljava/lang/String;)V' in 'kotlin/jvm/internal/Intrinsics')}
  0x00007f78c5a4a7c4: 49ba 30ba | 5190 787f | 0000 4c89 | 5424 0848 | c704 24ff 

  0x00007f78c5a4a7d8: ;   {runtime_call C1 Runtime counter_overflow_blob}
  0x00007f78c5a4a7d8: ffff ffe8 

  0x00007f78c5a4a7dc: ; ImmutableOopMap {[216]=Oop [224]=Oop [232]=Oop [240]=Oop [248]=Oop [256]=Oop [312]=Oop [360]=Oop [384]=Oop [600]=Oop [640]=Oop [648]=Oop [656]=Oop }
                      ;*synchronization entry
                      ; - kotlin.jvm.internal.Intrinsics::throwParameterIsNullNPE@-1 (line 140)
                      ; - kotlin.jvm.internal.Intrinsics::checkNotNullParameter@5 (line 131)
                      ; - kotlin.collections.ArraysKt___ArraysJvmKt::fill@3
                      ; - androidx.compose.runtime.Recomposer$runRecomposeAndApplyChanges$2::invokeSuspend$lambda$2@740 (line 1983)
  0x00007f78c5a4a7dc: 80c3 b306 | e9e7 adff 

  0x00007f78c5a4a7e4: ;   {metadata(nullptr)}
  0x00007f78c5a4a7e4: ff48 ba00 | 0000 0000 | 0000 00b8 | 000f 050a 

  0x00007f78c5a4a7f4: ;   {runtime_call C1 Runtime load_klass_patching_blob}
  0x00007f78c5a4a7f4: e867 aeb3 

  0x00007f78c5a4a7f8: ; ImmutableOopMap {[216]=Oop [224]=Oop [232]=Oop [240]=Oop [248]=Oop [256]=Oop [312]=Oop [360]=Oop [384]=Oop [600]=Oop [640]=Oop [648]=Oop [656]=Oop }
                      ;*new {reexecute=1 rethrow=0 return_oop=0}
                      ; - (reexecute) kotlin.jvm.internal.Intrinsics::throwParameterIsNullNPE@0 (line 140)
                      ; - kotlin.jvm.internal.Intrinsics::checkNotNullParameter@5 (line 131)
                      ; - kotlin.collections.ArraysKt___ArraysJvmKt::fill@3
                      ; - androidx.compose.runtime.Recomposer$runRecomposeAndApplyChanges$2::invokeSuspend$lambda$2@740 (line 1983)
  0x00007f78c5a4a7f8: 06e9 d2ad | ffff 488b 

  0x00007f78c5a4a800: ;   {runtime_call C1 Runtime fast_new_instance_blob}
  0x00007f78c5a4a800: d2e8 da6d 

  0x00007f78c5a4a804: ; ImmutableOopMap {[216]=Oop [224]=Oop [232]=Oop [240]=Oop [248]=Oop [256]=Oop [312]=Oop [360]=Oop [384]=Oop [600]=Oop [640]=Oop [648]=Oop [656]=Oop }
                      ;*new {reexecute=0 rethrow=0 return_oop=0}
                      ; - kotlin.jvm.internal.Intrinsics::throwParameterIsNullNPE@0 (line 140)
                      ; - kotlin.jvm.internal.Intrinsics::checkNotNullParameter@5 (line 131)
                      ; - kotlin.collections.ArraysKt___ArraysJvmKt::fill@3
                      ; - androidx.compose.runtime.Recomposer$runRecomposeAndApplyChanges$2::invokeSuspend$lambda$2@740 (line 1983)
  0x00007f78c5a4a804: b306 e914 

  0x00007f78c5a4a808: ;   {metadata({method} {0x00007f789051cc70} 'sanitizeStackTrace' '(Ljava/lang/Throwable;)Ljava/lang/Throwable;' in 'kotlin/jvm/internal/Intrinsics')}
  0x00007f78c5a4a808: aeff ff49 | ba70 cc51 | 9078 7f00 | 004c 8954 | 2408 48c7 | 0424 ffff 

  0x00007f78c5a4a820: ;   {runtime_call C1 Runtime counter_overflow_blob}
  0x00007f78c5a4a820: ffff e839 

  0x00007f78c5a4a824: ; ImmutableOopMap {[216]=Oop [224]=Oop [232]=Oop [240]=Oop [248]=Oop [256]=Oop [312]=Oop [360]=Oop [376]=Oop [384]=Oop [600]=Oop [640]=Oop [648]=Oop [656]=Oop }
                      ;*synchronization entry
                      ; - kotlin.jvm.internal.Intrinsics::sanitizeStackTrace@-1 (line 253)
                      ; - kotlin.jvm.internal.Intrinsics::throwParameterIsNullNPE@11 (line 140)
                      ; - kotlin.jvm.internal.Intrinsics::checkNotNullParameter@5 (line 131)
                      ; - kotlin.collections.ArraysKt___ArraysJvmKt::fill@3
                      ; - androidx.compose.runtime.Recomposer$runRecomposeAndApplyChanges$2::invokeSuspend$lambda$2@740 (line 1983)
  0x00007f78c5a4a824: c3b3 06e9 | 99ae ffff 

  0x00007f78c5a4a82c: ;   {metadata({method} {0x00007f78900180d8} 'getName' '()Ljava/lang/String;' in 'java/lang/Class')}
  0x00007f78c5a4a82c: 49ba d880 | 0190 787f | 0000 4c89 | 5424 0848 | c704 24ff 

  0x00007f78c5a4a840: ;   {runtime_call C1 Runtime counter_overflow_blob}
  0x00007f78c5a4a840: ffff ffe8 

  0x00007f78c5a4a844: ; ImmutableOopMap {rsi=Oop [216]=Oop [224]=Oop [232]=Oop [240]=Oop [248]=Oop [256]=Oop [312]=Oop [360]=Oop [376]=Oop [384]=Oop [600]=Oop [640]=Oop [648]=Oop [656]=Oop }
                      ;*synchronization entry
                      ; - java.lang.Class::getName@-1
                      ; - kotlin.jvm.internal.Intrinsics::sanitizeStackTrace@3 (line 253)
                      ; - kotlin.jvm.internal.Intrinsics::throwParameterIsNullNPE@11 (line 140)
                      ; - kotlin.jvm.internal.Intrinsics::checkNotNullParameter@5 (line 131)
                      ; - kotlin.collections.ArraysKt___ArraysJvmKt::fill@3
                      ; - androidx.compose.runtime.Recomposer$runRecomposeAndApplyChanges$2::invokeSuspend$lambda$2@740 (line 1983)
  0x00007f78c5a4a844: 18c3 b306 | e92f afff 

  0x00007f78c5a4a84c: ;   {metadata({method} {0x00007f7890cec178} 'getCurrent' '()Landroidx/compose/runtime/snapshots/Snapshot;' in 'androidx/compose/runtime/snapshots/Snapshot$Companion')}
  0x00007f78c5a4a84c: ff49 ba78 | c1ce 9078 | 7f00 004c | 8954 2408 | 48c7 0424 | ffff ffff 

  0x00007f78c5a4a864: ;   {runtime_call C1 Runtime counter_overflow_blob}
  0x00007f78c5a4a864: e8f7 c2b3 

  0x00007f78c5a4a868: ; ImmutableOopMap {[216]=Oop [224]=Oop [232]=Oop [240]=Oop [248]=Oop [256]=Oop [640]=Oop [648]=Oop }
                      ;*synchronization entry
                      ; - androidx.compose.runtime.snapshots.Snapshot$Companion::getCurrent@-1 (line 294)
                      ; - androidx.compose.runtime.Recomposer$runRecomposeAndApplyChanges$2::invokeSuspend$lambda$2@891 (line 1986)
  0x00007f78c5a4a868: 06e9 4ab0 

  0x00007f78c5a4a86c: ;   {metadata({method} {0x00007f7890cf2050} 'currentSnapshot' '()Landroidx/compose/runtime/snapshots/Snapshot;' in 'androidx/compose/runtime/snapshots/SnapshotKt')}
  0x00007f78c5a4a86c: ffff 49ba | 5020 cf90 | 787f 0000 | 4c89 5424 | 0848 c704 | 24ff ffff 

  0x00007f78c5a4a884: ;   {runtime_call C1 Runtime counter_overflow_blob}
  0x00007f78c5a4a884: ffe8 d6c2 

  0x00007f78c5a4a888: ; ImmutableOopMap {[216]=Oop [224]=Oop [232]=Oop [240]=Oop [248]=Oop [256]=Oop [640]=Oop [648]=Oop }
                      ;*synchronization entry
                      ; - androidx.compose.runtime.snapshots.SnapshotKt::currentSnapshot@-1 (line 1284)
                      ; - androidx.compose.runtime.snapshots.Snapshot$Companion::getCurrent@0 (line 294)
                      ; - androidx.compose.runtime.Recomposer$runRecomposeAndApplyChanges$2::invokeSuspend$lambda$2@891 (line 1986)
  0x00007f78c5a4a888: b306 e962 | b0ff ff48 

  0x00007f78c5a4a890: ;   {runtime_call C1 Runtime throw_class_cast_exception_blob}
  0x00007f78c5a4a890: 8904 24e8 

  0x00007f78c5a4a894: ; ImmutableOopMap {[216]=Oop [224]=Oop [232]=Oop [240]=Oop [248]=Oop [256]=Oop [640]=Oop [648]=Oop }
                      ;*checkcast {reexecute=0 rethrow=0 return_oop=0}
                      ; - androidx.compose.runtime.snapshots.SnapshotKt::currentSnapshot@6 (line 1284)
                      ; - androidx.compose.runtime.snapshots.Snapshot$Companion::getCurrent@0 (line 294)
                      ; - androidx.compose.runtime.Recomposer$runRecomposeAndApplyChanges$2::invokeSuspend$lambda$2@891 (line 1986)
  0x00007f78c5a4a894: 488b b306 

  0x00007f78c5a4a898: ;   {runtime_call C1 Runtime fast_new_instance_blob}
  0x00007f78c5a4a898: 488b d2e8 

  0x00007f78c5a4a89c: ; ImmutableOopMap {rbx=Oop [216]=Oop [224]=Oop [232]=Oop [240]=Oop [248]=Oop [256]=Oop [640]=Oop [648]=Oop }
                      ;*new {reexecute=0 rethrow=0 return_oop=0}
                      ; - androidx.compose.runtime.Recomposer$runRecomposeAndApplyChanges$2::invokeSuspend$lambda$2@904 (line 1990)
  0x00007f78c5a4a89c: 406d b306 | e911 b3ff | ff48 891c 

  0x00007f78c5a4a8a8: ;   {runtime_call C1 Runtime throw_class_cast_exception_blob}
  0x00007f78c5a4a8a8: 24e8 328b 

  0x00007f78c5a4a8ac: ; ImmutableOopMap {rax=Oop [216]=Oop [224]=Oop [232]=Oop [240]=Oop [248]=Oop [256]=Oop [640]=Oop [648]=Oop }
                      ;*checkcast {reexecute=0 rethrow=0 return_oop=0}
                      ; - androidx.compose.runtime.Recomposer$runRecomposeAndApplyChanges$2::invokeSuspend$lambda$2@910 (line 1991)
                      ;   {metadata(nullptr)}
  0x00007f78c5a4a8ac: b306 48ba | 0000 0000 | 0000 0000 | b800 0f05 

  0x00007f78c5a4a8bc: ;   {runtime_call C1 Runtime load_klass_patching_blob}
  0x00007f78c5a4a8bc: 0ae8 9ead 

  0x00007f78c5a4a8c0: ; ImmutableOopMap {rbx=Oop [216]=Oop [224]=Oop [232]=Oop [240]=Oop [248]=Oop [256]=Oop [640]=Oop [648]=Oop }
                      ;*new {reexecute=1 rethrow=0 return_oop=0}
                      ; - (reexecute) androidx.compose.runtime.Recomposer$runRecomposeAndApplyChanges$2::invokeSuspend$lambda$2@926 (line 1998)
  0x00007f78c5a4a8c0: b306 e919 

  0x00007f78c5a4a8c4: ;   {runtime_call C1 Runtime throw_null_pointer_exception_blob}
  0x00007f78c5a4a8c4: b4ff ffe8 

  0x00007f78c5a4a8c8: ; ImmutableOopMap {rbx=Oop [216]=Oop [224]=Oop [232]=Oop [240]=Oop [248]=Oop [256]=Oop [640]=Oop [648]=Oop }
                      ;*new {reexecute=0 rethrow=0 return_oop=0}
                      ; - androidx.compose.runtime.Recomposer$runRecomposeAndApplyChanges$2::invokeSuspend$lambda$2@926 (line 1998)
  0x00007f78c5a4a8c8: 1463 b306 

  0x00007f78c5a4a8cc: ;   {runtime_call C1 Runtime fast_new_instance_init_check_blob}
  0x00007f78c5a4a8cc: 488b d2e8 

  0x00007f78c5a4a8d0: ; ImmutableOopMap {rbx=Oop [216]=Oop [224]=Oop [232]=Oop [240]=Oop [248]=Oop [256]=Oop [640]=Oop [648]=Oop }
                      ;*new {reexecute=0 rethrow=0 return_oop=0}
                      ; - androidx.compose.runtime.Recomposer$runRecomposeAndApplyChanges$2::invokeSuspend$lambda$2@926 (line 1998)
  0x00007f78c5a4a8d0: 8c70 b306 | e962 b4ff 

  0x00007f78c5a4a8d8: ;   {runtime_call C1 Runtime throw_null_pointer_exception_blob}
  0x00007f78c5a4a8d8: ffe8 0263 

  0x00007f78c5a4a8dc: ; ImmutableOopMap {rax=Oop [216]=Oop [224]=Oop [232]=Oop [240]=Oop [248]=Oop [256]=Oop [640]=Oop [648]=Oop }
                      ;*invokevirtual makeCurrent {reexecute=0 rethrow=0 return_oop=0}
                      ; - androidx.compose.runtime.Recomposer$runRecomposeAndApplyChanges$2::invokeSuspend$lambda$2@953 (line 2007)
                      ;   {metadata({method} {0x00007f7890ce9ae0} 'makeCurrent' '()Landroidx/compose/runtime/snapshots/Snapshot;' in 'androidx/compose/runtime/snapshots/Snapshot')}
  0x00007f78c5a4a8dc: b306 49ba | e09a ce90 | 787f 0000 | 4c89 5424 | 0848 c704 | 24ff ffff 

  0x00007f78c5a4a8f4: ;   {runtime_call C1 Runtime counter_overflow_blob}
  0x00007f78c5a4a8f4: ffe8 66c2 

  0x00007f78c5a4a8f8: ; ImmutableOopMap {rax=Oop [216]=Oop [224]=Oop [232]=Oop [240]=Oop [248]=Oop [256]=Oop [640]=Oop [648]=Oop }
                      ;*synchronization entry
                      ; - androidx.compose.runtime.snapshots.Snapshot::makeCurrent@-1 (line 160)
                      ; - androidx.compose.runtime.Recomposer$runRecomposeAndApplyChanges$2::invokeSuspend$lambda$2@953 (line 2007)
  0x00007f78c5a4a8f8: b306 e93d 

  0x00007f78c5a4a8fc: ;   {metadata({method} {0x00007f7890cf70b0} 'access$getThreadSnapshot$p' '()Landroidx/compose/runtime/internal/SnapshotThreadLocal;' in 'androidx/compose/runtime/snapshots/SnapshotKt')}
  0x00007f78c5a4a8fc: b5ff ff49 | bab0 70cf | 9078 7f00 | 004c 8954 | 2408 48c7 | 0424 ffff 

  0x00007f78c5a4a914: ;   {runtime_call C1 Runtime counter_overflow_blob}
  0x00007f78c5a4a914: ffff e845 

  0x00007f78c5a4a918: ; ImmutableOopMap {rax=Oop [216]=Oop [224]=Oop [232]=Oop [240]=Oop [248]=Oop [256]=Oop [640]=Oop [648]=Oop }
                      ;*synchronization entry
                      ; - androidx.compose.runtime.snapshots.SnapshotKt::access$getThreadSnapshot$p@-1 (line 1)
                      ; - androidx.compose.runtime.snapshots.Snapshot::makeCurrent@0 (line 160)
                      ; - androidx.compose.runtime.Recomposer$runRecomposeAndApplyChanges$2::invokeSuspend$lambda$2@953 (line 2007)
  0x00007f78c5a4a918: c2b3 06e9 | 55b5 ffff | 4889 0424 

  0x00007f78c5a4a924: ;   {runtime_call C1 Runtime throw_class_cast_exception_blob}
  0x00007f78c5a4a924: e8b7 8ab3 

  0x00007f78c5a4a928: ; ImmutableOopMap {[216]=Oop [224]=Oop [232]=Oop [240]=Oop [248]=Oop [256]=Oop [408]=Oop [416]=Oop [640]=Oop [648]=Oop }
                      ;*checkcast {reexecute=0 rethrow=0 return_oop=0}
                      ; - androidx.compose.runtime.snapshots.Snapshot::makeCurrent@6 (line 160)
                      ; - androidx.compose.runtime.Recomposer$runRecomposeAndApplyChanges$2::invokeSuspend$lambda$2@953 (line 2007)
                      ;   {metadata({method} {0x00007f7890cf70b0} 'access$getThreadSnapshot$p' '()Landroidx/compose/runtime/internal/SnapshotThreadLocal;' in 'androidx/compose/runtime/snapshots/SnapshotKt')}
  0x00007f78c5a4a928: 0649 bab0 | 70cf 9078 | 7f00 004c | 8954 2408 | 48c7 0424 | ffff ffff 

  0x00007f78c5a4a940: ;   {runtime_call C1 Runtime counter_overflow_blob}
  0x00007f78c5a4a940: e81b c2b3 

  0x00007f78c5a4a944: ; ImmutableOopMap {rdi=Oop [216]=Oop [224]=Oop [232]=Oop [240]=Oop [248]=Oop [256]=Oop [408]=Oop [416]=Oop [640]=Oop [648]=Oop }
                      ;*synchronization entry
                      ; - androidx.compose.runtime.snapshots.SnapshotKt::access$getThreadSnapshot$p@-1 (line 1)
                      ; - androidx.compose.runtime.snapshots.Snapshot::makeCurrent@10 (line 161)
                      ; - androidx.compose.runtime.Recomposer$runRecomposeAndApplyChanges$2::invokeSuspend$lambda$2@953 (line 2007)
  0x00007f78c5a4a944: 06e9 ceb6 | ffff 4889 

  0x00007f78c5a4a94c: ;   {runtime_call C1 Runtime throw_class_cast_exception_blob}
  0x00007f78c5a4a94c: 3c24 e88d 

  0x00007f78c5a4a950: ; ImmutableOopMap {rdi=Oop [216]=Oop [224]=Oop [232]=Oop [240]=Oop [248]=Oop [256]=Oop [416]=Oop [424]=Oop [640]=Oop [648]=Oop }
                      ;*checkcast {reexecute=0 rethrow=0 return_oop=0}
                      ; - androidx.compose.runtime.Recomposer$runRecomposeAndApplyChanges$2::invokeSuspend$lambda$2@964 (line 720)
                      ;   {runtime_call C1 Runtime throw_null_pointer_exception_blob}
  0x00007f78c5a4a950: 8ab3 06e8 

  0x00007f78c5a4a954: ; ImmutableOopMap {rdi=Oop rsi=Oop [216]=Oop [224]=Oop [232]=Oop [240]=Oop [248]=Oop [256]=Oop [416]=Oop [424]=Oop [640]=Oop [648]=Oop }
                      ;*invokeinterface isEmpty {reexecute=0 rethrow=0 return_oop=0}
                      ; - androidx.compose.runtime.Recomposer$runRecomposeAndApplyChanges$2::invokeSuspend$lambda$2@967 (line 720)
  0x00007f78c5a4a954: 8862 b306 | 4889 3c24 

  0x00007f78c5a4a95c: ;   {runtime_call C1 Runtime throw_class_cast_exception_blob}
  0x00007f78c5a4a95c: e87f 8ab3 

  0x00007f78c5a4a960: ; ImmutableOopMap {rdi=Oop [216]=Oop [224]=Oop [232]=Oop [240]=Oop [248]=Oop [256]=Oop [416]=Oop [424]=Oop [640]=Oop [648]=Oop }
                      ;*checkcast {reexecute=0 rethrow=0 return_oop=0}
                      ; - androidx.compose.runtime.Recomposer$runRecomposeAndApplyChanges$2::invokeSuspend$lambda$2@1010 (line 2010)
                      ;   {runtime_call C1 Runtime throw_null_pointer_exception_blob}
  0x00007f78c5a4a960: 06e8 7a62 

  0x00007f78c5a4a964: ; ImmutableOopMap {rdi=Oop rbx=Oop [216]=Oop [224]=Oop [232]=Oop [240]=Oop [248]=Oop [256]=Oop [416]=Oop [424]=Oop [640]=Oop [648]=Oop }
                      ;*invokeinterface size {reexecute=0 rethrow=0 return_oop=0}
                      ; - androidx.compose.runtime.Recomposer$runRecomposeAndApplyChanges$2::invokeSuspend$lambda$2@1013 (line 2010)
                      ;   {runtime_call C1 Runtime throw_null_pointer_exception_blob}
  0x00007f78c5a4a964: b306 e875 

  0x00007f78c5a4a968: ; ImmutableOopMap {rbx=Oop [216]=Oop [224]=Oop [232]=Oop [240]=Oop [248]=Oop [256]=Oop [416]=Oop [424]=Oop [640]=Oop [648]=Oop }
                      ;*invokeinterface get {reexecute=0 rethrow=0 return_oop=0}
                      ; - androidx.compose.runtime.Recomposer$runRecomposeAndApplyChanges$2::invokeSuspend$lambda$2@1031 (line 2011)
  0x00007f78c5a4a968: 62b3 0648 

  0x00007f78c5a4a96c: ;   {runtime_call C1 Runtime throw_class_cast_exception_blob}
  0x00007f78c5a4a96c: 8904 24e8 

  0x00007f78c5a4a970: ; ImmutableOopMap {[216]=Oop [224]=Oop [232]=Oop [240]=Oop [248]=Oop [256]=Oop [416]=Oop [424]=Oop [640]=Oop [648]=Oop }
                      ;*checkcast {reexecute=0 rethrow=0 return_oop=0}
                      ; - androidx.compose.runtime.Recomposer$runRecomposeAndApplyChanges$2::invokeSuspend$lambda$2@1040 (line 2012)
  0x00007f78c5a4a970: 6c8a b306 

  0x00007f78c5a4a974: ;   {runtime_call C1 Runtime throw_null_pointer_exception_blob}
  0x00007f78c5a4a974: e867 62b3 

  0x00007f78c5a4a978: ; ImmutableOopMap {rdx=Oop rdi=Oop [216]=Oop [224]=Oop [232]=Oop [240]=Oop [248]=Oop [256]=Oop [416]=Oop [424]=Oop [640]=Oop [648]=Oop }
                      ;*invokevirtual add {reexecute=0 rethrow=0 return_oop=0}
                      ; - androidx.compose.runtime.Recomposer$runRecomposeAndApplyChanges$2::invokeSuspend$lambda$2@1052 (line 730)
                      ;   {metadata({method} {0x00007f7890f76848} 'invokeSuspend$lambda$2' '(Landroidx/compose/runtime/Recomposer;Landroidx/collection/MutableScatterSet;Landroidx/collection/MutableScatterSet;Ljava/util/List;Ljava/util/List;Landroidx/collection/MutableScatterSet;Ljava/util/List;Landroidx/collection/MutableScatterSet;Ljava/util/Set;J)Lkotlin/Unit;' in 'androidx/compose/runtime/Recomposer$runRecomposeAndApplyChanges$2')}
  0x00007f78c5a4a978: 0649 ba48 | 68f7 9078 | 7f00 004c | 8954 2408 | 48c7 0424 | 2504 0000 

  0x00007f78c5a4a990: ;   {runtime_call C1 Runtime counter_overflow_blob}
  0x00007f78c5a4a990: e8cb c1b3 

  0x00007f78c5a4a994: ; ImmutableOopMap {[216]=Oop [224]=Oop [232]=Oop [240]=Oop [248]=Oop [256]=Oop [416]=Oop [424]=Oop [640]=Oop [648]=Oop }
                      ;*goto {reexecute=1 rethrow=0 return_oop=0}
                      ; - (reexecute) androidx.compose.runtime.Recomposer$runRecomposeAndApplyChanges$2::invokeSuspend$lambda$2@1061 (line 2010)
  0x00007f78c5a4a994: 06e9 b2bd | ffff 4889 

  0x00007f78c5a4a99c: ;   {runtime_call C1 Runtime throw_class_cast_exception_blob}
  0x00007f78c5a4a99c: 3c24 e83d 

  0x00007f78c5a4a9a0: ; ImmutableOopMap {rdi=Oop [216]=Oop [224]=Oop [232]=Oop [240]=Oop [248]=Oop [256]=Oop [416]=Oop [424]=Oop [640]=Oop [648]=Oop }
                      ;*checkcast {reexecute=0 rethrow=0 return_oop=0}
                      ; - androidx.compose.runtime.Recomposer$runRecomposeAndApplyChanges$2::invokeSuspend$lambda$2@1077 (line 2015)
                      ;   {runtime_call C1 Runtime throw_null_pointer_exception_blob}
  0x00007f78c5a4a9a0: 8ab3 06e8 

  0x00007f78c5a4a9a4: ; ImmutableOopMap {rdi=Oop rsi=Oop [216]=Oop [224]=Oop [232]=Oop [240]=Oop [248]=Oop [256]=Oop [416]=Oop [424]=Oop [640]=Oop [648]=Oop }
                      ;*invokeinterface size {reexecute=0 rethrow=0 return_oop=0}
                      ; - androidx.compose.runtime.Recomposer$runRecomposeAndApplyChanges$2::invokeSuspend$lambda$2@1080 (line 2015)
  0x00007f78c5a4a9a4: 3862 b306 

  0x00007f78c5a4a9a8: ;   {runtime_call C1 Runtime throw_null_pointer_exception_blob}
  0x00007f78c5a4a9a8: e833 62b3 

  0x00007f78c5a4a9ac: ; ImmutableOopMap {rbx=Oop [216]=Oop [224]=Oop [232]=Oop [240]=Oop [248]=Oop [256]=Oop [416]=Oop [424]=Oop [640]=Oop [648]=Oop }
                      ;*invokeinterface get {reexecute=0 rethrow=0 return_oop=0}
                      ; - androidx.compose.runtime.Recomposer$runRecomposeAndApplyChanges$2::invokeSuspend$lambda$2@1098 (line 2016)
  0x00007f78c5a4a9ac: 0648 8904 

  0x00007f78c5a4a9b0: ;   {runtime_call C1 Runtime throw_class_cast_exception_blob}
  0x00007f78c5a4a9b0: 24e8 2a8a 

  0x00007f78c5a4a9b4: ; ImmutableOopMap {[216]=Oop [224]=Oop [232]=Oop [240]=Oop [248]=Oop [256]=Oop [416]=Oop [424]=Oop [640]=Oop [648]=Oop }
                      ;*checkcast {reexecute=0 rethrow=0 return_oop=0}
                      ; - androidx.compose.runtime.Recomposer$runRecomposeAndApplyChanges$2::invokeSuspend$lambda$2@1107 (line 2017)
                      ;   {runtime_call C1 Runtime throw_incompatible_class_change_error_blob}
  0x00007f78c5a4a9b4: b306 e825 

  0x00007f78c5a4a9b8: ; ImmutableOopMap {rsi=Oop [216]=Oop [224]=Oop [232]=Oop [240]=Oop [248]=Oop [256]=Oop [416]=Oop [424]=Oop [640]=Oop [648]=Oop }
                      ;*invokeinterface applyChanges {reexecute=0 rethrow=0 return_oop=0}
                      ; - androidx.compose.runtime.Recomposer$runRecomposeAndApplyChanges$2::invokeSuspend$lambda$2@1117 (line 733)
                      ;   {runtime_call C1 Runtime throw_null_pointer_exception_blob}
  0x00007f78c5a4a9b8: 8db3 06e8 

  0x00007f78c5a4a9bc: ; ImmutableOopMap {rsi=Oop [216]=Oop [224]=Oop [232]=Oop [240]=Oop [248]=Oop [256]=Oop [416]=Oop [424]=Oop [640]=Oop [648]=Oop }
                      ;*invokeinterface applyChanges {reexecute=0 rethrow=0 return_oop=0}
                      ; - androidx.compose.runtime.Recomposer$runRecomposeAndApplyChanges$2::invokeSuspend$lambda$2@1117 (line 733)
  0x00007f78c5a4a9bc: 2062 b306 

  0x00007f78c5a4a9c0: ;   {metadata({method} {0x00007f7890f76848} 'invokeSuspend$lambda$2' '(Landroidx/compose/runtime/Recomposer;Landroidx/collection/MutableScatterSet;Landroidx/collection/MutableScatterSet;Ljava/util/List;Ljava/util/List;Landroidx/collection/MutableScatterSet;Ljava/util/List;Landroidx/collection/MutableScatterSet;Ljava/util/Set;J)Lkotlin/Unit;' in 'androidx/compose/runtime/Recomposer$runRecomposeAndApplyChanges$2')}
  0x00007f78c5a4a9c0: 49ba 4868 | f790 787f | 0000 4c89 | 5424 0848 | c704 2467 

  0x00007f78c5a4a9d4: ;   {runtime_call C1 Runtime counter_overflow_blob}
  0x00007f78c5a4a9d4: 0400 00e8 

  0x00007f78c5a4a9d8: ; ImmutableOopMap {[216]=Oop [224]=Oop [232]=Oop [240]=Oop [248]=Oop [256]=Oop [416]=Oop [424]=Oop [640]=Oop [648]=Oop }
                      ;*goto {reexecute=1 rethrow=0 return_oop=0}
                      ; - (reexecute) androidx.compose.runtime.Recomposer$runRecomposeAndApplyChanges$2::invokeSuspend$lambda$2@1127 (line 2015)
  0x00007f78c5a4a9d8: 84c1 b306 | e953 c1ff 

  0x00007f78c5a4a9e0: ;   {runtime_call C1 Runtime throw_null_pointer_exception_blob}
  0x00007f78c5a4a9e0: ffe8 fa61 

  0x00007f78c5a4a9e4: ; ImmutableOopMap {rdi=Oop [216]=Oop [224]=Oop [232]=Oop [240]=Oop [248]=Oop [256]=Oop [416]=Oop [424]=Oop [640]=Oop [648]=Oop }
                      ;*invokeinterface clear {reexecute=0 rethrow=0 return_oop=0}
                      ; - androidx.compose.runtime.Recomposer$runRecomposeAndApplyChanges$2::invokeSuspend$lambda$2@1133 (line 740)
                      ;   {runtime_call C1 Runtime throw_null_pointer_exception_blob}
  0x00007f78c5a4a9e4: b306 e8f5 

  0x00007f78c5a4a9e8: ; ImmutableOopMap {rdi=Oop [216]=Oop [224]=Oop [232]=Oop [240]=Oop [248]=Oop [256]=Oop [416]=Oop [424]=Oop [640]=Oop [648]=Oop }
                      ;*invokevirtual isNotEmpty {reexecute=0 rethrow=0 return_oop=0}
                      ; - androidx.compose.runtime.Recomposer$runRecomposeAndApplyChanges$2::invokeSuspend$lambda$2@1230 (line 744)
                      ;   {metadata({method} {0x00007f7890e781e8} 'isNotEmpty' '()Z' in 'androidx/collection/ScatterSet')}
  0x00007f78c5a4a9e8: 61b3 0649 | bae8 81e7 | 9078 7f00 | 004c 8954 | 2408 48c7 | 0424 ffff 

  0x00007f78c5a4aa00: ;   {runtime_call C1 Runtime counter_overflow_blob}
  0x00007f78c5a4aa00: ffff e859 

  0x00007f78c5a4aa04: ; ImmutableOopMap {rdi=Oop [216]=Oop [224]=Oop [232]=Oop [240]=Oop [248]=Oop [256]=Oop [416]=Oop [424]=Oop [640]=Oop [648]=Oop }
                      ;*synchronization entry
                      ; - androidx.collection.ScatterSet::isNotEmpty@-1 (line 155)
                      ; - androidx.compose.runtime.Recomposer$runRecomposeAndApplyChanges$2::invokeSuspend$lambda$2@1230 (line 744)
  0x00007f78c5a4aa04: c1b3 06e9 | e8c2 ffff 

  0x00007f78c5a4aa0c: ;   {runtime_call C1 Runtime throw_null_pointer_exception_blob}
  0x00007f78c5a4aa0c: e8cf 61b3 

  0x00007f78c5a4aa10: ; ImmutableOopMap {rdi=Oop rbx=Oop [216]=Oop [224]=Oop [232]=Oop [240]=Oop [248]=Oop [256]=Oop [416]=Oop [424]=Oop [640]=Oop [648]=Oop }
                      ;*invokevirtual plusAssign {reexecute=0 rethrow=0 return_oop=0}
                      ; - androidx.compose.runtime.Recomposer$runRecomposeAndApplyChanges$2::invokeSuspend$lambda$2@1244 (line 746)
                      ;   {runtime_call C1 Runtime throw_null_pointer_exception_blob}
  0x00007f78c5a4aa10: 06e8 ca61 

  0x00007f78c5a4aa14: ; ImmutableOopMap {rdi=Oop rbx=Oop rax=Oop [216]=Oop [224]=Oop [232]=Oop [240]=Oop [248]=Oop [256]=Oop [416]=Oop [424]=Oop [456]=Oop [480]=Oop [640]=Oop [648]=Oop }
                      ;*arraylength {reexecute=0 rethrow=0 return_oop=0}
                      ; - androidx.compose.runtime.Recomposer$runRecomposeAndApplyChanges$2::invokeSuspend$lambda$2@1282 (line 2027)
  0x00007f78c5a4aa14: b306 4889 | 1424 4889 

  0x00007f78c5a4aa1c: ;   {runtime_call C1 Runtime throw_range_check_failed_blob}
  0x00007f78c5a4aa1c: 4424 08e8 

  0x00007f78c5a4aa20: ; ImmutableOopMap {rbx=Oop rax=Oop [216]=Oop [224]=Oop [232]=Oop [240]=Oop [248]=Oop [256]=Oop [416]=Oop [424]=Oop [456]=Oop [480]=Oop [640]=Oop [648]=Oop }
                      ;*laload {reexecute=0 rethrow=0 return_oop=0}
                      ; - androidx.compose.runtime.Recomposer$runRecomposeAndApplyChanges$2::invokeSuspend$lambda$2@1301 (line 2030)
  0x00007f78c5a4aa20: bc58 b306 

  0x00007f78c5a4aa24: ;   {runtime_call C1 Runtime throw_null_pointer_exception_blob}
  0x00007f78c5a4aa24: e8b7 61b3 

  0x00007f78c5a4aa28: ; ImmutableOopMap {rbx=Oop [216]=Oop [224]=Oop [232]=Oop [240]=Oop [248]=Oop [256]=Oop [416]=Oop [424]=Oop [456]=Oop [480]=Oop [640]=Oop [648]=Oop }
                      ;*aaload {reexecute=0 rethrow=0 return_oop=0}
                      ; - androidx.compose.runtime.Recomposer$runRecomposeAndApplyChanges$2::invokeSuspend$lambda$2@1407 (line 2024)
                      ;   {runtime_call C1 Runtime throw_null_pointer_exception_blob}
  0x00007f78c5a4aa28: 06e8 b261 

  0x00007f78c5a4aa2c: ; ImmutableOopMap {rbx=Oop [216]=Oop [224]=Oop [232]=Oop [240]=Oop [248]=Oop [256]=Oop [416]=Oop [424]=Oop [456]=Oop [480]=Oop [640]=Oop [648]=Oop }
                      ;*aaload {reexecute=0 rethrow=0 return_oop=0}
                      ; - androidx.compose.runtime.Recomposer$runRecomposeAndApplyChanges$2::invokeSuspend$lambda$2@1407 (line 2024)
  0x00007f78c5a4aa2c: b306 4889 | 3424 4889 

  0x00007f78c5a4aa34: ;   {runtime_call C1 Runtime throw_range_check_failed_blob}
  0x00007f78c5a4aa34: 5c24 08e8 

  0x00007f78c5a4aa38: ; ImmutableOopMap {rbx=Oop [216]=Oop [224]=Oop [232]=Oop [240]=Oop [248]=Oop [256]=Oop [416]=Oop [424]=Oop [456]=Oop [480]=Oop [640]=Oop [648]=Oop }
                      ;*aaload {reexecute=0 rethrow=0 return_oop=0}
                      ; - androidx.compose.runtime.Recomposer$runRecomposeAndApplyChanges$2::invokeSuspend$lambda$2@1407 (line 2024)
  0x00007f78c5a4aa38: a458 b306 | 4889 3424 

  0x00007f78c5a4aa40: ;   {runtime_call C1 Runtime throw_class_cast_exception_blob}
  0x00007f78c5a4aa40: e89b 89b3 

  0x00007f78c5a4aa44: ; ImmutableOopMap {rbx=Oop [216]=Oop [224]=Oop [232]=Oop [240]=Oop [248]=Oop [256]=Oop [416]=Oop [424]=Oop [456]=Oop [480]=Oop [640]=Oop [648]=Oop }
                      ;*checkcast {reexecute=0 rethrow=0 return_oop=0}
                      ; - androidx.compose.runtime.Recomposer$runRecomposeAndApplyChanges$2::invokeSuspend$lambda$2@1408 (line 2024)
                      ;   {runtime_call C1 Runtime throw_incompatible_class_change_error_blob}
  0x00007f78c5a4aa44: 06e8 968c 

  0x00007f78c5a4aa48: ; ImmutableOopMap {rsi=Oop [216]=Oop [224]=Oop [232]=Oop [240]=Oop [248]=Oop [256]=Oop [416]=Oop [424]=Oop [456]=Oop [480]=Oop [640]=Oop [648]=Oop }
                      ;*invokeinterface applyLateChanges {reexecute=0 rethrow=0 return_oop=0}
                      ; - androidx.compose.runtime.Recomposer$runRecomposeAndApplyChanges$2::invokeSuspend$lambda$2@1418 (line 748)
                      ;   {runtime_call C1 Runtime throw_null_pointer_exception_blob}
  0x00007f78c5a4aa48: b306 e891 

  0x00007f78c5a4aa4c: ; ImmutableOopMap {rsi=Oop [216]=Oop [224]=Oop [232]=Oop [240]=Oop [248]=Oop [256]=Oop [416]=Oop [424]=Oop [456]=Oop [480]=Oop [640]=Oop [648]=Oop }
                      ;*invokeinterface applyLateChanges {reexecute=0 rethrow=0 return_oop=0}
                      ; - androidx.compose.runtime.Recomposer$runRecomposeAndApplyChanges$2::invokeSuspend$lambda$2@1418 (line 748)
                      ;   {metadata({method} {0x00007f7890f76848} 'invokeSuspend$lambda$2' '(Landroidx/compose/runtime/Recomposer;Landroidx/collection/MutableScatterSet;Landroidx/collection/MutableScatterSet;Ljava/util/List;Ljava/util/List;Landroidx/collection/MutableScatterSet;Ljava/util/List;Landroidx/collection/MutableScatterSet;Ljava/util/Set;J)Lkotlin/Unit;' in 'androidx/compose/runtime/Recomposer$runRecomposeAndApplyChanges$2')}
  0x00007f78c5a4aa4c: 61b3 0649 | ba48 68f7 | 9078 7f00 | 004c 8954 | 2408 48c7 | 0424 9c05 

  0x00007f78c5a4aa64: ;   {runtime_call C1 Runtime counter_overflow_blob}
  0x00007f78c5a4aa64: 0000 e8f5 

  0x00007f78c5a4aa68: ; ImmutableOopMap {[216]=Oop [224]=Oop [232]=Oop [240]=Oop [248]=Oop [256]=Oop [416]=Oop [424]=Oop [456]=Oop [480]=Oop [640]=Oop [648]=Oop }
                      ;*goto {reexecute=1 rethrow=0 return_oop=0}
                      ; - (reexecute) androidx.compose.runtime.Recomposer$runRecomposeAndApplyChanges$2::invokeSuspend$lambda$2@1436 (line 2034)
  0x00007f78c5a4aa68: c0b3 06e9 | 0ec7 ffff 

  0x00007f78c5a4aa70: ;   {metadata({method} {0x00007f7890f76848} 'invokeSuspend$lambda$2' '(Landroidx/compose/runtime/Recomposer;Landroidx/collection/MutableScatterSet;Landroidx/collection/MutableScatterSet;Ljava/util/List;Ljava/util/List;Landroidx/collection/MutableScatterSet;Ljava/util/List;Landroidx/collection/MutableScatterSet;Ljava/util/Set;J)Lkotlin/Unit;' in 'androidx/compose/runtime/Recomposer$runRecomposeAndApplyChanges$2')}
  0x00007f78c5a4aa70: 49ba 4868 | f790 787f | 0000 4c89 | 5424 0848 | c704 24b0 

  0x00007f78c5a4aa84: ;   {runtime_call C1 Runtime counter_overflow_blob}
  0x00007f78c5a4aa84: 0500 00e8 

  0x00007f78c5a4aa88: ; ImmutableOopMap {[216]=Oop [224]=Oop [232]=Oop [240]=Oop [248]=Oop [256]=Oop [416]=Oop [424]=Oop [456]=Oop [480]=Oop [640]=Oop [648]=Oop }
                      ;*goto {reexecute=1 rethrow=0 return_oop=0}
                      ; - (reexecute) androidx.compose.runtime.Recomposer$runRecomposeAndApplyChanges$2::invokeSuspend$lambda$2@1456 (line 2029)
  0x00007f78c5a4aa88: d4c0 b306 | e9b0 c7ff 

  0x00007f78c5a4aa90: ;   {runtime_call C1 Runtime throw_null_pointer_exception_blob}
  0x00007f78c5a4aa90: ffe8 4a61 

  0x00007f78c5a4aa94: ; ImmutableOopMap {rdi=Oop [216]=Oop [224]=Oop [232]=Oop [240]=Oop [248]=Oop [256]=Oop [416]=Oop [424]=Oop [640]=Oop [648]=Oop }
                      ;*invokevirtual isNotEmpty {reexecute=0 rethrow=0 return_oop=0}
                      ; - androidx.compose.runtime.Recomposer$runRecomposeAndApplyChanges$2::invokeSuspend$lambda$2@1554 (line 759)
                      ;   {metadata({method} {0x00007f7890e781e8} 'isNotEmpty' '()Z' in 'androidx/collection/ScatterSet')}
  0x00007f78c5a4aa94: b306 49ba | e881 e790 | 787f 0000 | 4c89 5424 | 0848 c704 | 24ff ffff 

  0x00007f78c5a4aaac: ;   {runtime_call C1 Runtime counter_overflow_blob}
  0x00007f78c5a4aaac: ffe8 aec0 

  0x00007f78c5a4aab0: ; ImmutableOopMap {rdi=Oop [216]=Oop [224]=Oop [232]=Oop [240]=Oop [248]=Oop [256]=Oop [416]=Oop [424]=Oop [640]=Oop [648]=Oop }
                      ;*synchronization entry
                      ; - androidx.collection.ScatterSet::isNotEmpty@-1 (line 155)
                      ; - androidx.compose.runtime.Recomposer$runRecomposeAndApplyChanges$2::invokeSuspend$lambda$2@1554 (line 759)
  0x00007f78c5a4aab0: b306 e925 

  0x00007f78c5a4aab4: ;   {runtime_call C1 Runtime throw_null_pointer_exception_blob}
  0x00007f78c5a4aab4: c9ff ffe8 

  0x00007f78c5a4aab8: ; ImmutableOopMap {rdi=Oop rbx=Oop rax=Oop [216]=Oop [224]=Oop [232]=Oop [240]=Oop [248]=Oop [256]=Oop [416]=Oop [424]=Oop [496]=Oop [520]=Oop [640]=Oop [648]=Oop }
                      ;*arraylength {reexecute=0 rethrow=0 return_oop=0}
                      ; - androidx.compose.runtime.Recomposer$runRecomposeAndApplyChanges$2::invokeSuspend$lambda$2@1596 (line 2052)
  0x00007f78c5a4aab8: 2461 b306 | 4889 1424 | 4889 4424 

  0x00007f78c5a4aac4: ;   {runtime_call C1 Runtime throw_range_check_failed_blob}
  0x00007f78c5a4aac4: 08e8 1658 

  0x00007f78c5a4aac8: ; ImmutableOopMap {rbx=Oop rax=Oop [216]=Oop [224]=Oop [232]=Oop [240]=Oop [248]=Oop [256]=Oop [416]=Oop [424]=Oop [496]=Oop [520]=Oop [640]=Oop [648]=Oop }
                      ;*laload {reexecute=0 rethrow=0 return_oop=0}
                      ; - androidx.compose.runtime.Recomposer$runRecomposeAndApplyChanges$2::invokeSuspend$lambda$2@1615 (line 2055)
                      ;   {runtime_call C1 Runtime throw_null_pointer_exception_blob}
  0x00007f78c5a4aac8: b306 e811 

  0x00007f78c5a4aacc: ; ImmutableOopMap {rbx=Oop [216]=Oop [224]=Oop [232]=Oop [240]=Oop [248]=Oop [256]=Oop [416]=Oop [424]=Oop [496]=Oop [520]=Oop [640]=Oop [648]=Oop }
                      ;*aaload {reexecute=0 rethrow=0 return_oop=0}
                      ; - androidx.compose.runtime.Recomposer$runRecomposeAndApplyChanges$2::invokeSuspend$lambda$2@1721 (line 2049)
                      ;   {runtime_call C1 Runtime throw_null_pointer_exception_blob}
  0x00007f78c5a4aacc: 61b3 06e8 

  0x00007f78c5a4aad0: ; ImmutableOopMap {rbx=Oop [216]=Oop [224]=Oop [232]=Oop [240]=Oop [248]=Oop [256]=Oop [416]=Oop [424]=Oop [496]=Oop [520]=Oop [640]=Oop [648]=Oop }
                      ;*aaload {reexecute=0 rethrow=0 return_oop=0}
                      ; - androidx.compose.runtime.Recomposer$runRecomposeAndApplyChanges$2::invokeSuspend$lambda$2@1721 (line 2049)
  0x00007f78c5a4aad0: 0c61 b306 | 4889 3424 | 4889 5c24 

  0x00007f78c5a4aadc: ;   {runtime_call C1 Runtime throw_range_check_failed_blob}
  0x00007f78c5a4aadc: 08e8 fe57 

  0x00007f78c5a4aae0: ; ImmutableOopMap {rbx=Oop [216]=Oop [224]=Oop [232]=Oop [240]=Oop [248]=Oop [256]=Oop [416]=Oop [424]=Oop [496]=Oop [520]=Oop [640]=Oop [648]=Oop }
                      ;*aaload {reexecute=0 rethrow=0 return_oop=0}
                      ; - androidx.compose.runtime.Recomposer$runRecomposeAndApplyChanges$2::invokeSuspend$lambda$2@1721 (line 2049)
  0x00007f78c5a4aae0: b306 4889 

  0x00007f78c5a4aae4: ;   {runtime_call C1 Runtime throw_class_cast_exception_blob}
  0x00007f78c5a4aae4: 3424 e8f5 

  0x00007f78c5a4aae8: ; ImmutableOopMap {rbx=Oop [216]=Oop [224]=Oop [232]=Oop [240]=Oop [248]=Oop [256]=Oop [416]=Oop [424]=Oop [496]=Oop [520]=Oop [640]=Oop [648]=Oop }
                      ;*checkcast {reexecute=0 rethrow=0 return_oop=0}
                      ; - androidx.compose.runtime.Recomposer$runRecomposeAndApplyChanges$2::invokeSuspend$lambda$2@1722 (line 2049)
                      ;   {runtime_call C1 Runtime throw_incompatible_class_change_error_blob}
  0x00007f78c5a4aae8: 88b3 06e8 

  0x00007f78c5a4aaec: ; ImmutableOopMap {rsi=Oop [216]=Oop [224]=Oop [232]=Oop [240]=Oop [248]=Oop [256]=Oop [416]=Oop [424]=Oop [496]=Oop [520]=Oop [640]=Oop [648]=Oop }
                      ;*invokeinterface changesApplied {reexecute=0 rethrow=0 return_oop=0}
                      ; - androidx.compose.runtime.Recomposer$runRecomposeAndApplyChanges$2::invokeSuspend$lambda$2@1732 (line 762)
  0x00007f78c5a4aaec: f08b b306 

  0x00007f78c5a4aaf0: ;   {runtime_call C1 Runtime throw_null_pointer_exception_blob}
  0x00007f78c5a4aaf0: e8eb 60b3 

  0x00007f78c5a4aaf4: ; ImmutableOopMap {rsi=Oop [216]=Oop [224]=Oop [232]=Oop [240]=Oop [248]=Oop [256]=Oop [416]=Oop [424]=Oop [496]=Oop [520]=Oop [640]=Oop [648]=Oop }
                      ;*invokeinterface changesApplied {reexecute=0 rethrow=0 return_oop=0}
                      ; - androidx.compose.runtime.Recomposer$runRecomposeAndApplyChanges$2::invokeSuspend$lambda$2@1732 (line 762)
                      ;   {metadata({method} {0x00007f7890f76848} 'invokeSuspend$lambda$2' '(Landroidx/compose/runtime/Recomposer;Landroidx/collection/MutableScatterSet;Landroidx/collection/MutableScatterSet;Ljava/util/List;Ljava/util/List;Landroidx/collection/MutableScatterSet;Ljava/util/List;Landroidx/collection/MutableScatterSet;Ljava/util/Set;J)Lkotlin/Unit;' in 'androidx/compose/runtime/Recomposer$runRecomposeAndApplyChanges$2')}
  0x00007f78c5a4aaf4: 0649 ba48 | 68f7 9078 | 7f00 004c | 8954 2408 | 48c7 0424 | d606 0000 

  0x00007f78c5a4ab0c: ;   {runtime_call C1 Runtime counter_overflow_blob}
  0x00007f78c5a4ab0c: e84f c0b3 

  0x00007f78c5a4ab10: ; ImmutableOopMap {[216]=Oop [224]=Oop [232]=Oop [240]=Oop [248]=Oop [256]=Oop [416]=Oop [424]=Oop [496]=Oop [520]=Oop [640]=Oop [648]=Oop }
                      ;*goto {reexecute=1 rethrow=0 return_oop=0}
                      ; - (reexecute) androidx.compose.runtime.Recomposer$runRecomposeAndApplyChanges$2::invokeSuspend$lambda$2@1750 (line 2059)
  0x00007f78c5a4ab10: 06e9 a0cc 

  0x00007f78c5a4ab14: ;   {metadata({method} {0x00007f7890f76848} 'invokeSuspend$lambda$2' '(Landroidx/compose/runtime/Recomposer;Landroidx/collection/MutableScatterSet;Landroidx/collection/MutableScatterSet;Ljava/util/List;Ljava/util/List;Landroidx/collection/MutableScatterSet;Ljava/util/List;Landroidx/collection/MutableScatterSet;Ljava/util/Set;J)Lkotlin/Unit;' in 'androidx/compose/runtime/Recomposer$runRecomposeAndApplyChanges$2')}
  0x00007f78c5a4ab14: ffff 49ba | 4868 f790 | 787f 0000 | 4c89 5424 | 0848 c704 | 24ea 0600 

  0x00007f78c5a4ab2c: ;   {runtime_call C1 Runtime counter_overflow_blob}
  0x00007f78c5a4ab2c: 00e8 2ec0 

  0x00007f78c5a4ab30: ; ImmutableOopMap {[216]=Oop [224]=Oop [232]=Oop [240]=Oop [248]=Oop [256]=Oop [416]=Oop [424]=Oop [496]=Oop [520]=Oop [640]=Oop [648]=Oop }
                      ;*goto {reexecute=1 rethrow=0 return_oop=0}
                      ; - (reexecute) androidx.compose.runtime.Recomposer$runRecomposeAndApplyChanges$2::invokeSuspend$lambda$2@1770 (line 2054)
  0x00007f78c5a4ab30: b306 e942 

  0x00007f78c5a4ab34: ;   {metadata({method} {0x00007f7890ce9bb0} 'restoreCurrent' '(Landroidx/compose/runtime/snapshots/Snapshot;)V' in 'androidx/compose/runtime/snapshots/Snapshot')}
  0x00007f78c5a4ab34: cdff ff49 | bab0 9bce | 9078 7f00 | 004c 8954 | 2408 48c7 | 0424 ffff 

  0x00007f78c5a4ab4c: ;   {runtime_call C1 Runtime counter_overflow_blob}
  0x00007f78c5a4ab4c: ffff e80d 

  0x00007f78c5a4ab50: ; ImmutableOopMap {[216]=Oop [232]=Oop [240]=Oop [416]=Oop [424]=Oop }
                      ;*synchronization entry
                      ; - androidx.compose.runtime.snapshots.Snapshot::restoreCurrent@-1 (line 167)
                      ; - androidx.compose.runtime.Recomposer$runRecomposeAndApplyChanges$2::invokeSuspend$lambda$2@1876 (line 2020)
  0x00007f78c5a4ab50: c0b3 06e9 | b6ce ffff 

  0x00007f78c5a4ab58: ;   {metadata({method} {0x00007f7890cf70b0} 'access$getThreadSnapshot$p' '()Landroidx/compose/runtime/internal/SnapshotThreadLocal;' in 'androidx/compose/runtime/snapshots/SnapshotKt')}
  0x00007f78c5a4ab58: 49ba b070 | cf90 787f | 0000 4c89 | 5424 0848 | c704 24ff 

  0x00007f78c5a4ab6c: ;   {runtime_call C1 Runtime counter_overflow_blob}
  0x00007f78c5a4ab6c: ffff ffe8 

  0x00007f78c5a4ab70: ; ImmutableOopMap {[216]=Oop [232]=Oop [240]=Oop [416]=Oop [424]=Oop }
                      ;*synchronization entry
                      ; - androidx.compose.runtime.snapshots.SnapshotKt::access$getThreadSnapshot$p@-1 (line 1)
                      ; - androidx.compose.runtime.snapshots.Snapshot::restoreCurrent@0 (line 167)
                      ; - androidx.compose.runtime.Recomposer$runRecomposeAndApplyChanges$2::invokeSuspend$lambda$2@1876 (line 2020)
  0x00007f78c5a4ab70: ecbf b306 | e9ce ceff 

  0x00007f78c5a4ab78: ;   {runtime_call C1 Runtime throw_null_pointer_exception_blob}
  0x00007f78c5a4ab78: ffe8 6260 

  0x00007f78c5a4ab7c: ; ImmutableOopMap {rsi=Oop rdi=Oop [216]=Oop [232]=Oop [240]=Oop [528]=Oop }
                      ;*monitorenter {reexecute=0 rethrow=0 return_oop=0}
                      ; - androidx.compose.runtime.Recomposer$runRecomposeAndApplyChanges$2::invokeSuspend$lambda$2@1931 (line 2074)
  0x00007f78c5a4ab7c: b306 4889 | 7c24 0848 

  0x00007f78c5a4ab84: ;   {runtime_call C1 Runtime monitorenter_nofpu_blob}
  0x00007f78c5a4ab84: 891c 24e8 

  0x00007f78c5a4ab88: ; ImmutableOopMap {rsi=Oop rdi=Oop [216]=Oop [232]=Oop [240]=Oop [528]=Oop [600]=Oop }
                      ;*monitorenter {reexecute=0 rethrow=0 return_oop=0}
                      ; - androidx.compose.runtime.Recomposer$runRecomposeAndApplyChanges$2::invokeSuspend$lambda$2@1931 (line 2074)
  0x00007f78c5a4ab88: d497 b306 | e9b4 d0ff 

  0x00007f78c5a4ab90: ;   {metadata({method} {0x00007f7890e28330} 'access$deriveStateLocked' '(Landroidx/compose/runtime/Recomposer;)Lkotlinx/coroutines/CancellableContinuation;' in 'androidx/compose/runtime/Recomposer')}
  0x00007f78c5a4ab90: ff49 ba30 | 83e2 9078 | 7f00 004c | 8954 2408 | 48c7 0424 | ffff ffff 

  0x00007f78c5a4aba8: ;   {runtime_call C1 Runtime counter_overflow_blob}
  0x00007f78c5a4aba8: e8b3 bfb3 

  0x00007f78c5a4abac: ; ImmutableOopMap {rsi=Oop [216]=Oop [232]=Oop [240]=Oop [528]=Oop [600]=Oop }
                      ;*synchronization entry
                      ; - androidx.compose.runtime.Recomposer::access$deriveStateLocked@-1
                      ; - androidx.compose.runtime.Recomposer$runRecomposeAndApplyChanges$2::invokeSuspend$lambda$2@1937 (line 775)
  0x00007f78c5a4abac: 06e9 cbd0 | ffff 488d | 8424 5002 | 0000 4889 

  0x00007f78c5a4abbc: ;   {runtime_call C1 Runtime monitorexit_nofpu_blob}
  0x00007f78c5a4abbc: 0424 e81d | 9eb3 06e9 | b3d1 ffff 

  0x00007f78c5a4abc8: ;   {metadata({method} {0x00007f7890cee578} 'notifyObjectsInitialized' '()V' in 'androidx/compose/runtime/snapshots/Snapshot$Companion')}
  0x00007f78c5a4abc8: 49ba 78e5 | ce90 787f | 0000 4c89 | 5424 0848 | c704 24ff 

  0x00007f78c5a4abdc: ;   {runtime_call C1 Runtime counter_overflow_blob}
  0x00007f78c5a4abdc: ffff ffe8 

  0x00007f78c5a4abe0: ; ImmutableOopMap {[216]=Oop [232]=Oop [240]=Oop }
                      ;*synchronization entry
                      ; - androidx.compose.runtime.snapshots.Snapshot$Companion::notifyObjectsInitialized@-1 (line 676)
                      ; - androidx.compose.runtime.Recomposer$runRecomposeAndApplyChanges$2::invokeSuspend$lambda$2@1995 (line 785)
  0x00007f78c5a4abe0: 7cbf b306 | e956 d2ff 

  0x00007f78c5a4abe8: ;   {metadata({method} {0x00007f7890cf2050} 'currentSnapshot' '()Landroidx/compose/runtime/snapshots/Snapshot;' in 'androidx/compose/runtime/snapshots/SnapshotKt')}
  0x00007f78c5a4abe8: ff49 ba50 | 20cf 9078 | 7f00 004c | 8954 2408 | 48c7 0424 | ffff ffff 

  0x00007f78c5a4ac00: ;   {runtime_call C1 Runtime counter_overflow_blob}
  0x00007f78c5a4ac00: e85b bfb3 

  0x00007f78c5a4ac04: ; ImmutableOopMap {[216]=Oop [232]=Oop [240]=Oop }
                      ;*synchronization entry
                      ; - androidx.compose.runtime.snapshots.SnapshotKt::currentSnapshot@-1 (line 1284)
                      ; - androidx.compose.runtime.snapshots.Snapshot$Companion::notifyObjectsInitialized@0 (line 676)
                      ; - androidx.compose.runtime.Recomposer$runRecomposeAndApplyChanges$2::invokeSuspend$lambda$2@1995 (line 785)
  0x00007f78c5a4ac04: 06e9 6ed2 | ffff 4889 

  0x00007f78c5a4ac0c: ;   {runtime_call C1 Runtime throw_class_cast_exception_blob}
  0x00007f78c5a4ac0c: 0424 e8cd 

  0x00007f78c5a4ac10: ; ImmutableOopMap {[216]=Oop [232]=Oop [240]=Oop }
                      ;*checkcast {reexecute=0 rethrow=0 return_oop=0}
                      ; - androidx.compose.runtime.snapshots.SnapshotKt::currentSnapshot@6 (line 1284)
                      ; - androidx.compose.runtime.snapshots.Snapshot$Companion::notifyObjectsInitialized@0 (line 676)
                      ; - androidx.compose.runtime.Recomposer$runRecomposeAndApplyChanges$2::invokeSuspend$lambda$2@1995 (line 785)
                      ;   {runtime_call C1 Runtime throw_null_pointer_exception_blob}
  0x00007f78c5a4ac10: 87b3 06e8 

  0x00007f78c5a4ac14: ; ImmutableOopMap {rsi=Oop [216]=Oop [232]=Oop [240]=Oop }
                      ;*invokevirtual notifyObjectsInitialized$runtime {reexecute=0 rethrow=0 return_oop=0}
                      ; - androidx.compose.runtime.snapshots.Snapshot$Companion::notifyObjectsInitialized@3 (line 676)
                      ; - androidx.compose.runtime.Recomposer$runRecomposeAndApplyChanges$2::invokeSuspend$lambda$2@1995 (line 785)
  0x00007f78c5a4ac14: c85f b306 | 8b46 5c48 | c1e0 0348 | 83f8 000f | 84e2 d5ff | ff48 8904 

  0x00007f78c5a4ac2c: ;   {runtime_call g1_pre_barrier_slow}
  0x00007f78c5a4ac2c: 24e8 2ec6 | b306 e9d4 

  0x00007f78c5a4ac34: ;   {metadata({method} {0x00007f7890e1e9b0} 'processCompositionError$default' '(Landroidx/compose/runtime/Recomposer;Ljava/lang/Throwable;Landroidx/compose/runtime/ControlledComposition;ZILjava/lang/Object;)V' in 'androidx/compose/runtime/Recomposer')}
  0x00007f78c5a4ac34: d5ff ff49 | bab0 e9e1 | 9078 7f00 | 004c 8954 | 2408 48c7 | 0424 ffff 

  0x00007f78c5a4ac4c: ;   {runtime_call C1 Runtime counter_overflow_blob}
  0x00007f78c5a4ac4c: ffff e80d 

  0x00007f78c5a4ac50: ; ImmutableOopMap {rsi=Oop rax=Oop [216]=Oop [224]=Oop [232]=Oop [240]=Oop [248]=Oop [256]=Oop [416]=Oop [424]=Oop [640]=Oop [648]=Oop }
                      ;*synchronization entry
                      ; - androidx.compose.runtime.Recomposer::processCompositionError$default@-1 (line 797)
                      ; - androidx.compose.runtime.Recomposer$runRecomposeAndApplyChanges$2::invokeSuspend$lambda$2@1793 (line 765)
  0x00007f78c5a4ac50: bfb3 06e9 | 1bd6 ffff 

  0x00007f78c5a4ac58: ;   {metadata({method} {0x00007f7890ce9bb0} 'restoreCurrent' '(Landroidx/compose/runtime/snapshots/Snapshot;)V' in 'androidx/compose/runtime/snapshots/Snapshot')}
  0x00007f78c5a4ac58: 49ba b09b | ce90 787f | 0000 4c89 | 5424 0848 | c704 24ff 

  0x00007f78c5a4ac6c: ;   {runtime_call C1 Runtime counter_overflow_blob}
  0x00007f78c5a4ac6c: ffff ffe8 

  0x00007f78c5a4ac70: ; ImmutableOopMap {[416]=Oop [424]=Oop }
                      ;*synchronization entry
                      ; - androidx.compose.runtime.snapshots.Snapshot::restoreCurrent@-1 (line 167)
                      ; - androidx.compose.runtime.Recomposer$runRecomposeAndApplyChanges$2::invokeSuspend$lambda$2@1829 (line 2020)
  0x00007f78c5a4ac70: ecbe b306 | e91d d8ff 

  0x00007f78c5a4ac78: ;   {metadata({method} {0x00007f7890cf70b0} 'access$getThreadSnapshot$p' '()Landroidx/compose/runtime/internal/SnapshotThreadLocal;' in 'androidx/compose/runtime/snapshots/SnapshotKt')}
  0x00007f78c5a4ac78: ff49 bab0 | 70cf 9078 | 7f00 004c | 8954 2408 | 48c7 0424 | ffff ffff 

  0x00007f78c5a4ac90: ;   {runtime_call C1 Runtime counter_overflow_blob}
  0x00007f78c5a4ac90: e8cb beb3 

  0x00007f78c5a4ac94: ; ImmutableOopMap {[416]=Oop [424]=Oop }
                      ;*synchronization entry
                      ; - androidx.compose.runtime.snapshots.SnapshotKt::access$getThreadSnapshot$p@-1 (line 1)
                      ; - androidx.compose.runtime.snapshots.Snapshot::restoreCurrent@0 (line 167)
                      ; - androidx.compose.runtime.Recomposer$runRecomposeAndApplyChanges$2::invokeSuspend$lambda$2@1829 (line 2020)
  0x00007f78c5a4ac94: 06e9 35d8 

  0x00007f78c5a4ac98: ;   {metadata({method} {0x00007f7890e1e9b0} 'processCompositionError$default' '(Landroidx/compose/runtime/Recomposer;Ljava/lang/Throwable;Landroidx/compose/runtime/ControlledComposition;ZILjava/lang/Object;)V' in 'androidx/compose/runtime/Recomposer')}
  0x00007f78c5a4ac98: ffff 49ba | b0e9 e190 | 787f 0000 | 4c89 5424 | 0848 c704 | 24ff ffff 

  0x00007f78c5a4acb0: ;   {runtime_call C1 Runtime counter_overflow_blob}
  0x00007f78c5a4acb0: ffe8 aabe 

  0x00007f78c5a4acb4: ; ImmutableOopMap {r11=Oop rbx=Oop rax=Oop [216]=Oop [224]=Oop [232]=Oop [240]=Oop [248]=Oop [256]=Oop [416]=Oop [424]=Oop [640]=Oop [648]=Oop }
                      ;*synchronization entry
                      ; - androidx.compose.runtime.Recomposer::processCompositionError$default@-1 (line 797)
                      ; - androidx.compose.runtime.Recomposer$runRecomposeAndApplyChanges$2::invokeSuspend$lambda$2@1479 (line 751)
  0x00007f78c5a4acb4: b306 e922 

  0x00007f78c5a4acb8: ;   {metadata({method} {0x00007f7890ce9bb0} 'restoreCurrent' '(Landroidx/compose/runtime/snapshots/Snapshot;)V' in 'androidx/compose/runtime/snapshots/Snapshot')}
  0x00007f78c5a4acb8: d9ff ff49 | bab0 9bce | 9078 7f00 | 004c 8954 | 2408 48c7 | 0424 ffff 

  0x00007f78c5a4acd0: ;   {runtime_call C1 Runtime counter_overflow_blob}
  0x00007f78c5a4acd0: ffff e889 

  0x00007f78c5a4acd4: ; ImmutableOopMap {[416]=Oop [424]=Oop }
                      ;*synchronization entry
                      ; - androidx.compose.runtime.snapshots.Snapshot::restoreCurrent@-1 (line 167)
                      ; - androidx.compose.runtime.Recomposer$runRecomposeAndApplyChanges$2::invokeSuspend$lambda$2@1515 (line 2020)
  0x00007f78c5a4acd4: beb3 06e9 | 2adb ffff 

  0x00007f78c5a4acdc: ;   {metadata({method} {0x00007f7890cf70b0} 'access$getThreadSnapshot$p' '()Landroidx/compose/runtime/internal/SnapshotThreadLocal;' in 'androidx/compose/runtime/snapshots/SnapshotKt')}
  0x00007f78c5a4acdc: 49ba b070 | cf90 787f | 0000 4c89 | 5424 0848 | c704 24ff 

  0x00007f78c5a4acf0: ;   {runtime_call C1 Runtime counter_overflow_blob}
  0x00007f78c5a4acf0: ffff ffe8 

  0x00007f78c5a4acf4: ; ImmutableOopMap {[416]=Oop [424]=Oop }
                      ;*synchronization entry
                      ; - androidx.compose.runtime.snapshots.SnapshotKt::access$getThreadSnapshot$p@-1 (line 1)
                      ; - androidx.compose.runtime.snapshots.Snapshot::restoreCurrent@0 (line 167)
                      ; - androidx.compose.runtime.Recomposer$runRecomposeAndApplyChanges$2::invokeSuspend$lambda$2@1515 (line 2020)
  0x00007f78c5a4acf4: 68be b306 | e942 dbff 

  0x00007f78c5a4acfc: ;   {metadata({method} {0x00007f7890e1e9b0} 'processCompositionError$default' '(Landroidx/compose/runtime/Recomposer;Ljava/lang/Throwable;Landroidx/compose/runtime/ControlledComposition;ZILjava/lang/Object;)V' in 'androidx/compose/runtime/Recomposer')}
  0x00007f78c5a4acfc: ff49 bab0 | e9e1 9078 | 7f00 004c | 8954 2408 | 48c7 0424 | ffff ffff 

  0x00007f78c5a4ad14: ;   {runtime_call C1 Runtime counter_overflow_blob}
  0x00007f78c5a4ad14: e847 beb3 

  0x00007f78c5a4ad18: ; ImmutableOopMap {r11=Oop rbx=Oop rax=Oop [216]=Oop [224]=Oop [232]=Oop [240]=Oop [248]=Oop [256]=Oop [416]=Oop [424]=Oop [640]=Oop [648]=Oop }
                      ;*synchronization entry
                      ; - androidx.compose.runtime.Recomposer::processCompositionError$default@-1 (line 797)
                      ; - androidx.compose.runtime.Recomposer$runRecomposeAndApplyChanges$2::invokeSuspend$lambda$2@1151 (line 736)
  0x00007f78c5a4ad18: 06e9 2fdc 

  0x00007f78c5a4ad1c: ;   {runtime_call C1 Runtime throw_null_pointer_exception_blob}
  0x00007f78c5a4ad1c: ffff e8bd 

  0x00007f78c5a4ad20: ; ImmutableOopMap {rdi=Oop [416]=Oop [424]=Oop [640]=Oop }
                      ;*invokeinterface clear {reexecute=0 rethrow=0 return_oop=0}
                      ; - androidx.compose.runtime.Recomposer$runRecomposeAndApplyChanges$2::invokeSuspend$lambda$2@1176 (line 740)
                      ;   {metadata({method} {0x00007f7890ce9bb0} 'restoreCurrent' '(Landroidx/compose/runtime/snapshots/Snapshot;)V' in 'androidx/compose/runtime/snapshots/Snapshot')}
  0x00007f78c5a4ad20: 5eb3 0649 | bab0 9bce | 9078 7f00 | 004c 8954 | 2408 48c7 | 0424 ffff 

  0x00007f78c5a4ad38: ;   {runtime_call C1 Runtime counter_overflow_blob}
  0x00007f78c5a4ad38: ffff e821 

  0x00007f78c5a4ad3c: ; ImmutableOopMap {[416]=Oop [424]=Oop }
                      ;*synchronization entry
                      ; - androidx.compose.runtime.snapshots.Snapshot::restoreCurrent@-1 (line 167)
                      ; - androidx.compose.runtime.Recomposer$runRecomposeAndApplyChanges$2::invokeSuspend$lambda$2@1189 (line 2020)
  0x00007f78c5a4ad3c: beb3 06e9 | 42de ffff 

  0x00007f78c5a4ad44: ;   {metadata({method} {0x00007f7890cf70b0} 'access$getThreadSnapshot$p' '()Landroidx/compose/runtime/internal/SnapshotThreadLocal;' in 'androidx/compose/runtime/snapshots/SnapshotKt')}
  0x00007f78c5a4ad44: 49ba b070 | cf90 787f | 0000 4c89 | 5424 0848 | c704 24ff 

  0x00007f78c5a4ad58: ;   {runtime_call C1 Runtime counter_overflow_blob}
  0x00007f78c5a4ad58: ffff ffe8 

  0x00007f78c5a4ad5c: ; ImmutableOopMap {[416]=Oop [424]=Oop }
                      ;*synchronization entry
                      ; - androidx.compose.runtime.snapshots.SnapshotKt::access$getThreadSnapshot$p@-1 (line 1)
                      ; - androidx.compose.runtime.snapshots.Snapshot::restoreCurrent@0 (line 167)
                      ; - androidx.compose.runtime.Recomposer$runRecomposeAndApplyChanges$2::invokeSuspend$lambda$2@1189 (line 2020)
  0x00007f78c5a4ad5c: 00be b306 | e95a deff 

  0x00007f78c5a4ad64: ;   {metadata({method} {0x00007f7890e1e9b0} 'processCompositionError$default' '(Landroidx/compose/runtime/Recomposer;Ljava/lang/Throwable;Landroidx/compose/runtime/ControlledComposition;ZILjava/lang/Object;)V' in 'androidx/compose/runtime/Recomposer')}
  0x00007f78c5a4ad64: ff49 bab0 | e9e1 9078 | 7f00 004c | 8954 2408 | 48c7 0424 | ffff ffff 

  0x00007f78c5a4ad7c: ;   {runtime_call C1 Runtime counter_overflow_blob}
  0x00007f78c5a4ad7c: e8df bdb3 

  0x00007f78c5a4ad80: ; ImmutableOopMap {rdi=Oop r11=Oop rbx=Oop rax=Oop [216]=Oop [224]=Oop [232]=Oop [240]=Oop [248]=Oop [256]=Oop [640]=Oop [648]=Oop }
                      ;*synchronization entry
                      ; - androidx.compose.runtime.Recomposer::processCompositionError$default@-1 (line 797)
                      ; - androidx.compose.runtime.Recomposer$runRecomposeAndApplyChanges$2::invokeSuspend$lambda$2@848 (line 708)
  0x00007f78c5a4ad80: 06e9 4fdf 

  0x00007f78c5a4ad84: ;   {metadata({method} {0x00007f7890e1e9b0} 'processCompositionError$default' '(Landroidx/compose/runtime/Recomposer;Ljava/lang/Throwable;Landroidx/compose/runtime/ControlledComposition;ZILjava/lang/Object;)V' in 'androidx/compose/runtime/Recomposer')}
  0x00007f78c5a4ad84: ffff 49ba | b0e9 e190 | 787f 0000 | 4c89 5424 | 0848 c704 | 24ff ffff 

  0x00007f78c5a4ad9c: ;   {runtime_call C1 Runtime counter_overflow_blob}
  0x00007f78c5a4ad9c: ffe8 bebd 

  0x00007f78c5a4ada0: ; ImmutableOopMap {rax=Oop [216]=Oop [224]=Oop [232]=Oop [240]=Oop [248]=Oop [256]=Oop [640]=Oop [648]=Oop }
                      ;*synchronization entry
                      ; - androidx.compose.runtime.Recomposer::processCompositionError$default@-1 (line 797)
                      ; - androidx.compose.runtime.Recomposer$runRecomposeAndApplyChanges$2::invokeSuspend$lambda$2@401 (line 661)
  0x00007f78c5a4ada0: b306 e906 

  0x00007f78c5a4ada4: ;   {runtime_call C1 Runtime throw_null_pointer_exception_blob}
  0x00007f78c5a4ada4: e0ff ffe8 

  0x00007f78c5a4ada8: ; ImmutableOopMap {r8=Oop [224]=Oop }
                      ;*invokeinterface clear {reexecute=0 rethrow=0 return_oop=0}
                      ; - androidx.compose.runtime.Recomposer$runRecomposeAndApplyChanges$2::invokeSuspend$lambda$2@425 (line 665)
  0x00007f78c5a4ada8: 345e b306 

  0x00007f78c5a4adac: ;   {metadata({method} {0x00007f78910323e0} 'endSection' '(Ljava/lang/Object;)V' in 'androidx/compose/runtime/internal/Trace')}
  0x00007f78c5a4adac: 49ba e023 | 0391 787f | 0000 4c89 | 5424 0848 | c704 24ff 

  0x00007f78c5a4adc0: ;   {runtime_call C1 Runtime counter_overflow_blob}
  0x00007f78c5a4adc0: ffff ffe8 

  0x00007f78c5a4adc4: ; ImmutableOopMap {}
                      ;*synchronization entry
                      ; - androidx.compose.runtime.internal.Trace::endSection@-1 (line 27)
                      ; - androidx.compose.runtime.Recomposer$runRecomposeAndApplyChanges$2::invokeSuspend$lambda$2@439 (line 1963)
  0x00007f78c5a4adc4: 98bd b306 | e91b e2ff 

  0x00007f78c5a4adcc: ;   {internal_word}
  0x00007f78c5a4adcc: ff49 bafa | 8fa4 c578 | 7f00 004d | 8997 3805 

  0x00007f78c5a4addc: ;   {runtime_call SafepointBlob}
  0x00007f78c5a4addc: 0000 e97d 

  0x00007f78c5a4ade0: ;   {metadata({method} {0x00007f78910323e0} 'endSection' '(Ljava/lang/Object;)V' in 'androidx/compose/runtime/internal/Trace')}
  0x00007f78c5a4ade0: 5da6 0649 | bae0 2303 | 9178 7f00 | 004c 8954 | 2408 48c7 | 0424 ffff 

  0x00007f78c5a4adf8: ;   {runtime_call C1 Runtime counter_overflow_blob}
  0x00007f78c5a4adf8: ffff e861 

  0x00007f78c5a4adfc: ; ImmutableOopMap {}
                      ;*synchronization entry
                      ; - androidx.compose.runtime.internal.Trace::endSection@-1 (line 27)
                      ; - androidx.compose.runtime.Recomposer$runRecomposeAndApplyChanges$2::invokeSuspend$lambda$2@876 (line 1963)
  0x00007f78c5a4adfc: bdb3 06e9 | 0ce3 ffff 

  0x00007f78c5a4ae04: ;   {internal_word}
  0x00007f78c5a4ae04: 49ba 2291 | a4c5 787f | 0000 4d89 | 9738 0500 

  0x00007f78c5a4ae14: ;   {runtime_call SafepointBlob}
  0x00007f78c5a4ae14: 00e9 465d 

  0x00007f78c5a4ae18: ;   {metadata({method} {0x00007f78910323e0} 'endSection' '(Ljava/lang/Object;)V' in 'androidx/compose/runtime/internal/Trace')}
  0x00007f78c5a4ae18: a606 49ba | e023 0391 | 787f 0000 | 4c89 5424 | 0848 c704 | 24ff ffff 

  0x00007f78c5a4ae30: ;   {runtime_call C1 Runtime counter_overflow_blob}
  0x00007f78c5a4ae30: ffe8 2abd 

  0x00007f78c5a4ae34: ; ImmutableOopMap {}
                      ;*synchronization entry
                      ; - androidx.compose.runtime.internal.Trace::endSection@-1 (line 27)
                      ; - androidx.compose.runtime.Recomposer$runRecomposeAndApplyChanges$2::invokeSuspend$lambda$2@1210 (line 1963)
  0x00007f78c5a4ae34: b306 e955 

  0x00007f78c5a4ae38: ;   {internal_word}
  0x00007f78c5a4ae38: e4ff ff49 | baa2 92a4 | c578 7f00 | 004d 8997 | 3805 0000 

  0x00007f78c5a4ae4c: ;   {runtime_call SafepointBlob}
  0x00007f78c5a4ae4c: e90f 5da6 

  0x00007f78c5a4ae50: ;   {metadata({method} {0x00007f78910323e0} 'endSection' '(Ljava/lang/Object;)V' in 'androidx/compose/runtime/internal/Trace')}
  0x00007f78c5a4ae50: 0649 bae0 | 2303 9178 | 7f00 004c | 8954 2408 | 48c7 0424 | ffff ffff 

  0x00007f78c5a4ae68: ;   {runtime_call C1 Runtime counter_overflow_blob}
  0x00007f78c5a4ae68: e8f3 bcb3 

  0x00007f78c5a4ae6c: ; ImmutableOopMap {}
                      ;*synchronization entry
                      ; - androidx.compose.runtime.internal.Trace::endSection@-1 (line 27)
                      ; - androidx.compose.runtime.Recomposer$runRecomposeAndApplyChanges$2::invokeSuspend$lambda$2@1536 (line 1963)
  0x00007f78c5a4ae6c: 06e9 9ee5 

  0x00007f78c5a4ae70: ;   {internal_word}
  0x00007f78c5a4ae70: ffff 49ba | 2294 a4c5 | 787f 0000 | 4d89 9738 

  0x00007f78c5a4ae80: ;   {runtime_call SafepointBlob}
  0x00007f78c5a4ae80: 0500 00e9 | d85c a606 

  0x00007f78c5a4ae88: ;   {metadata({method} {0x00007f78910323e0} 'endSection' '(Ljava/lang/Object;)V' in 'androidx/compose/runtime/internal/Trace')}
  0x00007f78c5a4ae88: 49ba e023 | 0391 787f | 0000 4c89 | 5424 0848 | c704 24ff 

  0x00007f78c5a4ae9c: ;   {runtime_call C1 Runtime counter_overflow_blob}
  0x00007f78c5a4ae9c: ffff ffe8 

  0x00007f78c5a4aea0: ; ImmutableOopMap {}
                      ;*synchronization entry
                      ; - androidx.compose.runtime.internal.Trace::endSection@-1 (line 27)
                      ; - androidx.compose.runtime.Recomposer$runRecomposeAndApplyChanges$2::invokeSuspend$lambda$2@1850 (line 1963)
  0x00007f78c5a4aea0: bcbc b306 | e9e7 e6ff 

  0x00007f78c5a4aea8: ;   {internal_word}
  0x00007f78c5a4aea8: ff49 baa2 | 95a4 c578 | 7f00 004d | 8997 3805 

  0x00007f78c5a4aeb8: ;   {runtime_call SafepointBlob}
  0x00007f78c5a4aeb8: 0000 e9a1 

  0x00007f78c5a4aebc: ;   {metadata({method} {0x00007f78910323e0} 'endSection' '(Ljava/lang/Object;)V' in 'androidx/compose/runtime/internal/Trace')}
  0x00007f78c5a4aebc: 5ca6 0649 | bae0 2303 | 9178 7f00 | 004c 8954 | 2408 48c7 | 0424 ffff 

  0x00007f78c5a4aed4: ;   {runtime_call C1 Runtime counter_overflow_blob}
  0x00007f78c5a4aed4: ffff e885 

  0x00007f78c5a4aed8: ; ImmutableOopMap {}
                      ;*synchronization entry
                      ; - androidx.compose.runtime.internal.Trace::endSection@-1 (line 27)
                      ; - androidx.compose.runtime.Recomposer$runRecomposeAndApplyChanges$2::invokeSuspend$lambda$2@2022 (line 1963)
  0x00007f78c5a4aed8: bcb3 06e9 | 81e7 ffff 

  0x00007f78c5a4aee0: ;   {internal_word}
  0x00007f78c5a4aee0: 49ba 8396 | a4c5 787f | 0000 4d89 | 9738 0500 

  0x00007f78c5a4aef0: ;   {runtime_call SafepointBlob}
  0x00007f78c5a4aef0: 00e9 6a5c 

  0x00007f78c5a4aef4: ;   {metadata({method} {0x00007f7890faf9e0} 'composeImmediateRuntimeError' '(Ljava/lang/String;)V' in 'androidx/compose/runtime/ComposerKt')}
  0x00007f78c5a4aef4: a606 49ba | e0f9 fa90 | 787f 0000 | 4c89 5424 | 0848 c704 | 24ff ffff 

  0x00007f78c5a4af0c: ;   {runtime_call C1 Runtime counter_overflow_blob}
  0x00007f78c5a4af0c: ffe8 4ebc 

  0x00007f78c5a4af10: ; ImmutableOopMap {[216]=Oop [232]=Oop [240]=Oop [528]=Oop [600]=Oop }
                      ;*synchronization entry
                      ; - androidx.compose.runtime.ComposerKt::composeImmediateRuntimeError@-1 (line 1429)
                      ; - androidx.compose.runtime.Recomposer$runRecomposeAndApplyChanges$2::invokeSuspend$lambda$2@1964 (line 2076)
  0x00007f78c5a4af10: b306 e9af 

  0x00007f78c5a4af14: ;   {metadata(nullptr)}
  0x00007f78c5a4af14: e7ff ff48 | ba00 0000 | 0000 0000 | 00b8 000f 

  0x00007f78c5a4af24: ;   {runtime_call C1 Runtime load_klass_patching_blob}
  0x00007f78c5a4af24: 050a e835 

  0x00007f78c5a4af28: ; ImmutableOopMap {[216]=Oop [232]=Oop [240]=Oop [528]=Oop [600]=Oop }
                      ;*new {reexecute=1 rethrow=0 return_oop=0}
                      ; - (reexecute) androidx.compose.runtime.ComposerKt::composeImmediateRuntimeError@0 (line 1429)
                      ; - androidx.compose.runtime.Recomposer$runRecomposeAndApplyChanges$2::invokeSuspend$lambda$2@1964 (line 2076)
  0x00007f78c5a4af28: a7b3 06e9 | 98e7 ffff 

  0x00007f78c5a4af30: ;   {runtime_call C1 Runtime throw_null_pointer_exception_blob}
  0x00007f78c5a4af30: e8ab 5cb3 

  0x00007f78c5a4af34: ; ImmutableOopMap {[216]=Oop [232]=Oop [240]=Oop [528]=Oop [600]=Oop }
                      ;*new {reexecute=0 rethrow=0 return_oop=0}
                      ; - androidx.compose.runtime.ComposerKt::composeImmediateRuntimeError@0 (line 1429)
                      ; - androidx.compose.runtime.Recomposer$runRecomposeAndApplyChanges$2::invokeSuspend$lambda$2@1964 (line 2076)
  0x00007f78c5a4af34: 0648 8bd2 

  0x00007f78c5a4af38: ;   {runtime_call C1 Runtime fast_new_instance_init_check_blob}
  0x00007f78c5a4af38: e823 6ab3 

  0x00007f78c5a4af3c: ; ImmutableOopMap {[216]=Oop [232]=Oop [240]=Oop [528]=Oop [600]=Oop }
                      ;*new {reexecute=0 rethrow=0 return_oop=0}
                      ; - androidx.compose.runtime.ComposerKt::composeImmediateRuntimeError@0 (line 1429)
                      ; - androidx.compose.runtime.Recomposer$runRecomposeAndApplyChanges$2::invokeSuspend$lambda$2@1964 (line 2076)
  0x00007f78c5a4af3c: 06e9 dee7 | ffff 48ba | 0000 0000 | 0000 0000 | b800 0f05 

  0x00007f78c5a4af50: ;   {runtime_call C1 Runtime load_appendix_patching_blob}
  0x00007f78c5a4af50: 0ae8 0ab3 

  0x00007f78c5a4af54: ; ImmutableOopMap {rax=Oop [216]=Oop [232]=Oop [240]=Oop [528]=Oop [600]=Oop }
                      ;*invokedynamic {reexecute=1 rethrow=0 return_oop=0}
                      ; - (reexecute) androidx.compose.runtime.ComposerKt::composeImmediateRuntimeError@5 (line 1431)
                      ; - androidx.compose.runtime.Recomposer$runRecomposeAndApplyChanges$2::invokeSuspend$lambda$2@1964 (line 2076)
  0x00007f78c5a4af54: b306 e9c5 | e7ff ff48 

  0x00007f78c5a4af5c: ;   {runtime_call C1 Runtime throw_class_cast_exception_blob}
  0x00007f78c5a4af5c: 8904 24e8 

  0x00007f78c5a4af60: ; ImmutableOopMap {rcx=Oop r8=Oop r11=Oop rdx=Oop [216]=Oop [224]=Oop [232]=Oop [240]=Oop [248]=Oop [256]=Oop [312]=Oop [360]=Oop [384]=Oop [600]=Oop [640]=Oop [648]=Oop [656]=Oop }
                      ;*checkcast {reexecute=0 rethrow=0 return_oop=0}
                      ; - kotlin.jvm.internal.Intrinsics::throwParameterIsNullNPE@14 (line 140)
                      ; - kotlin.jvm.internal.Intrinsics::checkNotNullParameter@5 (line 131)
                      ; - kotlin.collections.ArraysKt___ArraysJvmKt::fill@3
                      ; - androidx.compose.runtime.Recomposer$runRecomposeAndApplyChanges$2::invokeSuspend$lambda$2@740 (line 1983)
  0x00007f78c5a4af60: 7c84 b306 

  0x00007f78c5a4af64: ;   {runtime_call C1 Runtime throw_null_pointer_exception_blob}
  0x00007f78c5a4af64: e877 5cb3 

  0x00007f78c5a4af68: ; ImmutableOopMap {rcx=Oop r8=Oop r11=Oop rdx=Oop rax=Oop [216]=Oop [224]=Oop [232]=Oop [240]=Oop [248]=Oop [256]=Oop [312]=Oop [360]=Oop [384]=Oop [600]=Oop [640]=Oop [648]=Oop [656]=Oop }
                      ;*athrow {reexecute=1 rethrow=0 return_oop=0}
                      ; - (reexecute) kotlin.jvm.internal.Intrinsics::throwParameterIsNullNPE@17 (line 140)
                      ; - kotlin.jvm.internal.Intrinsics::checkNotNullParameter@5 (line 131)
                      ; - kotlin.collections.ArraysKt___ArraysJvmKt::fill@3
                      ; - androidx.compose.runtime.Recomposer$runRecomposeAndApplyChanges$2::invokeSuspend$lambda$2@740 (line 1983)
  0x00007f78c5a4af68: 0648 8d84 | 2450 0200 | 0048 8904 

  0x00007f78c5a4af74: ;   {runtime_call C1 Runtime monitorexit_nofpu_blob}
  0x00007f78c5a4af74: 24e8 669a | b306 e9dc | e9ff ff48 | 8d84 2450 | 0200 0048 

  0x00007f78c5a4af88: ;   {runtime_call C1 Runtime monitorexit_nofpu_blob}
  0x00007f78c5a4af88: 8904 24e8 | 509a b306 | e952 eaff 

  0x00007f78c5a4af94: ;   {runtime_call C1 Runtime throw_null_pointer_exception_blob}
  0x00007f78c5a4af94: ffe8 465c 

  0x00007f78c5a4af98: ; ImmutableOopMap {r8=Oop [224]=Oop [544]=Oop }
                      ;*invokeinterface clear {reexecute=0 rethrow=0 return_oop=0}
                      ; - androidx.compose.runtime.Recomposer$runRecomposeAndApplyChanges$2::invokeSuspend$lambda$2@448 (line 665)
                      ;   {runtime_call C1 Runtime throw_null_pointer_exception_blob}
  0x00007f78c5a4af98: b306 e841 

  0x00007f78c5a4af9c: ; ImmutableOopMap {rdi=Oop [416]=Oop [424]=Oop [552]=Oop [640]=Oop }
                      ;*invokeinterface clear {reexecute=0 rethrow=0 return_oop=0}
                      ; - androidx.compose.runtime.Recomposer$runRecomposeAndApplyChanges$2::invokeSuspend$lambda$2@1220 (line 740)
                      ;   {metadata({method} {0x00007f7890ce9bb0} 'restoreCurrent' '(Landroidx/compose/runtime/snapshots/Snapshot;)V' in 'androidx/compose/runtime/snapshots/Snapshot')}
  0x00007f78c5a4af9c: 5cb3 0649 | bab0 9bce | 9078 7f00 | 004c 8954 | 2408 48c7 | 0424 ffff 

  0x00007f78c5a4afb4: ;   {runtime_call C1 Runtime counter_overflow_blob}
  0x00007f78c5a4afb4: ffff e8a5 

  0x00007f78c5a4afb8: ; ImmutableOopMap {rdi=Oop [416]=Oop [576]=Oop }
                      ;*synchronization entry
                      ; - androidx.compose.runtime.snapshots.Snapshot::restoreCurrent@-1 (line 167)
                      ; - androidx.compose.runtime.Recomposer$runRecomposeAndApplyChanges$2::invokeSuspend$lambda$2@1890 (line 2020)
  0x00007f78c5a4afb8: bbb3 06e9 | a9ee ffff 

  0x00007f78c5a4afc0: ;   {metadata({method} {0x00007f7890cf70b0} 'access$getThreadSnapshot$p' '()Landroidx/compose/runtime/internal/SnapshotThreadLocal;' in 'androidx/compose/runtime/snapshots/SnapshotKt')}
  0x00007f78c5a4afc0: 49ba b070 | cf90 787f | 0000 4c89 | 5424 0848 | c704 24ff 

  0x00007f78c5a4afd4: ;   {runtime_call C1 Runtime counter_overflow_blob}
  0x00007f78c5a4afd4: ffff ffe8 

  0x00007f78c5a4afd8: ; ImmutableOopMap {rdi=Oop [416]=Oop [576]=Oop }
                      ;*synchronization entry
                      ; - androidx.compose.runtime.snapshots.SnapshotKt::access$getThreadSnapshot$p@-1 (line 1)
                      ; - androidx.compose.runtime.snapshots.Snapshot::restoreCurrent@0 (line 167)
                      ; - androidx.compose.runtime.Recomposer$runRecomposeAndApplyChanges$2::invokeSuspend$lambda$2@1890 (line 2020)
  0x00007f78c5a4afd8: 84bb b306 | e9c1 eeff 

  0x00007f78c5a4afe0: ;   {runtime_call C1 Runtime throw_null_pointer_exception_blob}
  0x00007f78c5a4afe0: ffe8 fa5b 

  0x00007f78c5a4afe4: ; ImmutableOopMap {rax=Oop [584]=Oop }
                      ;*invokevirtual dispose {reexecute=0 rethrow=0 return_oop=0}
                      ; - androidx.compose.runtime.Recomposer$runRecomposeAndApplyChanges$2::invokeSuspend$lambda$2@1909 (line 2021)
  0x00007f78c5a4afe4: b306 488d | 8424 5002 | 0000 4889 

  0x00007f78c5a4aff0: ;   {runtime_call C1 Runtime monitorexit_nofpu_blob}
  0x00007f78c5a4aff0: 0424 e8e9 | 99b3 06e9 | c1f0 ffff 

  0x00007f78c5a4affc: ;   {metadata({method} {0x00007f78910323e0} 'endSection' '(Ljava/lang/Object;)V' in 'androidx/compose/runtime/internal/Trace')}
  0x00007f78c5a4affc: 49ba e023 | 0391 787f | 0000 4c89 | 5424 0848 | c704 24ff 

  0x00007f78c5a4b010: ;   {runtime_call C1 Runtime counter_overflow_blob}
  0x00007f78c5a4b010: ffff ffe8 

  0x00007f78c5a4b014: ; ImmutableOopMap {rax=Oop }
                      ;*synchronization entry
                      ; - androidx.compose.runtime.internal.Trace::endSection@-1 (line 27)
                      ; - androidx.compose.runtime.Recomposer$runRecomposeAndApplyChanges$2::invokeSuspend$lambda$2@2037 (line 1963)
  0x00007f78c5a4b014: 48bb b306 | e982 f1ff 

  0x00007f78c5a4b01c: ;   {metadata({method} {0x00007f78910323e0} 'endSection' '(Ljava/lang/Object;)V' in 'androidx/compose/runtime/internal/Trace')}
  0x00007f78c5a4b01c: ff49 bae0 | 2303 9178 | 7f00 004c | 8954 2408 | 48c7 0424 | ffff ffff 

  0x00007f78c5a4b034: ;   {runtime_call C1 Runtime counter_overflow_blob}
  0x00007f78c5a4b034: e827 bbb3 

  0x00007f78c5a4b038: ; ImmutableOopMap {rax=Oop }
                      ;*synchronization entry
                      ; - androidx.compose.runtime.internal.Trace::endSection@-1 (line 27)
                      ; - androidx.compose.runtime.Recomposer$runRecomposeAndApplyChanges$2::invokeSuspend$lambda$2@70 (line 1945)
  0x00007f78c5a4b038: 06e9 35f2 | ffff 4889 | 8424 a001 | 0000 e911 | efff ff49 | 8b87 e005 | 0000 49c7 | 87e0 0500 
  0x00007f78c5a4b058: 0000 0000 | 0049 c787 | e805 0000 | 0000 0000 | 4881 c470 | 0200 005d 

  0x00007f78c5a4b070: ;   {runtime_call C1 Runtime unwind_exception_blob}
  0x00007f78c5a4b070: e96b 4cb3 | 06f4 f4f4 
[Stub Code]
  0x00007f78c5a4b078: ;   {other}
  0x00007f78c5a4b078: 0f1f 4400 

  0x00007f78c5a4b07c: ;   {static_stub}
  0x00007f78c5a4b07c: 0048 bb00 | 0000 0000 

  0x00007f78c5a4b084: ;   {runtime_call nmethod}
  0x00007f78c5a4b084: 0000 00e9 | fbff ffff 

  0x00007f78c5a4b08c: ;   {static_stub}
  0x00007f78c5a4b08c: 9048 bb00 | 0000 0000 

  0x00007f78c5a4b094: ;   {runtime_call nmethod}
  0x00007f78c5a4b094: 0000 00e9 | fbff ffff 

  0x00007f78c5a4b09c: ;   {static_stub}
  0x00007f78c5a4b09c: 9048 bb00 | 0000 0000 

  0x00007f78c5a4b0a4: ;   {runtime_call nmethod}
  0x00007f78c5a4b0a4: 0000 00e9 | fbff ffff 

  0x00007f78c5a4b0ac: ;   {static_stub}
  0x00007f78c5a4b0ac: 9048 bb00 | 0000 0000 

  0x00007f78c5a4b0b4: ;   {runtime_call nmethod}
  0x00007f78c5a4b0b4: 0000 00e9 | fbff ffff 

  0x00007f78c5a4b0bc: ;   {static_stub}
  0x00007f78c5a4b0bc: 9048 bb00 | 0000 0000 

  0x00007f78c5a4b0c4: ;   {runtime_call nmethod}
  0x00007f78c5a4b0c4: 0000 00e9 | fbff ffff 

  0x00007f78c5a4b0cc: ;   {static_stub}
  0x00007f78c5a4b0cc: 9048 bb00 | 0000 0000 

  0x00007f78c5a4b0d4: ;   {runtime_call nmethod}
  0x00007f78c5a4b0d4: 0000 00e9 | fbff ffff 

  0x00007f78c5a4b0dc: ;   {static_stub}
  0x00007f78c5a4b0dc: 9048 bb00 | 0000 0000 

  0x00007f78c5a4b0e4: ;   {runtime_call nmethod}
  0x00007f78c5a4b0e4: 0000 00e9 | fbff ffff 

  0x00007f78c5a4b0ec: ;   {static_stub}
  0x00007f78c5a4b0ec: 9048 bb00 | 0000 0000 

  0x00007f78c5a4b0f4: ;   {runtime_call nmethod}
  0x00007f78c5a4b0f4: 0000 00e9 | fbff ffff 

  0x00007f78c5a4b0fc: ;   {static_stub}
  0x00007f78c5a4b0fc: 9048 bb00 | 0000 0000 

  0x00007f78c5a4b104: ;   {runtime_call nmethod}
  0x00007f78c5a4b104: 0000 00e9 | fbff ffff 

  0x00007f78c5a4b10c: ;   {static_stub}
  0x00007f78c5a4b10c: 9048 bb70 | 05f9 9078 

  0x00007f78c5a4b114: ;   {runtime_call I2C/C2I adapters}
  0x00007f78c5a4b114: 7f00 00e9 | 9ab4 a606 

  0x00007f78c5a4b11c: ;   {static_stub}
  0x00007f78c5a4b11c: 9048 bb00 | 0000 0000 

  0x00007f78c5a4b124: ;   {runtime_call nmethod}
  0x00007f78c5a4b124: 0000 00e9 | fbff ffff 

  0x00007f78c5a4b12c: ;   {static_stub}
  0x00007f78c5a4b12c: 9048 bb00 | 0000 0000 

  0x00007f78c5a4b134: ;   {runtime_call nmethod}
  0x00007f78c5a4b134: 0000 00e9 | fbff ffff 

  0x00007f78c5a4b13c: ;   {static_stub}
  0x00007f78c5a4b13c: 9048 bb00 | 0000 0000 

  0x00007f78c5a4b144: ;   {runtime_call nmethod}
  0x00007f78c5a4b144: 0000 00e9 | fbff ffff 

  0x00007f78c5a4b14c: ;   {static_stub}
  0x00007f78c5a4b14c: 9048 bb00 | 0000 0000 

  0x00007f78c5a4b154: ;   {runtime_call nmethod}
  0x00007f78c5a4b154: 0000 00e9 | fbff ffff 

  0x00007f78c5a4b15c: ;   {static_stub}
  0x00007f78c5a4b15c: 9048 bb00 | 0000 0000 

  0x00007f78c5a4b164: ;   {runtime_call nmethod}
  0x00007f78c5a4b164: 0000 00e9 | fbff ffff 

  0x00007f78c5a4b16c: ;   {static_stub}
  0x00007f78c5a4b16c: 9048 bb00 | 0000 0000 

  0x00007f78c5a4b174: ;   {runtime_call nmethod}
  0x00007f78c5a4b174: 0000 00e9 | fbff ffff 

  0x00007f78c5a4b17c: ;   {static_stub}
  0x00007f78c5a4b17c: 9048 bb00 | 0000 0000 

  0x00007f78c5a4b184: ;   {runtime_call nmethod}
  0x00007f78c5a4b184: 0000 00e9 | fbff ffff 

  0x00007f78c5a4b18c: ;   {static_stub}
  0x00007f78c5a4b18c: 9048 bb00 | 0000 0000 

  0x00007f78c5a4b194: ;   {runtime_call nmethod}
  0x00007f78c5a4b194: 0000 00e9 | fbff ffff 

  0x00007f78c5a4b19c: ;   {static_stub}
  0x00007f78c5a4b19c: 9048 bb00 | 0000 0000 

  0x00007f78c5a4b1a4: ;   {runtime_call nmethod}
  0x00007f78c5a4b1a4: 0000 00e9 | fbff ffff 

  0x00007f78c5a4b1ac: ;   {static_stub}
  0x00007f78c5a4b1ac: 9048 bb00 | 0000 0000 

  0x00007f78c5a4b1b4: ;   {runtime_call nmethod}
  0x00007f78c5a4b1b4: 0000 00e9 | fbff ffff 

  0x00007f78c5a4b1bc: ;   {static_stub}
  0x00007f78c5a4b1bc: 9048 bb00 | 0000 0000 

  0x00007f78c5a4b1c4: ;   {runtime_call nmethod}
  0x00007f78c5a4b1c4: 0000 00e9 | fbff ffff 

  0x00007f78c5a4b1cc: ;   {static_stub}
  0x00007f78c5a4b1cc: 9048 bb18 | 6ef9 9078 

  0x00007f78c5a4b1d4: ;   {runtime_call I2C/C2I adapters}
  0x00007f78c5a4b1d4: 7f00 00e9 | d663 a606 

  0x00007f78c5a4b1dc: ;   {static_stub}
  0x00007f78c5a4b1dc: 9048 bb00 | 0000 0000 

  0x00007f78c5a4b1e4: ;   {runtime_call nmethod}
  0x00007f78c5a4b1e4: 0000 00e9 | fbff ffff 

  0x00007f78c5a4b1ec: ;   {static_stub}
  0x00007f78c5a4b1ec: 9048 bb00 | 0000 0000 

  0x00007f78c5a4b1f4: ;   {runtime_call nmethod}
  0x00007f78c5a4b1f4: 0000 00e9 | fbff ffff 

  0x00007f78c5a4b1fc: ;   {static_stub}
  0x00007f78c5a4b1fc: 9048 bb30 | 77f9 9078 

  0x00007f78c5a4b204: ;   {runtime_call I2C/C2I adapters}
  0x00007f78c5a4b204: 7f00 00e9 | a663 a606 

  0x00007f78c5a4b20c: ;   {static_stub}
  0x00007f78c5a4b20c: 9048 bb00 | 0000 0000 

  0x00007f78c5a4b214: ;   {runtime_call nmethod}
  0x00007f78c5a4b214: 0000 00e9 | fbff ffff 

  0x00007f78c5a4b21c: ;   {static_stub}
  0x00007f78c5a4b21c: 9048 bb00 | 0000 0000 

  0x00007f78c5a4b224: ;   {runtime_call nmethod}
  0x00007f78c5a4b224: 0000 00e9 | fbff ffff 

  0x00007f78c5a4b22c: ;   {static_stub}
  0x00007f78c5a4b22c: 9048 bb00 | 0000 0000 

  0x00007f78c5a4b234: ;   {runtime_call nmethod}
  0x00007f78c5a4b234: 0000 00e9 | fbff ffff 

  0x00007f78c5a4b23c: ;   {static_stub}
  0x00007f78c5a4b23c: 9048 bb00 | 0000 0000 

  0x00007f78c5a4b244: ;   {runtime_call nmethod}
  0x00007f78c5a4b244: 0000 00e9 | fbff ffff 

  0x00007f78c5a4b24c: ;   {static_stub}
  0x00007f78c5a4b24c: 9048 bb00 | 0000 0000 

  0x00007f78c5a4b254: ;   {runtime_call nmethod}
  0x00007f78c5a4b254: 0000 00e9 | fbff ffff 

  0x00007f78c5a4b25c: ;   {static_stub}
  0x00007f78c5a4b25c: 9048 bb00 | 0000 0000 

  0x00007f78c5a4b264: ;   {runtime_call nmethod}
  0x00007f78c5a4b264: 0000 00e9 | fbff ffff 

  0x00007f78c5a4b26c: ;   {static_stub}
  0x00007f78c5a4b26c: 9048 bb00 | 0000 0000 

  0x00007f78c5a4b274: ;   {runtime_call nmethod}
  0x00007f78c5a4b274: 0000 00e9 | fbff ffff 

  0x00007f78c5a4b27c: ;   {static_stub}
  0x00007f78c5a4b27c: 9048 bb00 | 0000 0000 

  0x00007f78c5a4b284: ;   {runtime_call nmethod}
  0x00007f78c5a4b284: 0000 00e9 | fbff ffff 

  0x00007f78c5a4b28c: ;   {static_stub}
  0x00007f78c5a4b28c: 9048 bb00 | 0000 0000 

  0x00007f78c5a4b294: ;   {runtime_call nmethod}
  0x00007f78c5a4b294: 0000 00e9 | fbff ffff 

  0x00007f78c5a4b29c: ;   {static_stub}
  0x00007f78c5a4b29c: 9048 bb00 | 0000 0000 

  0x00007f78c5a4b2a4: ;   {runtime_call nmethod}
  0x00007f78c5a4b2a4: 0000 00e9 | fbff ffff 

  0x00007f78c5a4b2ac: ;   {static_stub}
  0x00007f78c5a4b2ac: 9048 bb00 | 0000 0000 

  0x00007f78c5a4b2b4: ;   {runtime_call nmethod}
  0x00007f78c5a4b2b4: 0000 00e9 | fbff ffff 

  0x00007f78c5a4b2bc: ;   {static_stub}
  0x00007f78c5a4b2bc: 9048 bb00 | 0000 0000 

  0x00007f78c5a4b2c4: ;   {runtime_call nmethod}
  0x00007f78c5a4b2c4: 0000 00e9 | fbff ffff 

  0x00007f78c5a4b2cc: ;   {static_stub}
  0x00007f78c5a4b2cc: 48bb 0000 | 0000 0000 

  0x00007f78c5a4b2d4: ;   {runtime_call nmethod}
  0x00007f78c5a4b2d4: 0000 e9fb 

  0x00007f78c5a4b2d8: ;   {static_stub}
  0x00007f78c5a4b2d8: ffff ff48 | bb00 0000 | 0000 0000 

  0x00007f78c5a4b2e4: ;   {runtime_call nmethod}
  0x00007f78c5a4b2e4: 00e9 fbff 

  0x00007f78c5a4b2e8: ;   {static_stub}
  0x00007f78c5a4b2e8: ffff 48bb | 0000 0000 | 0000 0000 

  0x00007f78c5a4b2f4: ;   {runtime_call nmethod}
  0x00007f78c5a4b2f4: e9fb ffff 

  0x00007f78c5a4b2f8: ;   {static_stub}
  0x00007f78c5a4b2f8: ff48 bb00 | 0000 0000 

  0x00007f78c5a4b300: ;   {runtime_call nmethod}
  0x00007f78c5a4b300: 0000 00e9 | fbff ffff 

  0x00007f78c5a4b308: ;   {static_stub}
  0x00007f78c5a4b308: 48bb 0000 | 0000 0000 

  0x00007f78c5a4b310: ;   {runtime_call nmethod}
  0x00007f78c5a4b310: 0000 e9fb 

  0x00007f78c5a4b314: ;   {static_stub}
  0x00007f78c5a4b314: ffff ff48 | bb00 0000 | 0000 0000 

  0x00007f78c5a4b320: ;   {runtime_call nmethod}
  0x00007f78c5a4b320: 00e9 fbff 

  0x00007f78c5a4b324: ;   {static_stub}
  0x00007f78c5a4b324: ffff 48bb | 0000 0000 | 0000 0000 

  0x00007f78c5a4b330: ;   {runtime_call nmethod}
  0x00007f78c5a4b330: e9fb ffff 

  0x00007f78c5a4b334: ;   {static_stub}
  0x00007f78c5a4b334: ff48 bb00 | 0000 0000 

  0x00007f78c5a4b33c: ;   {runtime_call nmethod}
  0x00007f78c5a4b33c: 0000 00e9 | fbff ffff 

  0x00007f78c5a4b344: ;   {static_stub}
  0x00007f78c5a4b344: 48bb 0000 | 0000 0000 

  0x00007f78c5a4b34c: ;   {runtime_call nmethod}
  0x00007f78c5a4b34c: 0000 e9fb 

  0x00007f78c5a4b350: ;   {static_stub}
  0x00007f78c5a4b350: ffff ff48 | bb00 0000 | 0000 0000 

  0x00007f78c5a4b35c: ;   {runtime_call nmethod}
  0x00007f78c5a4b35c: 00e9 fbff 

  0x00007f78c5a4b360: ;   {static_stub}
  0x00007f78c5a4b360: ffff 48bb | 0000 0000 | 0000 0000 

  0x00007f78c5a4b36c: ;   {runtime_call nmethod}
  0x00007f78c5a4b36c: e9fb ffff 

  0x00007f78c5a4b370: ;   {static_stub}
  0x00007f78c5a4b370: ff48 bb20 | 51f7 9078 

  0x00007f78c5a4b378: ;   {runtime_call I2C/C2I adapters}
  0x00007f78c5a4b378: 7f00 00e9 | 36b2 a606 

  0x00007f78c5a4b380: ;   {static_stub}
  0x00007f78c5a4b380: 48bb 0000 | 0000 0000 

  0x00007f78c5a4b388: ;   {runtime_call nmethod}
  0x00007f78c5a4b388: 0000 e9fb 

  0x00007f78c5a4b38c: ;   {static_stub}
  0x00007f78c5a4b38c: ffff ff48 | bb00 0000 | 0000 0000 

  0x00007f78c5a4b398: ;   {runtime_call nmethod}
  0x00007f78c5a4b398: 00e9 fbff 

  0x00007f78c5a4b39c: ;   {static_stub}
  0x00007f78c5a4b39c: ffff 48bb | 0000 0000 | 0000 0000 

  0x00007f78c5a4b3a8: ;   {runtime_call nmethod}
  0x00007f78c5a4b3a8: e9fb ffff 

  0x00007f78c5a4b3ac: ;   {static_stub}
  0x00007f78c5a4b3ac: ff48 bb00 | 0000 0000 

  0x00007f78c5a4b3b4: ;   {runtime_call nmethod}
  0x00007f78c5a4b3b4: 0000 00e9 | fbff ffff 

  0x00007f78c5a4b3bc: ;   {static_stub}
  0x00007f78c5a4b3bc: 48bb d01f | e290 787f 

  0x00007f78c5a4b3c4: ;   {runtime_call I2C/C2I adapters}
  0x00007f78c5a4b3c4: 0000 e96f 

  0x00007f78c5a4b3c8: ;   {static_stub}
  0x00007f78c5a4b3c8: 00a6 0648 | bb00 0000 | 0000 0000 

  0x00007f78c5a4b3d4: ;   {runtime_call nmethod}
  0x00007f78c5a4b3d4: 00e9 fbff 

  0x00007f78c5a4b3d8: ;   {static_stub}
  0x00007f78c5a4b3d8: ffff 48bb | 0000 0000 | 0000 0000 

  0x00007f78c5a4b3e4: ;   {runtime_call nmethod}
  0x00007f78c5a4b3e4: e9fb ffff 

  0x00007f78c5a4b3e8: ;   {static_stub}
  0x00007f78c5a4b3e8: ff48 bb00 | 0000 0000 

  0x00007f78c5a4b3f0: ;   {runtime_call nmethod}
  0x00007f78c5a4b3f0: 0000 00e9 | fbff ffff 

  0x00007f78c5a4b3f8: ;   {static_stub}
  0x00007f78c5a4b3f8: 48bb 0000 | 0000 0000 

  0x00007f78c5a4b400: ;   {runtime_call nmethod}
  0x00007f78c5a4b400: 0000 e9fb 

  0x00007f78c5a4b404: ;   {static_stub}
  0x00007f78c5a4b404: ffff ff48 | bb00 0000 | 0000 0000 

  0x00007f78c5a4b410: ;   {runtime_call nmethod}
  0x00007f78c5a4b410: 00e9 fbff 

  0x00007f78c5a4b414: ;   {static_stub}
  0x00007f78c5a4b414: ffff 48bb | 0000 0000 | 0000 0000 

  0x00007f78c5a4b420: ;   {runtime_call nmethod}
  0x00007f78c5a4b420: e9fb ffff 

  0x00007f78c5a4b424: ;   {static_stub}
  0x00007f78c5a4b424: ff48 bb00 | 0000 0000 

  0x00007f78c5a4b42c: ;   {runtime_call nmethod}
  0x00007f78c5a4b42c: 0000 00e9 | fbff ffff 

  0x00007f78c5a4b434: ;   {static_stub}
  0x00007f78c5a4b434: 48bb 0000 | 0000 0000 

  0x00007f78c5a4b43c: ;   {runtime_call nmethod}
  0x00007f78c5a4b43c: 0000 e9fb 

  0x00007f78c5a4b440: ;   {static_stub}
  0x00007f78c5a4b440: ffff ff48 | bb00 0000 | 0000 0000 

  0x00007f78c5a4b44c: ;   {runtime_call nmethod}
  0x00007f78c5a4b44c: 00e9 fbff 

  0x00007f78c5a4b450: ;   {runtime_call C1 Runtime handle_exception_from_callee_blob}
  0x00007f78c5a4b450: ffff e889 

  0x00007f78c5a4b454: ;   {external_word}
  0x00007f78c5a4b454: 79b3 0648 | bf99 ef4d | dc78 7f00 | 0048 83e4 

  0x00007f78c5a4b464: ;   {runtime_call MacroAssembler::debug64(char*, long, long*)}
  0x00007f78c5a4b464: f0e8 a6b1 

  0x00007f78c5a4b468: ;   {section_word}
  0x00007f78c5a4b468: 6e17 f449 | ba6b b4a4 | c578 7f00 

  0x00007f78c5a4b474: ;   {runtime_call DeoptimizationBlob}
  0x00007f78c5a4b474: 0041 52e9 | 643e a606 | f4f4 f4f4 
[/MachCode]


Compiled method (c1) 2047337 7324       3       androidx.compose.runtime.Recomposer$runRecomposeAndApplyChanges$2$$Lambda/0x000000002159aaf0::invoke (47 bytes)
 total in heap  [0x00007f78c5a40b08,0x00007f78c5a40ec0] = 952
 main code      [0x00007f78c5a40c00,0x00007f78c5a40e78] = 632
 stub code      [0x00007f78c5a40e78,0x00007f78c5a40eb8] = 64
 oops           [0x00007f78c5a40eb8,0x00007f78c5a40ec0] = 8
 mutable data [0x00007f7878042e70,0x00007f7878042ec8] = 88
 relocation     [0x00007f7878042e70,0x00007f7878042eb8] = 72
 metadata       [0x00007f7878042eb8,0x00007f7878042ec8] = 16
 immutable data [0x00007f7878042dc0,0x00007f7878042e60] = 160
 dependencies   [0x00007f7878042dc0,0x00007f7878042dc8] = 8
 nul chk table  [0x00007f7878042dc8,0x00007f7878042dd8] = 16
 scopes pcs     [0x00007f7878042dd8,0x00007f7878042e38] = 96
 scopes data    [0x00007f7878042e38,0x00007f7878042e60] = 40

[Constant Pool (empty)]

[MachCode]
[Instructions begin]
  0x00007f78c5a40c00: 660f 1f84 | 0000 0000 | 0066 0f1f | 8400 0000 | 0000 448b | 5608 443b 

  0x00007f78c5a40c18: ;   {runtime_call Shared Runtime ic_miss_blob}
  0x00007f78c5a40c18: 5008 0f85 | c0c9 a606 
[Verified Entry Point]
  0x00007f78c5a40c20: 8984 2400 | c0fe ff55 | 4881 ec90 | 0000 0090 | 4181 7f20 | 0500 0000 

  0x00007f78c5a40c38: ;   {runtime_call Stub::method_entry_barrier}
  0x00007f78c5a40c38: 7405 e861 

  0x00007f78c5a40c3c: ;   {metadata(method data for {method} {0x00007f7892a07030} 'invoke' '(Ljava/lang/Object;)Ljava/lang/Object;' in 'androidx/compose/runtime/Recomposer$runRecomposeAndApplyChanges$2$$Lambda+0x000000002159aaf0')}
  0x00007f78c5a40c3c: b7a5 0648 | b978 96d2 | 9278 7f00 | 0044 8b81 | 9000 0000 | 4183 c002 | 4489 8190 | 0000 0041 
  0x00007f78c5a40c5c: 81e0 fe07 | 0000 4585 | c00f 849c | 0100 008b | 4e0c 48c1 | e103 448b | 4610 49c1 | e003 448b 
  0x00007f78c5a40c7c: 4e14 49c1 | e103 8b7e | 1848 c1e7 | 038b 5e1c | 48c1 e303 | 8b46 2048 | c1e0 0344 | 8b5e 2449 
  0x00007f78c5a40c9c: c1e3 0344 | 8b6e 2849 | c1e5 0344 | 8b76 2c49 | c1e6 034c | 89ac 2480 | 0000 004c | 8974 2478 
  0x00007f78c5a40cbc: ;   {metadata(method data for {method} {0x00007f7892a07030} 'invoke' '(Ljava/lang/Object;)Ljava/lang/Object;' in 'androidx/compose/runtime/Recomposer$runRecomposeAndApplyChanges$2$$Lambda+0x000000002159aaf0')}
  0x00007f78c5a40cbc: 4885 d249 | bd78 96d2 | 9278 7f00 | 0075 0d41 | 808d d100 | 0000 01e9 | 9500 0000 | 448b 7208 
  0x00007f78c5a40cdc: 4d3b b5e0 | 0000 0075 | 0d49 8385 | e800 0000 | 01e9 6000 | 0000 4d3b | b5f0 0000 | 0075 0d49 
  0x00007f78c5a40cfc: 8385 f800 | 0000 01e9 | 4a00 0000 | 4983 bde0 | 0000 0000 | 7517 4d89 | b5e0 0000 | 0049 c785 
  0x00007f78c5a40d1c: e800 0000 | 0100 0000 | e929 0000 | 0049 83bd | f000 0000 | 0075 174d | 89b5 f000 | 0000 49c7 
  0x00007f78c5a40d3c: 85f8 0000 | 0001 0000 | 00e9 0800 | 0000 4983 | 85d8 0000 

  0x00007f78c5a40d50: ;   {metadata('java/lang/Long')}
  0x00007f78c5a40d50: 0001 49be | f0a7 0121 | 0000 0000 | 8b72 084c | 3bf6 0f85 | c000 0000 | e900 0000 | 0048 8bf2 
  0x00007f78c5a40d70: ; implicit exception: dispatches to 0x00007f78c5a40e31
  0x00007f78c5a40d70: 483b 0648 

  0x00007f78c5a40d74: ;   {metadata(method data for {method} {0x00007f7892a07030} 'invoke' '(Ljava/lang/Object;)Ljava/lang/Object;' in 'androidx/compose/runtime/Recomposer$runRecomposeAndApplyChanges$2$$Lambda+0x000000002159aaf0')}
  0x00007f78c5a40d74: 8bd6 49bd | 7896 d292 | 787f 0000 

  0x00007f78c5a40d80: ;   {metadata('java/lang/Long')}
  0x00007f78c5a40d80: 49ba f0a7 | 0121 0000 | 0000 4d89 | 9510 0100 | 0049 8385 | 1801 0000 | 014c 8b6e 

  0x00007f78c5a40d9c: ;   {metadata(method data for {method} {0x00007f7892a07030} 'invoke' '(Ljava/lang/Object;)Ljava/lang/Object;' in 'androidx/compose/runtime/Recomposer$runRecomposeAndApplyChanges$2$$Lambda+0x000000002159aaf0')}
  0x00007f78c5a40d9c: 1048 be78 | 96d2 9278 | 7f00 0048 | 8386 3801 | 0000 0148 | 8bf1 498b | d049 8bc9 | 4c8b c74c 
  0x00007f78c5a40dbc: 8bcb 488b | f84c 891c | 2448 8b9c | 2480 0000 | 0048 895c | 2408 4c8b | 7424 784c | 8974 2410 
  0x00007f78c5a40ddc: 4c89 6c24 | 1866 0f1f 

  0x00007f78c5a40de4: ;   {static_call}
  0x00007f78c5a40de4: 4400 00e8 

  0x00007f78c5a40de8: ; ImmutableOopMap {}
                      ;*invokestatic invokeSuspend$lambda$2 {reexecute=0 rethrow=0 return_oop=0}
                      ; - androidx.compose.runtime.Recomposer$runRecomposeAndApplyChanges$2$$Lambda/0x000000002159aaf0::invoke@43
  0x00007f78c5a40de8: 1414 0000 

  0x00007f78c5a40dec: ;   {post_call_nop}
  0x00007f78c5a40dec: 0f1f 8400 | e402 0000 | 4881 c490 | 0000 005d 

  0x00007f78c5a40dfc: ;   {poll_return}
  0x00007f78c5a40dfc: 493b 6728 | 0f87 3000 

  0x00007f78c5a40e04: ;   {metadata({method} {0x00007f7892a07030} 'invoke' '(Ljava/lang/Object;)Ljava/lang/Object;' in 'androidx/compose/runtime/Recomposer$runRecomposeAndApplyChanges$2$$Lambda+0x000000002159aaf0')}
  0x00007f78c5a40e04: 0000 c349 | ba30 70a0 | 9278 7f00 | 004c 8954 | 2408 48c7 | 0424 ffff 

  0x00007f78c5a40e1c: ;   {runtime_call C1 Runtime counter_overflow_blob}
  0x00007f78c5a40e1c: ffff e83d 

  0x00007f78c5a40e20: ; ImmutableOopMap {rsi=Oop rdx=Oop }
                      ;*synchronization entry
                      ; - androidx.compose.runtime.Recomposer$runRecomposeAndApplyChanges$2$$Lambda/0x000000002159aaf0::invoke@-1
  0x00007f78c5a40e20: 5db4 06e9 | 43fe ffff | 4889 1424 

  0x00007f78c5a40e2c: ;   {runtime_call C1 Runtime throw_class_cast_exception_blob}
  0x00007f78c5a40e2c: e8af 25b4 

  0x00007f78c5a40e30: ; ImmutableOopMap {rcx=Oop r8=Oop r9=Oop rdi=Oop rbx=Oop rax=Oop r11=Oop [120]=Oop [128]=Oop }
                      ;*checkcast {reexecute=0 rethrow=0 return_oop=0}
                      ; - androidx.compose.runtime.Recomposer$runRecomposeAndApplyChanges$2$$Lambda/0x000000002159aaf0::invoke@37
                      ;   {runtime_call C1 Runtime throw_null_pointer_exception_blob}
  0x00007f78c5a40e30: 06e8 aafd 

  0x00007f78c5a40e34: ; ImmutableOopMap {rcx=Oop r8=Oop r9=Oop rdi=Oop rbx=Oop rax=Oop r11=Oop rsi=Oop [120]=Oop [128]=Oop }
                      ;*invokevirtual longValue {reexecute=0 rethrow=0 return_oop=0}
                      ; - androidx.compose.runtime.Recomposer$runRecomposeAndApplyChanges$2$$Lambda/0x000000002159aaf0::invoke@40
                      ;   {internal_word}
  0x00007f78c5a40e34: b306 49ba | fc0d a4c5 | 787f 0000 | 4d89 9738 

  0x00007f78c5a40e44: ;   {runtime_call SafepointBlob}
  0x00007f78c5a40e44: 0500 00e9 | 14fd a606 | 498b 87e0 | 0500 0049 | c787 e005 | 0000 0000 | 0000 49c7 | 87e8 0500 
  0x00007f78c5a40e64: 0000 0000 | 0048 81c4 | 9000 0000 

  0x00007f78c5a40e70: ;   {runtime_call C1 Runtime unwind_exception_blob}
  0x00007f78c5a40e70: 5de9 6aee | b306 f4f4 
[Stub Code]
  0x00007f78c5a40e78: ;   {static_stub}
  0x00007f78c5a40e78: 48bb 4868 | f790 787f 

  0x00007f78c5a40e80: ;   {runtime_call I2C/C2I adapters}
  0x00007f78c5a40e80: 0000 e9e7 

  0x00007f78c5a40e84: ;   {runtime_call C1 Runtime handle_exception_from_callee_blob}
  0x00007f78c5a40e84: f6d8 06e8 | 541f b406 

  0x00007f78c5a40e8c: ;   {external_word}
  0x00007f78c5a40e8c: 48bf 99ef | 4ddc 787f | 0000 4883 

  0x00007f78c5a40e98: ;   {runtime_call MacroAssembler::debug64(char*, long, long*)}
  0x00007f78c5a40e98: e4f0 e871 | 576f 17f4 
[Deopt Handler Code]
  0x00007f78c5a40ea0: ;   {section_word}
  0x00007f78c5a40ea0: 49ba a00e | a4c5 787f | 0000 4152 

  0x00007f78c5a40eac: ;   {runtime_call DeoptimizationBlob}
  0x00007f78c5a40eac: e92f e4a6 | 06f4 f4f4 | f4f4 f4f4 
[/MachCode]


---------------  P R O C E S S  ---------------

Threads class SMR info:
_java_thread_list=0x00007f78743b14f0, length=28, elements={
0x00007f78d402f350, 0x00007f78d416ac80, 0x00007f78d4187890, 0x00007f78d4188f30,
0x00007f78d418a960, 0x00007f78d418c1c0, 0x00007f78d418d970, 0x00007f78d418f3f0,
0x00007f78d4190d10, 0x00007f78d421fad0, 0x00007f78d473fad0, 0x00007f78d4740c60,
0x00007f78d48b2810, 0x00007f78d48b3280, 0x00007f785004b8b0, 0x00007f78d48bd520,
0x00007f785003d9d0, 0x00007f78d48e74e0, 0x00007f78d48e9190, 0x00007f78682e0440,
0x00007f78683b4a40, 0x00007f785c1666d0, 0x00007f785c1687d0, 0x00007f78a4008c90,
0x00007f78a4009fa0, 0x00007f78699c8f70, 0x000055ebc500c030, 0x00007f78743b0610
}

Java Threads: ( => current thread )
  0x00007f78d402f350 JavaThread "main"                              [_thread_blocked, id=1041995, stack(0x00007f78dbfc9000,0x00007f78dc0c9000) (1024K)]
  0x00007f78d416ac80 JavaThread "Common-Cleaner"             daemon [_thread_blocked, id=1042003, stack(0x00007f78a135b000,0x00007f78a145b000) (1024K)]
  0x00007f78d4187890 JavaThread "Reference Handler"          daemon [_thread_blocked, id=1042004, stack(0x00007f78a0f00000,0x00007f78a1000000) (1024K)]
  0x00007f78d4188f30 JavaThread "Finalizer"                  daemon [_thread_blocked, id=1042005, stack(0x00007f78a0dff000,0x00007f78a0eff000) (1024K)]
  0x00007f78d418a960 JavaThread "Signal Dispatcher"          daemon [_thread_blocked, id=1042006, stack(0x00007f78a0cfe000,0x00007f78a0dfe000) (1024K)]
  0x00007f78d418c1c0 JavaThread "Service Thread"             daemon [_thread_blocked, id=1042007, stack(0x00007f78a0bfd000,0x00007f78a0cfd000) (1024K)]
  0x00007f78d418d970 JavaThread "Monitor Deflation Thread"   daemon [_thread_blocked, id=1042008, stack(0x00007f78a0afc000,0x00007f78a0bfc000) (1024K)]
  0x00007f78d418f3f0 JavaThread "C2 CompilerThread0"         daemon [_thread_blocked, id=1042009, stack(0x00007f78a09fb000,0x00007f78a0afb000) (1024K)]
  0x00007f78d4190d10 JavaThread "C1 CompilerThread0"         daemon [_thread_blocked, id=1042010, stack(0x00007f78a08fa000,0x00007f78a09fa000) (1024K)]
  0x00007f78d421fad0 JavaThread "Notification Thread"        daemon [_thread_blocked, id=1042012, stack(0x00007f78a06f8000,0x00007f78a07f8000) (1024K)]
  0x00007f78d473fad0 JavaThread "Java2D Disposer"            daemon [_thread_blocked, id=1042023, stack(0x00007f7856500000,0x00007f7856600000) (1024K)]
  0x00007f78d4740c60 JavaThread "AWT-XAWT"                   daemon [_thread_in_native, id=1042024, stack(0x00007f7855808000,0x00007f7855908000) (1024K)]
  0x00007f78d48b2810 JavaThread "DefaultDispatcher-worker-1" daemon [_thread_blocked, id=1042027, stack(0x00007f784d6f0000,0x00007f784d7f0000) (1024K)]
  0x00007f78d48b3280 JavaThread "DefaultDispatcher-worker-2" daemon [_thread_blocked, id=1042028, stack(0x00007f784d5ef000,0x00007f784d6ef000) (1024K)]
  0x00007f785004b8b0 JavaThread "DefaultDispatcher-worker-3" daemon [_thread_blocked, id=1042029, stack(0x00007f784d4ee000,0x00007f784d5ee000) (1024K)]
  0x00007f78d48bd520 JavaThread "Reference Cleaner"          daemon [_thread_blocked, id=1042030, stack(0x00007f784d3ed000,0x00007f784d4ed000) (1024K)]
  0x00007f785003d9d0 JavaThread "kotlinx.coroutines.DefaultExecutor" daemon [_thread_blocked, id=1042031, stack(0x00007f784d2ec000,0x00007f784d3ec000) (1024K)]
  0x00007f78d48e74e0 JavaThread "AWT-Shutdown"                      [_thread_blocked, id=1042032, stack(0x00007f784d1eb000,0x00007f784d2eb000) (1024K)]
=>0x00007f78d48e9190 JavaThread "AWT-EventQueue-0"                  [_thread_in_native, id=1042033, stack(0x00007f784d0ea000,0x00007f784d1ea000) (1024K)]
  0x00007f78682e0440 JavaThread "TimerQueue"                 daemon [_thread_blocked, id=1042034, stack(0x00007f784cfe9000,0x00007f784d0e9000) (1024K)]
  0x00007f78683b4a40 JavaThread "JNA Cleaner"                daemon [_thread_blocked, id=1042038, stack(0x00007f784cb00000,0x00007f784cc00000) (1024K)]
  0x00007f785c1666d0 JavaThread "DefaultDispatcher-worker-4" daemon [_thread_blocked, id=1042078, stack(0x00007f784cee8000,0x00007f784cfe8000) (1024K)]
  0x00007f785c1687d0 JavaThread "DefaultDispatcher-worker-5" daemon [_thread_blocked, id=1042079, stack(0x00007f7832e02000,0x00007f7832f02000) (1024K)]
  0x00007f78a4008c90 JavaThread "DefaultDispatcher-worker-6" daemon [_thread_blocked, id=1042080, stack(0x00007f7832d01000,0x00007f7832e01000) (1024K)]
  0x00007f78a4009fa0 JavaThread "DefaultDispatcher-worker-7" daemon [_thread_blocked, id=1042081, stack(0x00007f7832c00000,0x00007f7832d00000) (1024K)]
  0x00007f78699c8f70 JavaThread "skiko-dispatcher-to-block-on" daemon [_thread_blocked, id=1049262, stack(0x00007f78a04f6000,0x00007f78a05f6000) (1024K)]
  0x000055ebc500c030 JavaThread "skiko-dispatcher-to-block-on" daemon [_thread_blocked, id=1049263, stack(0x00007f78a03f5000,0x00007f78a04f5000) (1024K)]
  0x00007f78743b0610 JavaThread "C2 CompilerThread1"         daemon [_thread_blocked, id=1049266, stack(0x00007f783ceff000,0x00007f783cfff000) (1024K)]
Total: 28

Other Threads:
  0x00007f78d414e760 VMThread "VM Thread"                           [id=1042002, stack(0x00007f78a145c000,0x00007f78a155c000) (1024K)]
  0x00007f78d410cc20 WatcherThread "VM Periodic Task Thread"        [id=1042001, stack(0x00007f78a155d000,0x00007f78a165d000) (1024K)]
  0x00007f78d405e6d0 WorkerThread "GC Thread#0"                     [id=1041996, stack(0x00007f78b0e4a000,0x00007f78b0f4a000) (1024K)]
  0x00007f788800a4b0 WorkerThread "GC Thread#1"                     [id=1042039, stack(0x00007f784c9ff000,0x00007f784caff000) (1024K)]
  0x00007f788800b270 WorkerThread "GC Thread#2"                     [id=1042040, stack(0x00007f784c8fe000,0x00007f784c9fe000) (1024K)]
  0x00007f788800c030 WorkerThread "GC Thread#3"                     [id=1042041, stack(0x00007f784c7fd000,0x00007f784c8fd000) (1024K)]
  0x00007f788800cdf0 WorkerThread "GC Thread#4"                     [id=1042042, stack(0x00007f784c6fc000,0x00007f784c7fc000) (1024K)]
  0x00007f788800e000 WorkerThread "GC Thread#5"                     [id=1042043, stack(0x00007f784c5fb000,0x00007f784c6fb000) (1024K)]
  0x00007f788800edc0 WorkerThread "GC Thread#6"                     [id=1042044, stack(0x00007f784c4fa000,0x00007f784c5fa000) (1024K)]
  0x00007f788800fb80 WorkerThread "GC Thread#7"                     [id=1042045, stack(0x00007f784c3f9000,0x00007f784c4f9000) (1024K)]
  0x00007f7888010940 WorkerThread "GC Thread#8"                     [id=1042046, stack(0x00007f784c2f8000,0x00007f784c3f8000) (1024K)]
  0x00007f7888011740 WorkerThread "GC Thread#9"                     [id=1042047, stack(0x00007f784c1f7000,0x00007f784c2f7000) (1024K)]
  0x00007f7888012540 WorkerThread "GC Thread#10"                    [id=1042048, stack(0x00007f784c0f6000,0x00007f784c1f6000) (1024K)]
  0x00007f7888013340 WorkerThread "GC Thread#11"                    [id=1042049, stack(0x00007f7847f00000,0x00007f7848000000) (1024K)]
  0x00007f7888014140 WorkerThread "GC Thread#12"                    [id=1042050, stack(0x00007f7847dff000,0x00007f7847eff000) (1024K)]
  0x00007f7888014f40 WorkerThread "GC Thread#13"                    [id=1042051, stack(0x00007f7847cfe000,0x00007f7847dfe000) (1024K)]
  0x00007f7888015d40 WorkerThread "GC Thread#14"                    [id=1042052, stack(0x00007f7847bfd000,0x00007f7847cfd000) (1024K)]
  0x00007f7888016b40 WorkerThread "GC Thread#15"                    [id=1042053, stack(0x00007f7847afc000,0x00007f7847bfc000) (1024K)]
  0x00007f7888017940 WorkerThread "GC Thread#16"                    [id=1042054, stack(0x00007f78479fb000,0x00007f7847afb000) (1024K)]
  0x00007f7888018740 WorkerThread "GC Thread#17"                    [id=1042055, stack(0x00007f78478fa000,0x00007f78479fa000) (1024K)]
  0x00007f78d4077360 ConcurrentGCThread "G1 Main Marker"            [id=1041997, stack(0x00007f78b0d49000,0x00007f78b0e49000) (1024K)]
  0x00007f78d4078560 WorkerThread "G1 Conc#0"                       [id=1041998, stack(0x00007f78b0c48000,0x00007f78b0d48000) (1024K)]
  0x00007f78a4003210 WorkerThread "G1 Conc#1"                       [id=1042056, stack(0x00007f78476de000,0x00007f78477de000) (1024K)]
  0x00007f78a4003b60 WorkerThread "G1 Conc#2"                       [id=1042057, stack(0x00007f78475dd000,0x00007f78476dd000) (1024K)]
  0x00007f78a4004940 WorkerThread "G1 Conc#3"                       [id=1042058, stack(0x00007f78474dc000,0x00007f78475dc000) (1024K)]
  0x00007f78a4005750 WorkerThread "G1 Conc#4"                       [id=1042059, stack(0x00007f78473db000,0x00007f78474db000) (1024K)]
  0x00007f78d40fe060 ConcurrentGCThread "G1 Refine#0"               [id=1041999, stack(0x00007f78a18fa000,0x00007f78a19fa000) (1024K)]
  0x00007f78d40ff250 ConcurrentGCThread "G1 Service"                [id=1042000, stack(0x00007f78a17f9000,0x00007f78a18f9000) (1024K)]
Total: 28

Threads with active compile tasks:
Total: 0

VM state: not at safepoint (normal execution)

VM Mutex/Monitor currently owned by a thread: None

Heap address: 0x0000000421000000, size: 15856 MB, Compressed Oops mode: Zero based, Oop shift amount: 3

CDS archive(s) not mapped
Compressed class space mapped at: 0x0000000021000000-0x0000000061000000, reserved size: 1073741824
UseCompressedClassPointers 1, UseCompactObjectHeaders 0
Narrow klass pointer bits 32, Max shift 3
Narrow klass base: 0x0000000000000000, Narrow klass shift: 0
Encoding Range: [0x0000000000000000 - 0x0000000100000000), (4294967296 bytes)
Klass Range:    [0x0000000021000000 - 0x0000000061000000), (1073741824 bytes)
Klass ID Range:  [553648128 - 1627389945) (1073741817)
No protection zone.

GC Precious Log:
 CardTable entry size: 512
 Card Set container configuration: InlinePtr #cards 4 size 8 Array Of Cards #cards 64 size 144 Howl #buckets 8 coarsen threshold 14745 Howl Bitmap #cards 2048 size 272 coarsen threshold 1843 Card regions per heap region 1 cards per card region 16384
 CPUs: 24 total, 24 available
 Memory: 63403M
 Large Page Support: Disabled
 NUMA Support: Disabled
 Compressed Oops: Enabled (Zero based)
 Heap Region Size: 8M
 Heap Min Capacity: 8M
 Heap Initial Capacity: 992M
 Heap Max Capacity: 15856M
 Pre-touch: Disabled
 Parallel Workers: 18
 Concurrent Workers: 5
 Concurrent Refinement Workers: 18
 Periodic GC: Disabled

Heap:
 garbage-first heap   total reserved 16236544K, committed 65536K, used 22699K [0x0000000421000000, 0x0000000800000000)
  region size 8192K, 3 young (24576K), 1 survivors (8192K)

Heap Regions: E=young(eden), S=young(survivor), O=old, HS=humongous(starts), HC=humongous(continues), CS=collection set, F=free, TAMS=top-at-mark-start, PB=parsable bottom
|   0|0x0000000421000000, 0x000000042160cd48, 0x0000000421800000| 75%| O|  |TAMS 0x0000000421000000| PB 0x0000000421000000| Untracked |  0
|   1|0x0000000421800000, 0x0000000421c120f0, 0x0000000422000000| 50%| O|  |TAMS 0x0000000421800000| PB 0x0000000421800000| Untracked |  0
|   2|0x0000000422000000, 0x0000000422000000, 0x0000000422800000|  0%| F|  |TAMS 0x0000000422000000| PB 0x0000000422000000| Untracked |  0
|   3|0x0000000422800000, 0x0000000422c0be40, 0x0000000423000000| 50%| S|CS|TAMS 0x0000000422800000| PB 0x0000000422800000| Complete |  0
|   4|0x0000000423000000, 0x0000000423000000, 0x0000000423800000|  0%| F|  |TAMS 0x0000000423000000| PB 0x0000000423000000| Untracked |  0
|  42|0x0000000436000000, 0x0000000436000000, 0x0000000436800000|  0%| F|  |TAMS 0x0000000436000000| PB 0x0000000436000000| Untracked |  0
| 122|0x000000045e000000, 0x000000045e661fb0, 0x000000045e800000| 79%| E|  |TAMS 0x000000045e000000| PB 0x000000045e000000| Complete |  0
| 123|0x000000045e800000, 0x000000045f000000, 0x000000045f000000|100%| E|CS|TAMS 0x000000045e800000| PB 0x000000045e800000| Complete |  0

Card table byte_map: [0x00007f78c0806000,0x00007f78c26fe000] _byte_map_base: 0x00007f78be6fe000

Marking Bits: (CMBitMap*) 0x00007f78d405f420
 Bits: [0x00007f78b1046000, 0x00007f78c0806000)

Polling page: 0x00007f78ddad7000

Metaspace:
Metaspace        used 52962K, committed 53440K, reserved 1114112K
 class space     used 5762K, committed 5952K, reserved 1048576K

Usage:
  Non-class:     46.09 MB used.
      Class:      5.63 MB used.
       Both:     51.72 MB used.

Virtual space:
  Non-class space:       64.00 MB reserved,      46.38 MB ( 72%) committed,  1 nodes.
      Class space:        1.00 GB reserved,       5.81 MB ( <1%) committed,  1 nodes.
             Both:        1.06 GB reserved,      52.19 MB (  5%) committed. 

Chunk freelists:
   Non-Class:  880.00 KB
       Class:  10.12 MB
        Both:  10.97 MB

MaxMetaspaceSize: unlimited
CompressedClassSpaceSize: 1.00 GB
Initial GC threshold: 21.00 MB
Current GC threshold: 59.19 MB
CDS: off
 - commit_granule_bytes: 65536.
 - commit_granule_words: 8192.
 - virtual_space_node_default_size: 8388608.
 - enlarge_chunks_in_place: 1.
UseCompressedClassPointers 1, UseCompactObjectHeaders 0
Narrow klass pointer bits 32, Max shift 3
Narrow klass base: 0x0000000000000000, Narrow klass shift: 0
Encoding Range: [0x0000000000000000 - 0x0000000100000000), (4294967296 bytes)
Klass Range:    [0x0000000021000000 - 0x0000000061000000), (1073741824 bytes)
Klass ID Range:  [553648128 - 1627389945) (1073741817)
No protection zone.


Internal statistics:

num_allocs_failed_limit: 9.
num_arena_births: 574.
num_arena_deaths: 0.
num_vsnodes_births: 2.
num_vsnodes_deaths: 0.
num_space_committed: 835.
num_space_uncommitted: 0.
num_chunks_returned_to_freelist: 9.
num_chunks_taken_from_freelist: 1934.
num_chunk_merges: 9.
num_chunk_splits: 1372.
num_chunks_enlarged: 1104.
num_inconsistent_stats: 0.

CodeHeap 'non-profiled nmethods': size=119172Kb used=3602Kb max_used=3602Kb free=115569Kb
 bounds [0x00007f78ccb9f000, 0x00007f78ccf2f000, 0x00007f78d4000000]
CodeHeap 'profiled nmethods': size=119164Kb used=11911Kb max_used=11911Kb free=107252Kb
 bounds [0x00007f78c5000000, 0x00007f78c5bb0000, 0x00007f78cc45f000]
CodeHeap 'non-nmethods': size=7424Kb used=3206Kb max_used=5005Kb free=4217Kb
 bounds [0x00007f78cc45f000, 0x00007f78cca2f000, 0x00007f78ccb9f000]
CodeCache: size=245760Kb, used=18719Kb, max_used=20518Kb, free=227038Kb
 total_blobs=9821, nmethods=8162, adapters=1563, full_count=0
Compilation: enabled, stopped_count=0, restarted_count=0

Compilation events (20 events):
Event: 2047.123 Thread 0x00007f78d4190d10 8374       3       java.util.TreeSet::remove (22 bytes)
Event: 2047.123 Thread 0x00007f78d4190d10 nmethod 8374 0x00007f78c5b9d108 code [0x00007f78c5b9d200, 0x00007f78c5b9d418]
Event: 2047.123 Thread 0x00007f78d4190d10 8375       3       androidx.compose.ui.graphics.layer.GraphicsLayer::discardContentIfReleasedAndHaveNoParentLayerUsages (310 bytes)
Event: 2047.124 Thread 0x00007f78d4190d10 nmethod 8375 0x00007f78c5b9d488 code [0x00007f78c5b9d580, 0x00007f78c5b9df50]
Event: 2047.124 Thread 0x00007f78d4190d10 8377       3       java.util.TreeMap::remove (24 bytes)
Event: 2047.124 Thread 0x00007f78d4190d10 nmethod 8377 0x00007f78c5b9df88 code [0x00007f78c5b9e080, 0x00007f78c5b9e2e0]
Event: 2047.124 Thread 0x00007f78d4190d10 8381       3       androidx.compose.ui.node.DepthSortedSetsForDifferentPasses::remove (43 bytes)
Event: 2047.124 Thread 0x00007f78d4190d10 nmethod 8381 0x00007f78c5b9e308 code [0x00007f78c5b9e400, 0x00007f78c5b9e7e0]
Event: 2047.124 Thread 0x00007f78d4190d10 8379       3       kotlinx.coroutines.ChildHandleNode::childCancelled (9 bytes)
Event: 2047.124 Thread 0x00007f78d4190d10 nmethod 8379 0x00007f78c5b9e808 code [0x00007f78c5b9e900, 0x00007f78c5b9f738]
Event: 2047.124 Thread 0x00007f78d4190d10 8384       3       androidx.compose.runtime.collection.MutableVector::remove (20 bytes)
Event: 2047.124 Thread 0x00007f78d4190d10 nmethod 8384 0x00007f78c5b9f788 code [0x00007f78c5b9f880, 0x00007f78c5b9fb38]
Event: 2047.124 Thread 0x00007f78d4190d10 8380       3       kotlinx.coroutines.JobSupport::childCancelled (30 bytes)
Event: 2047.124 Thread 0x00007f78d4190d10 nmethod 8380 0x00007f78c5b9fb88 code [0x00007f78c5b9fc80, 0x00007f78c5ba0070]
Event: 2047.124 Thread 0x00007f78d4190d10 8388       3       androidx.compose.runtime.composer.gapbuffer.SlotWriter::childGroupAtIndex (101 bytes)
Event: 2047.124 Thread 0x00007f78d418f3f0 nmethod 8378 0x00007f78ccf21c88 code [0x00007f78ccf21d80, 0x00007f78ccf22170]
Event: 2047.124 Thread 0x00007f78d4190d10 nmethod 8388 0x00007f78c5ba0088 code [0x00007f78c5ba0180, 0x00007f78c5ba0950]
Event: 2047.124 Thread 0x00007f78d4190d10 8389       3       androidx.collection.MutableIntSet::add (32 bytes)
Event: 2047.124 Thread 0x00007f78d418f3f0 8387       4       androidx.compose.ui.node.LayoutNode::getMeasurePending$ui (8 bytes)
Event: 2047.124 Thread 0x00007f78743b0610 8376       4       kotlinx.coroutines.internal.LockFreeLinkedListNode::getNext (8 bytes)

GC Heap Usage History (20 events):
Event: 0.674 {heap Before GC invocations=4 (full 0):
 garbage-first heap   total reserved 16236544K, committed 40960K, used 23809K [0x0000000421000000, 0x0000000800000000)
  region size 8192K, 3 young (24576K), 1 survivors (8192K)
}
Event: 0.677 {heap After GC invocations=5 (full 0):
 garbage-first heap   total reserved 16236544K, committed 40960K, used 7820K [0x0000000421000000, 0x0000000800000000)
  region size 8192K, 1 young (8192K), 1 survivors (8192K)
}
Event: 0.759 {heap Before GC invocations=5 (full 0):
 garbage-first heap   total reserved 16236544K, committed 40960K, used 24204K [0x0000000421000000, 0x0000000800000000)
  region size 8192K, 3 young (24576K), 1 survivors (8192K)
}
Event: 0.760 {heap After GC invocations=6 (full 0):
 garbage-first heap   total reserved 16236544K, committed 40960K, used 9241K [0x0000000421000000, 0x0000000800000000)
  region size 8192K, 1 young (8192K), 1 survivors (8192K)
}
Event: 0.789 {heap Before GC invocations=6 (full 0):
 garbage-first heap   total reserved 16236544K, committed 40960K, used 17433K [0x0000000421000000, 0x0000000800000000)
  region size 8192K, 3 young (24576K), 1 survivors (8192K)
}
Event: 0.791 {heap After GC invocations=7 (full 0):
 garbage-first heap   total reserved 16236544K, committed 532480K, used 17747K [0x0000000421000000, 0x0000000800000000)
  region size 8192K, 1 young (8192K), 1 survivors (8192K)
}
Event: 0.910 {heap Before GC invocations=7 (full 0):
 garbage-first heap   total reserved 16236544K, committed 532480K, used 173395K [0x0000000421000000, 0x0000000800000000)
  region size 8192K, 22 young (180224K), 1 survivors (8192K)
}
Event: 0.912 {heap After GC invocations=8 (full 0):
 garbage-first heap   total reserved 16236544K, committed 532480K, used 10655K [0x0000000421000000, 0x0000000800000000)
  region size 8192K, 1 young (8192K), 1 survivors (8192K)
}
Event: 0.941 {heap Before GC invocations=9 (full 0):
 garbage-first heap   total reserved 16236544K, committed 57344K, used 43423K [0x0000000421000000, 0x0000000800000000)
  region size 8192K, 6 young (49152K), 1 survivors (8192K)
}
Event: 0.943 {heap After GC invocations=10 (full 0):
 garbage-first heap   total reserved 16236544K, committed 65536K, used 10730K [0x0000000421000000, 0x0000000800000000)
  region size 8192K, 1 young (8192K), 1 survivors (8192K)
}
Event: 1.161 {heap Before GC invocations=10 (full 0):
 garbage-first heap   total reserved 16236544K, committed 65536K, used 35306K [0x0000000421000000, 0x0000000800000000)
  region size 8192K, 4 young (32768K), 1 survivors (8192K)
}
Event: 1.164 {heap After GC invocations=11 (full 0):
 garbage-first heap   total reserved 16236544K, committed 65536K, used 10925K [0x0000000421000000, 0x0000000800000000)
  region size 8192K, 1 young (8192K), 1 survivors (8192K)
}
Event: 1.419 {heap Before GC invocations=11 (full 0):
 garbage-first heap   total reserved 16236544K, committed 65536K, used 27309K [0x0000000421000000, 0x0000000800000000)
  region size 8192K, 4 young (32768K), 1 survivors (8192K)
}
Event: 1.421 {heap After GC invocations=12 (full 0):
 garbage-first heap   total reserved 16236544K, committed 65536K, used 12415K [0x0000000421000000, 0x0000000800000000)
  region size 8192K, 1 young (8192K), 1 survivors (8192K)
}
Event: 2.495 {heap Before GC invocations=12 (full 0):
 garbage-first heap   total reserved 16236544K, committed 65536K, used 45183K [0x0000000421000000, 0x0000000800000000)
  region size 8192K, 4 young (32768K), 1 survivors (8192K)
}
Event: 2.498 {heap After GC invocations=13 (full 0):
 garbage-first heap   total reserved 16236544K, committed 65536K, used 14088K [0x0000000421000000, 0x0000000800000000)
  region size 8192K, 1 young (8192K), 1 survivors (8192K)
}
Event: 9.638 {heap Before GC invocations=13 (full 0):
 garbage-first heap   total reserved 16236544K, committed 65536K, used 30472K [0x0000000421000000, 0x0000000800000000)
  region size 8192K, 4 young (32768K), 1 survivors (8192K)
}
Event: 9.641 {heap After GC invocations=14 (full 0):
 garbage-first heap   total reserved 16236544K, committed 65536K, used 14649K [0x0000000421000000, 0x0000000800000000)
  region size 8192K, 1 young (8192K), 1 survivors (8192K)
}
Event: 92.609 {heap Before GC invocations=14 (full 0):
 garbage-first heap   total reserved 16236544K, committed 65536K, used 47417K [0x0000000421000000, 0x0000000800000000)
  region size 8192K, 4 young (32768K), 1 survivors (8192K)
}
Event: 92.612 {heap After GC invocations=15 (full 0):
 garbage-first heap   total reserved 16236544K, committed 65536K, used 14507K [0x0000000421000000, 0x0000000800000000)
  region size 8192K, 1 young (8192K), 1 survivors (8192K)
}

Metaspace Usage History (20 events):
Event: 0.674 {metaspace Before GC invocations=4 (full 0):
 Metaspace       used 24200K, committed 24448K, reserved 1114112K
  class space    used 2568K, committed 2688K, reserved 1048576K
}
Event: 0.677 {metaspace After GC invocations=5 (full 0):
 Metaspace       used 24200K, committed 24448K, reserved 1114112K
  class space    used 2568K, committed 2688K, reserved 1048576K
}
Event: 0.759 {metaspace Before GC invocations=5 (full 0):
 Metaspace       used 30049K, committed 30208K, reserved 1114112K
  class space    used 3274K, committed 3328K, reserved 1048576K
}
Event: 0.760 {metaspace After GC invocations=6 (full 0):
 Metaspace       used 30049K, committed 30208K, reserved 1114112K
  class space    used 3274K, committed 3328K, reserved 1048576K
}
Event: 0.789 {metaspace Before GC invocations=6 (full 0):
 Metaspace       used 31576K, committed 31872K, reserved 1114112K
  class space    used 3433K, committed 3584K, reserved 1048576K
}
Event: 0.791 {metaspace After GC invocations=7 (full 0):
 Metaspace       used 31576K, committed 31872K, reserved 1114112K
  class space    used 3433K, committed 3584K, reserved 1048576K
}
Event: 0.910 {metaspace Before GC invocations=7 (full 0):
 Metaspace       used 35740K, committed 35968K, reserved 1114112K
  class space    used 3858K, committed 3968K, reserved 1048576K
}
Event: 0.912 {metaspace After GC invocations=8 (full 0):
 Metaspace       used 35740K, committed 35968K, reserved 1114112K
  class space    used 3858K, committed 3968K, reserved 1048576K
}
Event: 0.941 {metaspace Before GC invocations=9 (full 0):
 Metaspace       used 36671K, committed 36928K, reserved 1114112K
  class space    used 3963K, committed 4032K, reserved 1048576K
}
Event: 0.943 {metaspace After GC invocations=10 (full 0):
 Metaspace       used 36671K, committed 36928K, reserved 1114112K
  class space    used 3963K, committed 4032K, reserved 1048576K
}
Event: 1.161 {metaspace Before GC invocations=10 (full 0):
 Metaspace       used 39741K, committed 40064K, reserved 1114112K
  class space    used 4339K, committed 4480K, reserved 1048576K
}
Event: 1.164 {metaspace After GC invocations=11 (full 0):
 Metaspace       used 39741K, committed 40064K, reserved 1114112K
  class space    used 4339K, committed 4480K, reserved 1048576K
}
Event: 1.419 {metaspace Before GC invocations=11 (full 0):
 Metaspace       used 45199K, committed 45568K, reserved 1114112K
  class space    used 5024K, committed 5184K, reserved 1048576K
}
Event: 1.421 {metaspace After GC invocations=12 (full 0):
 Metaspace       used 45199K, committed 45568K, reserved 1114112K
  class space    used 5024K, committed 5184K, reserved 1048576K
}
Event: 2.495 {metaspace Before GC invocations=12 (full 0):
 Metaspace       used 49277K, committed 49792K, reserved 1114112K
  class space    used 5533K, committed 5760K, reserved 1048576K
}
Event: 2.498 {metaspace After GC invocations=13 (full 0):
 Metaspace       used 49277K, committed 49792K, reserved 1114112K
  class space    used 5533K, committed 5760K, reserved 1048576K
}
Event: 9.638 {metaspace Before GC invocations=13 (full 0):
 Metaspace       used 51627K, committed 52160K, reserved 1114112K
  class space    used 5612K, committed 5824K, reserved 1048576K
}
Event: 9.641 {metaspace After GC invocations=14 (full 0):
 Metaspace       used 51627K, committed 52160K, reserved 1114112K
  class space    used 5612K, committed 5824K, reserved 1048576K
}
Event: 92.609 {metaspace Before GC invocations=14 (full 0):
 Metaspace       used 52545K, committed 52992K, reserved 1114112K
  class space    used 5717K, committed 5888K, reserved 1048576K
}
Event: 92.612 {metaspace After GC invocations=15 (full 0):
 Metaspace       used 52545K, committed 52992K, reserved 1114112K
  class space    used 5717K, committed 5888K, reserved 1048576K
}

Dll operation events (14 events):
Event: 0.001 Loaded shared library /opt/android-studio/jbr/lib/libjava.so
Event: 0.006 Loaded shared library /opt/android-studio/jbr/lib/libzip.so
Event: 0.049 Loaded shared library /opt/android-studio/jbr/lib/libnio.so
Event: 0.053 Loaded shared library /opt/android-studio/jbr/lib/libzip.so
Event: 0.116 Loaded shared library /opt/android-studio/jbr/lib/libjimage.so
Event: 0.124 Loaded shared library /opt/android-studio/jbr/lib/libnet.so
Event: 0.132 Loaded shared library /home/mey/.skiko/skiko-linux-x64-434f7633c843870c0839a1137b128f6c3db3c5d58dcad3545e90827e3e341afb/libskiko-linux-x64.so
Event: 0.144 Loaded shared library /opt/android-studio/jbr/lib/libawt.so
Event: 0.145 Loaded shared library /opt/android-studio/jbr/lib/libawt_xawt.so
Event: 0.171 Loaded shared library /opt/android-studio/jbr/lib/libfontmanager.so
Event: 0.171 Loaded shared library /opt/android-studio/jbr/lib/libfontmanager_xawt.so
Event: 0.438 Loaded shared library /home/mey/.cache/JNA/temp/jna12348363668190973279.tmp
Event: 0.639 Loaded shared library /opt/android-studio/jbr/lib/libjaas.so
Event: 2047.115 Loaded shared library /opt/android-studio/jbr/lib/libextnet.so

Deoptimization events (20 events):
Event: 2047.119 Thread 0x00007f78d48e9190 DEOPT PACKING pc=0x00007f78cce693ac sp=0x00007f784d1e7070
Event: 2047.119 Thread 0x00007f78d48e9190 DEOPT UNPACKING pc=0x00007f78cc5882f9 sp=0x00007f784d1e6fa0 mode 2
Event: 2047.122 Thread 0x00007f78d48e9190 Uncommon trap: trap_request=0xffffff45 fr.pc=0x00007f78cceadd24 relative=0x00000000000000a4
Event: 2047.122 Thread 0x00007f78d48e9190 Uncommon trap: reason=unstable_if action=reinterpret pc=0x00007f78cceadd24 method=java.util.IdentityHashMap.isEmpty()Z @ 4 c2
Event: 2047.122 Thread 0x00007f78d48e9190 DEOPT PACKING pc=0x00007f78cceadd24 sp=0x00007f784d1e7300
Event: 2047.122 Thread 0x00007f78d48e9190 DEOPT UNPACKING pc=0x00007f78cc5882f9 sp=0x00007f784d1e7260 mode 2
Event: 2047.122 Thread 0x00007f78d48e74e0 Uncommon trap: trap_request=0xffffff45 fr.pc=0x00007f78ccead9d4 relative=0x0000000000000054
Event: 2047.122 Thread 0x00007f78d48e74e0 Uncommon trap: reason=unstable_if action=reinterpret pc=0x00007f78ccead9d4 method=java.util.IdentityHashMap.isEmpty()Z @ 4 c2
Event: 2047.122 Thread 0x00007f78d48e74e0 DEOPT PACKING pc=0x00007f78ccead9d4 sp=0x00007f784d2e9820
Event: 2047.122 Thread 0x00007f78d48e74e0 DEOPT UNPACKING pc=0x00007f78cc5882f9 sp=0x00007f784d2e97d0 mode 2
Event: 2047.122 Thread 0x00007f78d48e9190 Uncommon trap: trap_request=0xffffff45 fr.pc=0x00007f78cce39c7c relative=0x000000000000017c
Event: 2047.122 Thread 0x00007f78d48e9190 Uncommon trap: reason=unstable_if action=reinterpret pc=0x00007f78cce39c7c method=androidx.compose.ui.scene.BaseComposeScene.updateInvalidations()V @ 47 c2
Event: 2047.122 Thread 0x00007f78d48e9190 DEOPT PACKING pc=0x00007f78cce39c7c sp=0x00007f784d1e7450
Event: 2047.122 Thread 0x00007f78d48e9190 DEOPT UNPACKING pc=0x00007f78cc5882f9 sp=0x00007f784d1e7348 mode 2
Event: 2047.123 Thread 0x00007f78d48e9190 Uncommon trap: trap_request=0xffffff45 fr.pc=0x00007f78cce1db58 relative=0x0000000000000158
Event: 2047.123 Thread 0x00007f78d48e9190 Uncommon trap: reason=unstable_if action=reinterpret pc=0x00007f78cce1db58 method=androidx.compose.ui.scene.BaseComposeScene.updateInvalidations()V @ 47 c2
Event: 2047.123 Thread 0x00007f78d48e9190 DEOPT PACKING pc=0x00007f78cce1db58 sp=0x00007f784d1e7290
Event: 2047.123 Thread 0x00007f78d48e9190 DEOPT UNPACKING pc=0x00007f78cc5882f9 sp=0x00007f784d1e7248 mode 2
Event: 2047.124 Thread 0x00007f78d48e9190 DEOPT PACKING pc=0x00007f78c54d05b4 sp=0x00007f784d1e70d0
Event: 2047.124 Thread 0x00007f78d48e9190 DEOPT UNPACKING pc=0x00007f78cc4afb8f sp=0x00007f784d1e6598 mode 0

Classes loaded (20 events):
Event: 2047.115 Loading class jdk/net/UnixDomainPrincipal
Event: 2047.115 Loading class jdk/net/UnixDomainPrincipal done
Event: 2047.115 Loading class jdk/net/ExtendedSocketOptions$PlatformSocketOptions
Event: 2047.115 Loading class jdk/net/ExtendedSocketOptions$PlatformSocketOptions done
Event: 2047.115 Loading class jdk/net/ExtendedSocketOptions$2
Event: 2047.115 Loading class jdk/net/ExtendedSocketOptions$2 done
Event: 2047.115 Loading class jdk/net/LinuxSocketOptions
Event: 2047.115 Loading class jdk/net/LinuxSocketOptions done
Event: 2047.115 Loading class jdk/net/ExtendedSocketOptions$1
Event: 2047.115 Loading class jdk/net/ExtendedSocketOptions$1 done
Event: 2047.116 Loading class java/nio/channels/ClosedByInterruptException
Event: 2047.116 Loading class java/nio/channels/AsynchronousCloseException
Event: 2047.116 Loading class java/nio/channels/AsynchronousCloseException done
Event: 2047.116 Loading class java/nio/channels/ClosedByInterruptException done
Event: 2047.118 Loading class java/awt/Window$1DisposeAction
Event: 2047.118 Loading class java/awt/Window$1DisposeAction done
Event: 2047.118 Loading class sun/awt/X11/XUnmapEvent
Event: 2047.118 Loading class sun/awt/X11/XUnmapEvent done
Event: 2047.121 Loading class java/awt/Component$FlipBufferStrategy
Event: 2047.122 Loading class java/awt/Component$FlipBufferStrategy done

Classes unloaded (0 events):
No events

Classes redefined (0 events):
No events

Internal exceptions (20 events):
Event: 1.325 Thread 0x00007f78d48e9190 Exception <a 'java/lang/NoSuchMethodError'{0x0000000436184108}: 'java.lang.Object java.lang.invoke.DirectMethodHandle$Holder.invokeStatic(java.lang.Object, java.lang.Object, java.lang.Object, java.lang.Object, int, java.lang.Object)'> (0x0000000436184108) 
thrown [src/hotspot/share/interpreter/linkResolver.cpp, line 815]
Event: 1.331 Thread 0x00007f78d48e9190 Exception <a 'java/lang/NoSuchMethodError'{0x00000004362371c0}: 'java.lang.Object java.lang.invoke.DirectMethodHandle$Holder.newInvokeSpecial(java.lang.Object, java.lang.Object, java.lang.Object, java.lang.Object, java.lang.Object, java.lang.Object, int)'> (0x00000004362371c0) 
thrown [src/hotspot/share/interpreter/linkResolver.cpp, line 815]
Event: 1.331 Thread 0x00007f78d48e9190 Exception <a 'java/lang/NoSuchMethodError'{0x0000000436240d48}: 'java.lang.Object java.lang.invoke.DirectMethodHandle$Holder.invokeSpecial(java.lang.Object, java.lang.Object, java.lang.Object, java.lang.Object, java.lang.Object, java.lang.Object, java.lang.Object, int)'> (0x0000000436240d48) 
thrown [src/hotspot/share/interpreter/linkResolver.cpp, line 815]
Event: 1.351 Thread 0x00007f78d48e9190 Exception <a 'java/lang/NoSuchMethodError'{0x00000004363316f8}: 'java.lang.Object java.lang.invoke.DirectMethodHandle$Holder.newInvokeSpecial(java.lang.Object, java.lang.Object, java.lang.Object, java.lang.Object, int, int, java.lang.Object, java.lang.Object)'> (0x00000004363316f8) 
thrown [src/hotspot/share/interpreter/linkResolver.cpp, line 815]
Event: 1.351 Thread 0x00007f78d48e9190 Exception <a 'java/lang/NoSuchMethodError'{0x0000000436342da8}: 'java.lang.Object java.lang.invoke.Invokers$Holder.linkToTargetMethod(java.lang.Object, java.lang.Object, java.lang.Object, int, int, java.lang.Object, java.lang.Object, java.lang.Object)'> (0x0000000436342da8) 
thrown [src/hotspot/share/interpreter/linkResolver.cpp, line 815]
Event: 1.358 Thread 0x00007f78d48e9190 Exception <a 'java/lang/NoSuchMethodError'{0x00000004363a7210}: 'java.lang.Object java.lang.invoke.DirectMethodHandle$Holder.invokeStatic(java.lang.Object, java.lang.Object, int, java.lang.Object, java.lang.Object)'> (0x00000004363a7210) 
thrown [src/hotspot/share/interpreter/linkResolver.cpp, line 815]
Event: 1.375 Thread 0x00007f78d48e9190 Exception <a 'java/lang/NoSuchMethodError'{0x000000043644ec98}: 'java.lang.Object java.lang.invoke.DirectMethodHandle$Holder.invokeSpecial(java.lang.Object, java.lang.Object, int, int, java.lang.Object, java.lang.Object)'> (0x000000043644ec98) 
thrown [src/hotspot/share/interpreter/linkResolver.cpp, line 815]
Event: 1.377 Thread 0x00007f78d48e9190 Exception <a 'java/lang/NoSuchMethodError'{0x00000004364a2648}: 'java.lang.Object java.lang.invoke.DirectMethodHandle$Holder.invokeSpecial(java.lang.Object, java.lang.Object, java.lang.Object, long, int, int)'> (0x00000004364a2648) 
thrown [src/hotspot/share/interpreter/linkResolver.cpp, line 815]
Event: 1.453 Thread 0x00007f78d48e9190 Exception <a 'java/lang/NoSuchMethodError'{0x000000045ec5def8}: 'java.lang.Object java.lang.invoke.DirectMethodHandle$Holder.newInvokeSpecial(java.lang.Object, double, java.lang.Object)'> (0x000000045ec5def8) 
thrown [src/hotspot/share/interpreter/linkResolver.cpp, line 815]
Event: 1.476 Thread 0x00007f78d48e9190 Exception <a 'java/lang/NoSuchMethodError'{0x0000000436170dc8}: 'java.lang.Object java.lang.invoke.DirectMethodHandle$Holder.invokeStatic(java.lang.Object, java.lang.Object, int, int, java.lang.Object)'> (0x0000000436170dc8) 
thrown [src/hotspot/share/interpreter/linkResolver.cpp, line 815]
Event: 1.476 Thread 0x00007f78d48e9190 Exception <a 'java/lang/NoSuchMethodError'{0x00000004361812e0}: 'java.lang.Object java.lang.invoke.DirectMethodHandle$Holder.newInvokeSpecial(java.lang.Object, java.lang.Object, int, int)'> (0x00000004361812e0) 
thrown [src/hotspot/share/interpreter/linkResolver.cpp, line 815]
Event: 1.478 Thread 0x00007f78d48e9190 Exception <a 'java/lang/NoSuchMethodError'{0x00000004361b4d88}: 'java.lang.Object java.lang.invoke.DirectMethodHandle$Holder.newInvokeSpecial(java.lang.Object, java.lang.Object, long, long, java.lang.Object)'> (0x00000004361b4d88) 
thrown [src/hotspot/share/interpreter/linkResolver.cpp, line 815]
Event: 1.556 Thread 0x00007f78d4740c60 Exception <a 'java/lang/NoSuchMethodError'{0x0000000436450878}: 'java.lang.Object java.lang.invoke.DirectMethodHandle$Holder.newInvokeSpecial(java.lang.Object, java.lang.Object, int, java.lang.Object, java.lang.Object)'> (0x0000000436450878) 
thrown [src/hotspot/share/interpreter/linkResolver.cpp, line 815]
Event: 1.556 Thread 0x00007f78d4740c60 Exception <a 'java/lang/NoSuchMethodError'{0x00000004366558c8}: 'java.lang.Object java.lang.invoke.Invokers$Holder.linkToTargetMethod(java.lang.Object, int, java.lang.Object, java.lang.Object, java.lang.Object)'> (0x00000004366558c8) 
thrown [src/hotspot/share/interpreter/linkResolver.cpp, line 815]
Event: 2.495 Thread 0x00007f78d48e9190 Exception <a 'java/lang/NoSuchMethodError'{0x00000004367fe430}: 'java.lang.Object java.lang.invoke.DirectMethodHandle$Holder.invokeStatic(java.lang.Object, java.lang.Object, long)'> (0x00000004367fe430) 
thrown [src/hotspot/share/interpreter/linkResolver.cpp, line 815]
Event: 6.469 Thread 0x00007f78d48e9190 Exception <a 'java/lang/NoSuchMethodError'{0x000000045efb6808}: 'java.lang.Object java.lang.invoke.DirectMethodHandle$Holder.newInvokeSpecial(java.lang.Object, java.lang.Object, java.lang.Object, java.lang.Object, java.lang.Object, int, java.lang.Object)'> (0x000000045efb6808) 
thrown [src/hotspot/share/interpreter/linkResolver.cpp, line 815]
Event: 91.755 Thread 0x00007f78d48e9190 Exception <a 'java/lang/NoSuchMethodError'{0x000000045e33f820}: 'int java.lang.invoke.DirectMethodHandle$Holder.invokeStatic(java.lang.Object, java.lang.Object, java.lang.Object, java.lang.Object)'> (0x000000045e33f820) 
thrown [src/hotspot/share/interpreter/linkResolver.cpp, line 815]
Event: 91.869 Thread 0x00007f78d48e9190 Exception <a 'java/lang/NoSuchMethodError'{0x000000045e456900}: 'java.lang.Object java.lang.invoke.Invokers$Holder.linkToTargetMethod(java.lang.Object, int, java.lang.Object, java.lang.Object, java.lang.Object, java.lang.Object)'> (0x000000045e456900) 
thrown [src/hotspot/share/interpreter/linkResolver.cpp, line 815]
Event: 91.876 Thread 0x00007f78d48e9190 Exception <a 'java/lang/NoSuchMethodError'{0x000000045e4ba500}: 'java.lang.Object java.lang.invoke.DirectMethodHandle$Holder.invokeStatic(java.lang.Object, java.lang.Object, int, java.lang.Object, java.lang.Object, java.lang.Object)'> (0x000000045e4ba500) 
thrown [src/hotspot/share/interpreter/linkResolver.cpp, line 815]
Event: 2047.116 Thread 0x00007f7868602f40 Exception <a 'java/lang/IncompatibleClassChangeError'{0x000000045e5ed720}: Found class java.lang.Object, but interface was expected> (0x000000045e5ed720) 
thrown [src/hotspot/share/interpreter/linkResolver.cpp, line 882]

VM Operations (20 events):
Event: 1800.461 Executing non-safepoint VM operation: RendezvousGCThreads
Event: 1800.461 Executing non-safepoint VM operation: RendezvousGCThreads done
Event: 1860.475 Executing non-safepoint VM operation: HandshakeAllThreads (HandshakeForDeflation)
Event: 1860.475 Executing non-safepoint VM operation: HandshakeAllThreads (HandshakeForDeflation) done
Event: 1860.475 Executing non-safepoint VM operation: RendezvousGCThreads
Event: 1860.475 Executing non-safepoint VM operation: RendezvousGCThreads done
Event: 1920.489 Executing non-safepoint VM operation: HandshakeAllThreads (HandshakeForDeflation)
Event: 1920.489 Executing non-safepoint VM operation: HandshakeAllThreads (HandshakeForDeflation) done
Event: 1920.489 Executing non-safepoint VM operation: RendezvousGCThreads
Event: 1920.489 Executing non-safepoint VM operation: RendezvousGCThreads done
Event: 1980.503 Executing non-safepoint VM operation: HandshakeAllThreads (HandshakeForDeflation)
Event: 1980.503 Executing non-safepoint VM operation: HandshakeAllThreads (HandshakeForDeflation) done
Event: 1980.503 Executing non-safepoint VM operation: RendezvousGCThreads
Event: 1980.503 Executing non-safepoint VM operation: RendezvousGCThreads done
Event: 2040.517 Executing non-safepoint VM operation: HandshakeAllThreads (HandshakeForDeflation)
Event: 2040.517 Executing non-safepoint VM operation: HandshakeAllThreads (HandshakeForDeflation) done
Event: 2040.517 Executing non-safepoint VM operation: RendezvousGCThreads
Event: 2040.517 Executing non-safepoint VM operation: RendezvousGCThreads done
Event: 2047.114 Executing non-safepoint VM operation: HandshakeAllThreads (Deoptimize)
Event: 2047.114 Executing non-safepoint VM operation: HandshakeAllThreads (Deoptimize) done

Memory protections (20 events):
Event: 4.438 Protecting memory [0x00007f784db00000,0x00007f784db04000] with protection modes 0
Event: 4.532 Protecting memory [0x00007f78a05f7000,0x00007f78a05fb000] with protection modes 0
Event: 4.599 Protecting memory [0x00007f78a04f6000,0x00007f78a04fa000] with protection modes 0
Event: 6.501 Protecting memory [0x00007f78a07f9000,0x00007f78a07fd000] with protection modes 0
Event: 7.043 Protecting memory [0x00007f784db00000,0x00007f784db04000] with protection modes 0
Event: 7.043 Protecting memory [0x00007f784d9ff000,0x00007f784da03000] with protection modes 0
Event: 8.667 Protecting memory [0x00007f78a05f7000,0x00007f78a05fb000] with protection modes 0
Event: 89.808 Protecting memory [0x00007f78a03f5000,0x00007f78a03f9000] with protection modes 0
Event: 89.808 Protecting memory [0x00007f78a04f6000,0x00007f78a04fa000] with protection modes 0
Event: 90.946 Protecting memory [0x00007f782e453000,0x00007f782e457000] with protection modes 0
Event: 91.173 Protecting memory [0x00007f78a07f9000,0x00007f78a07fd000] with protection modes 0
Event: 91.173 Protecting memory [0x00007f784db00000,0x00007f784db04000] with protection modes 0
Event: 91.173 Protecting memory [0x00007f784d9ff000,0x00007f784da03000] with protection modes 0
Event: 91.762 Protecting memory [0x00007f782e453000,0x00007f782e457000] with protection modes 0
Event: 93.671 Protecting memory [0x00007f78a07f9000,0x00007f78a07fd000] with protection modes 0
Event: 174.477 Protecting memory [0x00007f78a04f6000,0x00007f78a04fa000] with protection modes 0
Event: 174.477 Protecting memory [0x00007f78a03f5000,0x00007f78a03f9000] with protection modes 0
Event: 2046.028 Protecting memory [0x00007f78a04f6000,0x00007f78a04fa000] with protection modes 0
Event: 2046.028 Protecting memory [0x00007f78a03f5000,0x00007f78a03f9000] with protection modes 0
Event: 2047.124 Protecting memory [0x00007f783ceff000,0x00007f783cf03000] with protection modes 0

Nmethod flushes (20 events):
Event: 0.919 Thread 0x00007f78d414e760 flushing  nmethod 0x00007f78ccbfa008
Event: 0.919 Thread 0x00007f78d414e760 flushing  nmethod 0x00007f78ccbfaa08
Event: 0.919 Thread 0x00007f78d414e760 flushing  nmethod 0x00007f78ccbfba08
Event: 0.919 Thread 0x00007f78d414e760 flushing  nmethod 0x00007f78c5025e08
Event: 0.919 Thread 0x00007f78d414e760 flushing  nmethod 0x00007f78c5026f08
Event: 0.919 Thread 0x00007f78d414e760 flushing  nmethod 0x00007f78c5027588
Event: 0.919 Thread 0x00007f78d414e760 flushing  nmethod 0x00007f78c5027e08
Event: 0.919 Thread 0x00007f78d414e760 flushing  nmethod 0x00007f78c5073808
Event: 0.919 Thread 0x00007f78d414e760 flushing  nmethod 0x00007f78c5188108
Event: 0.919 Thread 0x00007f78d414e760 flushing  nmethod 0x00007f78c518af08
Event: 0.919 Thread 0x00007f78d414e760 flushing  nmethod 0x00007f78c518ca88
Event: 0.919 Thread 0x00007f78d414e760 flushing  nmethod 0x00007f78c518d608
Event: 0.919 Thread 0x00007f78d414e760 flushing  nmethod 0x00007f78c518f608
Event: 0.919 Thread 0x00007f78d414e760 flushing  nmethod 0x00007f78c5190308
Event: 0.919 Thread 0x00007f78d414e760 flushing  nmethod 0x00007f78c5190808
Event: 0.919 Thread 0x00007f78d414e760 flushing  nmethod 0x00007f78c5029588
Event: 0.919 Thread 0x00007f78d414e760 flushing  nmethod 0x00007f78c5078b88
Event: 0.919 Thread 0x00007f78d414e760 flushing  nmethod 0x00007f78c507be08
Event: 0.919 Thread 0x00007f78d414e760 flushing  nmethod 0x00007f78c516e588
Event: 0.919 Thread 0x00007f78d414e760 flushing  nmethod 0x00007f78c51f8508

Events (20 events):
Event: 93.192 Thread 0x00007f786991e5e0 Thread exited: 0x00007f786991e5e0
Event: 93.254 Thread 0x00007f7869673800 Thread exited: 0x00007f7869673800
Event: 93.542 Thread 0x00007f786800b8e0 Thread exited: 0x00007f786800b8e0
Event: 93.671 Thread 0x00007f78d418f3f0 Thread added: 0x00007f78748739a0
Event: 94.853 Thread 0x00007f78748739a0 Thread exited: 0x00007f78748739a0
Event: 155.251 Thread 0x00007f78699c8f70 Thread exited: 0x00007f78699c8f70
Event: 155.257 Thread 0x00007f788001eb20 Thread exited: 0x00007f788001eb20
Event: 174.477 Thread 0x00007f78d48e9190 Thread added: 0x00007f78699c8f70
Event: 174.477 Thread 0x00007f78699c8f70 Thread added: 0x00007f78ac012d10
Event: 234.667 Thread 0x00007f78ac012d10 Thread exited: 0x00007f78ac012d10
Event: 234.673 Thread 0x00007f78699c8f70 Thread exited: 0x00007f78699c8f70
Event: 2046.028 Thread 0x00007f78d48e9190 Thread added: 0x00007f78699c8f70
Event: 2046.028 Thread 0x00007f78699c8f70 Thread added: 0x000055ebc500c030
Event: 2047.116 Thread 0x00007f78800142d0 Thread exited: 0x00007f78800142d0
Event: 2047.116 Thread 0x00007f7880008ef0 Thread exited: 0x00007f7880008ef0
Event: 2047.116 Thread 0x00007f78800157c0 Thread exited: 0x00007f78800157c0
Event: 2047.116 Thread 0x00007f7880013080 Thread exited: 0x00007f7880013080
Event: 2047.116 Thread 0x00007f78686100d0 Thread exited: 0x00007f78686100d0
Event: 2047.116 Thread 0x00007f7868602f40 Thread exited: 0x00007f7868602f40
Event: 2047.124 Thread 0x00007f78d418f3f0 Thread added: 0x00007f78743b0610


Dynamic libraries:
21000000-21080000 rw-p 00000000 00:00 0 
21080000-210c0000 rw-p 00000000 00:00 0 
210c0000-21140000 rw-p 00000000 00:00 0 
21140000-21200000 rw-p 00000000 00:00 0 
21200000-21240000 rw-p 00000000 00:00 0 
21240000-21280000 rw-p 00000000 00:00 0 
21280000-21340000 rw-p 00000000 00:00 0 
21340000-21380000 rw-p 00000000 00:00 0 
21380000-21440000 rw-p 00000000 00:00 0 
21440000-21460000 rw-p 00000000 00:00 0 
21460000-21480000 ---p 00000000 00:00 0 
21480000-215f0000 rw-p 00000000 00:00 0 
215f0000-61000000 ---p 00000000 00:00 0 
61000000-610af000 rw-p 00000000 00:00 0 
610af000-610b1000 r-xs 00000000 00:01 796506                             /memfd:/.glXXXXXX (deleted)
421000000-423800000 rw-p 00000000 00:00 0 
423800000-436000000 ---p 00000000 00:00 0 
436000000-436800000 rw-p 00000000 00:00 0 
436800000-45e000000 ---p 00000000 00:00 0 
45e000000-45f000000 rw-p 00000000 00:00 0 
45f000000-800000000 ---p 00000000 00:00 0 
55eb8a0cf000-55eb8a0d0000 r--p 00000000 103:05 53876768                  /opt/android-studio/jbr/bin/java
55eb8a0d0000-55eb8a0d1000 r-xp 00000000 103:05 53876768                  /opt/android-studio/jbr/bin/java
55eb8a0d1000-55eb8a0d3000 r--p 00000000 103:05 53876768                  /opt/android-studio/jbr/bin/java
55eb8a0d3000-55eb8a0d4000 rw-p 00001000 103:05 53876768                  /opt/android-studio/jbr/bin/java
55ebc4ec1000-55ebc508f000 rw-p 00000000 00:00 0                          [heap]
7f782e452000-7f782e453000 rw-p 00000000 00:00 0 
7f782e453000-7f782e457000 ---p 00000000 00:00 0 
7f782e457000-7f782e553000 rw-p 00000000 00:00 0 
7f782e553000-7f782e753000 rw-s 00000000 00:07 1596                       /dev/nvidiactl
7f782fb29000-7f7831d7f000 rw-p 00000000 00:00 0 
7f7831d7f000-7f783217f000 rw-s 00000000 00:07 1596                       /dev/nvidiactl
7f783217f000-7f783257f000 rw-s 00000000 00:07 1596                       /dev/nvidiactl
7f783257f000-7f783277f000 rw-s 00000000 00:07 1596                       /dev/nvidiactl
7f783277f000-7f783297f000 rw-s 00000000 00:07 1596                       /dev/nvidiactl
7f783297f000-7f7832b7f000 rw-s 00000000 00:07 1596                       /dev/nvidiactl
7f7832bff000-7f7832c00000 rw-p 00000000 00:00 0 
7f7832c00000-7f7832c04000 ---p 00000000 00:00 0 
7f7832c04000-7f7832d01000 rw-p 00000000 00:00 0 
7f7832d01000-7f7832d05000 ---p 00000000 00:00 0 
7f7832d05000-7f7832e02000 rw-p 00000000 00:00 0 
7f7832e02000-7f7832e06000 ---p 00000000 00:00 0 
7f7832e06000-7f7832f02000 rw-p 00000000 00:00 0 
7f7832f02000-7f7832f9a000 r--p 00000000 103:05 69220070                  /usr/share/fonts/noto/NotoSans-Medium.ttf
7f7832f9a000-7f7833054000 r--p 00000000 103:05 68061758                  /usr/share/fonts/TTF/DejaVuSans.ttf
7f7833054000-7f78330ec000 r--p 00000000 103:05 69220086                  /usr/share/fonts/noto/NotoSans-Regular.ttf
7f78330ec000-7f7833152000 r--p 00000000 103:05 68166300                  /usr/share/fonts/liberation/LiberationSans-Bold.ttf
7f7833152000-7f7833200000 r--p 00000000 103:05 68061753                  /usr/share/fonts/TTF/DejaVuSans-Bold.ttf
7f7833200000-7f783355b000 r--p 00000000 103:05 67934535                  /usr/lib/libnvidia-gpucomp.so.610.57.04
7f783355b000-7f7837af8000 r-xp 0035b000 103:05 67934535                  /usr/lib/libnvidia-gpucomp.so.610.57.04
7f7837af8000-7f78397e8000 r--p 048f8000 103:05 67934535                  /usr/lib/libnvidia-gpucomp.so.610.57.04
7f78397e8000-7f7839a3a000 r--p 065e7000 103:05 67934535                  /usr/lib/libnvidia-gpucomp.so.610.57.04
7f7839a3a000-7f7839bc5000 rw-p 06839000 103:05 67934535                  /usr/lib/libnvidia-gpucomp.so.610.57.04
7f7839bc5000-7f7839c80000 rw-p 00000000 00:00 0 
7f7839c80000-7f7839ce5000 r--p 00000000 103:05 68166303                  /usr/share/fonts/liberation/LiberationSans-Regular.ttf
7f7839ce5000-7f7839d80000 r--p 00000000 103:05 69220021                  /usr/share/fonts/noto/NotoSans-Bold.ttf
7f7839d80000-7f7839e00000 rw-s 00000000 00:07 1596                       /dev/nvidiactl
7f7839e00000-7f783a050000 r-xp 00000000 103:05 67933291                  /usr/lib/libnvidia-glcore.so.610.57.04
7f783a050000-7f783a071000 rwxp 00250000 103:05 67933291                  /usr/lib/libnvidia-glcore.so.610.57.04
7f783a071000-7f783a200000 r-xp 00271000 103:05 67933291                  /usr/lib/libnvidia-glcore.so.610.57.04
7f783a200000-7f783ae00000 r-xp 00400000 103:05 67933291                  /usr/lib/libnvidia-glcore.so.610.57.04
7f783ae00000-7f783c3f9000 r-xp 01000000 103:05 67933291                  /usr/lib/libnvidia-glcore.so.610.57.04
7f783c3f9000-7f783c3fa000 ---p 025f9000 103:05 67933291                  /usr/lib/libnvidia-glcore.so.610.57.04
7f783c3fa000-7f783c572000 r--p 025f9000 103:05 67933291                  /usr/lib/libnvidia-glcore.so.610.57.04
7f783c572000-7f783c5d5000 rw-p 02771000 103:05 67933291                  /usr/lib/libnvidia-glcore.so.610.57.04
7f783c5d5000-7f783c5f5000 rw-p 00000000 00:00 0 
7f783c70d000-7f783c78d000 rw-s 00000000 00:07 1596                       /dev/nvidiactl
7f783c78d000-7f783c7cd000 rw-s 00000000 00:07 1596                       /dev/nvidiactl
7f783c7cd000-7f783c81e000 r--p 00000000 103:05 67920781                  /usr/lib/libGLX_nvidia.so.610.57.04
7f783c81e000-7f783c87b000 r-xp 00051000 103:05 67920781                  /usr/lib/libGLX_nvidia.so.610.57.04
7f783c87b000-7f783c8b0000 rwxp 000ae000 103:05 67920781                  /usr/lib/libGLX_nvidia.so.610.57.04
7f783c8b0000-7f783c8b1000 r-xp 000e3000 103:05 67920781                  /usr/lib/libGLX_nvidia.so.610.57.04
7f783c8b1000-7f783c8d1000 r--p 000e4000 103:05 67920781                  /usr/lib/libGLX_nvidia.so.610.57.04
7f783c8d1000-7f783c8f1000 r--p 00103000 103:05 67920781                  /usr/lib/libGLX_nvidia.so.610.57.04
7f783c8f1000-7f783c8f6000 rw-p 00123000 103:05 67920781                  /usr/lib/libGLX_nvidia.so.610.57.04
7f783c8f6000-7f783c8f8000 rw-p 00000000 00:00 0 
7f783c8f8000-7f783c8f9000 rw-p 00000000 00:00 0 
7f783c8f9000-7f783c8fd000 ---p 00000000 00:00 0 
7f783c8fd000-7f783c9fa000 rw-p 00000000 00:00 0 
7f783c9fa000-7f783c9fe000 ---p 00000000 00:00 0 
7f783c9fe000-7f783cafb000 rw-p 00000000 00:00 0 
7f783cafb000-7f783caff000 ---p 00000000 00:00 0 
7f783caff000-7f783cbfc000 rw-p 00000000 00:00 0 
7f783cbfc000-7f783cc00000 ---p 00000000 00:00 0 
7f783cc00000-7f783ccfd000 rw-p 00000000 00:00 0 
7f783ccfd000-7f783cd01000 ---p 00000000 00:00 0 
7f783cd01000-7f783cdfe000 rw-p 00000000 00:00 0 
7f783cdfe000-7f783ce02000 ---p 00000000 00:00 0 
7f783ce02000-7f783ceff000 rw-p 00000000 00:00 0 
7f783ceff000-7f783cf03000 ---p 00000000 00:00 0 
7f783cf03000-7f783d800000 rw-p 00000000 00:00 0 
7f7841820000-7f7841823000 rw-s 00000000 00:07 1596                       /dev/nvidiactl
7f7841823000-7f7841825000 rw-s 00000000 00:01 796506                     /memfd:/.glXXXXXX (deleted)
7f7841829000-7f784183c000 rw-s 00000000 00:07 1596                       /dev/nvidiactl
7f784183c000-7f784183e000 rw-s 00000000 00:07 1596                       /dev/nvidiactl
7f784183e000-7f784187e000 rw-s 00000000 00:07 1596                       /dev/nvidiactl
7f784187e000-7f78418fe000 rw-s 00000000 00:07 1598                       /dev/nvidia0
7f78418fe000-7f7842200000 rw-p 00000000 00:00 0 
7f7846200000-7f7846201000 rw-s 00000000 00:07 1596                       /dev/nvidiactl
7f7846201000-7f7846221000 rw-s 00000000 00:07 1596                       /dev/nvidiactl
7f7846221000-7f7846241000 rw-s 00000000 00:07 1596                       /dev/nvidiactl
7f7846241000-7f7846281000 rw-s 00000000 00:07 1596                       /dev/nvidiactl
7f784629c000-7f784629e000 r--p 00000000 103:05 54040293                  /opt/android-studio/jbr/lib/libextnet.so
7f784629e000-7f784629f000 r-xp 00001000 103:05 54040293                  /opt/android-studio/jbr/lib/libextnet.so
7f784629f000-7f78462a0000 r--p 00001000 103:05 54040293                  /opt/android-studio/jbr/lib/libextnet.so
7f78462a0000-7f78462a1000 rw-p 00001000 103:05 54040293                  /opt/android-studio/jbr/lib/libextnet.so
7f78462a1000-7f78462a4000 r--p 00000000 103:05 67924792                  /usr/lib/libnvidia-allocator.so.610.57.04
7f78462a4000-7f78462b8000 r-xp 00003000 103:05 67924792                  /usr/lib/libnvidia-allocator.so.610.57.04
7f78462b8000-7f78462c2000 r--p 00017000 103:05 67924792                  /usr/lib/libnvidia-allocator.so.610.57.04
7f78462c2000-7f78462c3000 r--p 00020000 103:05 67924792                  /usr/lib/libnvidia-allocator.so.610.57.04
7f78462c3000-7f78462c4000 rw-p 00021000 103:05 67924792                  /usr/lib/libnvidia-allocator.so.610.57.04
7f78462c4000-7f78462c6000 rw-p 00000000 00:00 0 
7f78462c6000-7f78462cb000 r--p 00000000 103:05 67924770                  /usr/lib/libdrm.so.2.134.0
7f78462cb000-7f78462d7000 r-xp 00005000 103:05 67924770                  /usr/lib/libdrm.so.2.134.0
7f78462d7000-7f78462db000 r--p 00011000 103:05 67924770                  /usr/lib/libdrm.so.2.134.0
7f78462db000-7f78462dc000 r--p 00015000 103:05 67924770                  /usr/lib/libdrm.so.2.134.0
7f78462dc000-7f78462dd000 rw-p 00016000 103:05 67924770                  /usr/lib/libdrm.so.2.134.0
7f78462dd000-7f78462ed000 rw-s 00000000 00:07 1598                       /dev/nvidia0
7f78462ed000-7f78462f0000 r--p 00000000 103:05 67929201                  /usr/lib/libxcb-xfixes.so.0.0.0
7f78462f0000-7f78462f3000 r-xp 00003000 103:05 67929201                  /usr/lib/libxcb-xfixes.so.0.0.0
7f78462f3000-7f78462f4000 r--p 00006000 103:05 67929201                  /usr/lib/libxcb-xfixes.so.0.0.0
7f78462f4000-7f78462f5000 r--p 00007000 103:05 67929201                  /usr/lib/libxcb-xfixes.so.0.0.0
7f78462f5000-7f78462f6000 rw-p 00008000 103:05 67929201                  /usr/lib/libxcb-xfixes.so.0.0.0
7f78462f6000-7f78462f9000 r--p 00000000 103:05 67929195                  /usr/lib/libxcb-sync.so.1.0.0
7f78462f9000-7f78462fc000 r-xp 00003000 103:05 67929195                  /usr/lib/libxcb-sync.so.1.0.0
7f78462fc000-7f78462fd000 r--p 00006000 103:05 67929195                  /usr/lib/libxcb-sync.so.1.0.0
7f78462fd000-7f78462fe000 r--p 00007000 103:05 67929195                  /usr/lib/libxcb-sync.so.1.0.0
7f78462fe000-7f78462ff000 rw-p 00008000 103:05 67929195                  /usr/lib/libxcb-sync.so.1.0.0
7f78462ff000-7f7846b00000 rw-p 00000000 00:00 0 
7f7846b00000-7f7846b05000 r--p 00000000 103:05 67898329                  /usr/lib/libmvec.so.1
7f7846b05000-7f7846b27000 r-xp 00005000 103:05 67898329                  /usr/lib/libmvec.so.1
7f7846b27000-7f7846bfe000 r--p 00027000 103:05 67898329                  /usr/lib/libmvec.so.1
7f7846bfe000-7f7846bff000 r--p 000fe000 103:05 67898329                  /usr/lib/libmvec.so.1
7f7846bff000-7f7846c00000 rw-p 000ff000 103:05 67898329                  /usr/lib/libmvec.so.1
7f7846c00000-7f7846c03000 r--p 00000000 103:05 67984015                  /usr/lib/libopus.so.0.11.1
7f7846c03000-7f7846ccb000 r-xp 00003000 103:05 67984015                  /usr/lib/libopus.so.0.11.1
7f7846ccb000-7f784704a000 r--p 000cb000 103:05 67984015                  /usr/lib/libopus.so.0.11.1
7f784704a000-7f784704e000 r--p 0044a000 103:05 67984015                  /usr/lib/libopus.so.0.11.1
7f784704e000-7f784704f000 rw-p 0044e000 103:05 67984015                  /usr/lib/libopus.so.0.11.1
7f784704f000-7f7847053000 rw-s 00000000 00:07 1596                       /dev/nvidiactl
7f7847053000-7f784705f000 r--p 00000000 103:05 67929162                  /usr/lib/libxcb-glx.so.0.0.0
7f784705f000-7f7847069000 r-xp 0000c000 103:05 67929162                  /usr/lib/libxcb-glx.so.0.0.0
7f7847069000-7f784706e000 r--p 00016000 103:05 67929162                  /usr/lib/libxcb-glx.so.0.0.0
7f784706e000-7f7847070000 r--p 0001b000 103:05 67929162                  /usr/lib/libxcb-glx.so.0.0.0
7f7847070000-7f7847071000 rw-p 0001d000 103:05 67929162                  /usr/lib/libxcb-glx.so.0.0.0
7f7847071000-7f7847081000 r--p 00000000 103:05 67934204                  /usr/lib/libnvidia-glsi.so.610.57.04
7f7847081000-7f78470e1000 r-xp 00010000 103:05 67934204                  /usr/lib/libnvidia-glsi.so.610.57.04
7f78470e1000-7f78470fe000 r--p 00070000 103:05 67934204                  /usr/lib/libnvidia-glsi.so.610.57.04
7f78470fe000-7f7847104000 r--p 0008c000 103:05 67934204                  /usr/lib/libnvidia-glsi.so.610.57.04
7f7847104000-7f7847105000 rw-p 00092000 103:05 67934204                  /usr/lib/libnvidia-glsi.so.610.57.04
7f7847105000-7f784710d000 rw-p 00000000 00:00 0 
7f784710d000-7f7847111000 r--p 00000000 103:05 67940972                  /usr/lib/libvorbis.so.0.4.9
7f7847111000-7f7847146000 r-xp 00004000 103:05 67940972                  /usr/lib/libvorbis.so.0.4.9
7f7847146000-7f7847158000 r--p 00039000 103:05 67940972                  /usr/lib/libvorbis.so.0.4.9
7f7847158000-7f7847159000 r--p 0004b000 103:05 67940972                  /usr/lib/libvorbis.so.0.4.9
7f7847159000-7f784715a000 rw-p 0004c000 103:05 67940972                  /usr/lib/libvorbis.so.0.4.9
7f784715a000-7f784715f000 r--p 00000000 103:05 67985749                  /usr/lib/libmp3lame.so.0.0.0
7f784715f000-7f7847188000 r-xp 00005000 103:05 67985749                  /usr/lib/libmp3lame.so.0.0.0
7f7847188000-7f7847195000 r--p 0002e000 103:05 67985749                  /usr/lib/libmp3lame.so.0.0.0
7f7847195000-7f7847196000 r--p 0003b000 103:05 67985749                  /usr/lib/libmp3lame.so.0.0.0
7f7847196000-7f7847197000 rw-p 0003c000 103:05 67985749                  /usr/lib/libmp3lame.so.0.0.0
7f7847197000-7f78471a8000 rw-p 00000000 00:00 0 
7f78471a8000-7f78471ac000 r--p 00000000 103:05 67940998                  /usr/lib/libmpg123.so.0.49.4
7f78471ac000-7f78471ea000 r-xp 00004000 103:05 67940998                  /usr/lib/libmpg123.so.0.49.4
7f78471ea000-7f7847205000 r--p 00042000 103:05 67940998                  /usr/lib/libmpg123.so.0.49.4
7f7847205000-7f7847206000 r--p 0005d000 103:05 67940998                  /usr/lib/libmpg123.so.0.49.4
7f7847206000-7f7847207000 rw-p 0005e000 103:05 67940998                  /usr/lib/libmpg123.so.0.49.4
7f7847207000-7f7847210000 r--p 00000000 103:05 67940956                  /usr/lib/libFLAC.so.14.0.0
7f7847210000-7f784726b000 r-xp 00009000 103:05 67940956                  /usr/lib/libFLAC.so.14.0.0
7f784726b000-7f7847274000 r--p 00064000 103:05 67940956                  /usr/lib/libFLAC.so.14.0.0
7f7847274000-7f7847275000 r--p 0006d000 103:05 67940956                  /usr/lib/libFLAC.so.14.0.0
7f7847275000-7f7847276000 rw-p 0006e000 103:05 67940956                  /usr/lib/libFLAC.so.14.0.0
7f7847276000-7f7847277000 r--p 00000000 103:05 67940978                  /usr/lib/libvorbisenc.so.2.0.12
7f7847277000-7f784727c000 r-xp 00001000 103:05 67940978                  /usr/lib/libvorbisenc.so.2.0.12
7f784727c000-7f78472f3000 r--p 00006000 103:05 67940978                  /usr/lib/libvorbisenc.so.2.0.12
7f78472f3000-7f784730f000 r--p 0007c000 103:05 67940978                  /usr/lib/libvorbisenc.so.2.0.12
7f784730f000-7f7847310000 rw-p 00098000 103:05 67940978                  /usr/lib/libvorbisenc.so.2.0.12
7f7847310000-7f7847315000 r--p 00000000 103:05 67941007                  /usr/lib/libsndfile.so.1.0.37
7f7847315000-7f78473b7000 r-xp 00005000 103:05 67941007                  /usr/lib/libsndfile.so.1.0.37
7f78473b7000-7f78473d4000 r--p 000a7000 103:05 67941007                  /usr/lib/libsndfile.so.1.0.37
7f78473d4000-7f78473d7000 r--p 000c4000 103:05 67941007                  /usr/lib/libsndfile.so.1.0.37
7f78473d7000-7f78473d8000 rw-p 000c7000 103:05 67941007                  /usr/lib/libsndfile.so.1.0.37
7f78473d8000-7f78473da000 rw-p 00000000 00:00 0 
7f78473da000-7f78477de000 rw-p 00000000 00:00 0 
7f78477de000-7f78477f0000 r--p 00000000 103:05 67950495                  /usr/lib/libvlccore.so.9.0.1
7f78477f0000-7f78478b6000 r-xp 00012000 103:05 67950495                  /usr/lib/libvlccore.so.9.0.1
7f78478b6000-7f78478f0000 r--p 000d8000 103:05 67950495                  /usr/lib/libvlccore.so.9.0.1
7f78478f0000-7f78478f6000 r--p 00111000 103:05 67950495                  /usr/lib/libvlccore.so.9.0.1
7f78478f6000-7f78478f7000 rw-p 00117000 103:05 67950495                  /usr/lib/libvlccore.so.9.0.1
7f78478f7000-7f78478f9000 rw-p 00000000 00:00 0 
7f78478f9000-7f7848000000 rw-p 00000000 00:00 0 
7f7848000000-7f784811b000 rw-p 00000000 00:00 0 
7f784811b000-7f784c000000 ---p 00000000 00:00 0 
7f784c000000-7f784c001000 r--p 00000000 103:05 67929166                  /usr/lib/libxcb-present.so.0.0.0
7f784c001000-7f784c002000 r-xp 00001000 103:05 67929166                  /usr/lib/libxcb-present.so.0.0.0
7f784c002000-7f784c003000 r--p 00002000 103:05 67929166                  /usr/lib/libxcb-present.so.0.0.0
7f784c003000-7f784c004000 r--p 00002000 103:05 67929166                  /usr/lib/libxcb-present.so.0.0.0
7f784c004000-7f784c005000 rw-p 00003000 103:05 67929166                  /usr/lib/libxcb-present.so.0.0.0
7f784c005000-7f784c006000 r--p 00000000 103:05 67931557                  /usr/lib/libX11-xcb.so.1.0.0
7f784c006000-7f784c007000 r-xp 00001000 103:05 67931557                  /usr/lib/libX11-xcb.so.1.0.0
7f784c007000-7f784c008000 r--p 00002000 103:05 67931557                  /usr/lib/libX11-xcb.so.1.0.0
7f784c008000-7f784c009000 r--p 00002000 103:05 67931557                  /usr/lib/libX11-xcb.so.1.0.0
7f784c009000-7f784c00a000 rw-p 00003000 103:05 67931557                  /usr/lib/libX11-xcb.so.1.0.0
7f784c00a000-7f784c01e000 r--p 00000000 103:05 68194041                  /usr/lib/pulseaudio/libpulsecommon-17.0.so
7f784c01e000-7f784c070000 r-xp 00014000 103:05 68194041                  /usr/lib/pulseaudio/libpulsecommon-17.0.so
7f784c070000-7f784c096000 r--p 00066000 103:05 68194041                  /usr/lib/pulseaudio/libpulsecommon-17.0.so
7f784c096000-7f784c098000 r--p 0008c000 103:05 68194041                  /usr/lib/pulseaudio/libpulsecommon-17.0.so
7f784c098000-7f784c099000 rw-p 0008e000 103:05 68194041                  /usr/lib/pulseaudio/libpulsecommon-17.0.so
7f784c099000-7f784c0a5000 r--p 00000000 103:05 67924987                  /usr/lib/libpulse.so.0.24.3
7f784c0a5000-7f784c0dc000 r-xp 0000c000 103:05 67924987                  /usr/lib/libpulse.so.0.24.3
7f784c0dc000-7f784c0f2000 r--p 00043000 103:05 67924987                  /usr/lib/libpulse.so.0.24.3
7f784c0f2000-7f784c0f4000 r--p 00059000 103:05 67924987                  /usr/lib/libpulse.so.0.24.3
7f784c0f4000-7f784c0f5000 rw-p 0005b000 103:05 67924987                  /usr/lib/libpulse.so.0.24.3
7f784c0f5000-7f784cb00000 rw-p 00000000 00:00 0 
7f784cb00000-7f784cb04000 ---p 00000000 00:00 0 
7f784cb04000-7f784cc00000 rw-p 00000000 00:00 0 
7f784cc00000-7f784cc1e000 r-xp 00000000 103:05 96629338                  /home/mey/.cache/JNA/temp/jna12348363668190973279.tmp (deleted)
7f784cc1e000-7f784ce1d000 ---p 0001e000 103:05 96629338                  /home/mey/.cache/JNA/temp/jna12348363668190973279.tmp (deleted)
7f784ce1d000-7f784ce1e000 rw-p 0001d000 103:05 96629338                  /home/mey/.cache/JNA/temp/jna12348363668190973279.tmp (deleted)
7f784ce1e000-7f784ce1f000 rw-p 00000000 00:00 0 
7f784ce1f000-7f784ce20000 rw-s 00000000 00:07 1598                       /dev/nvidia0
7f784ce20000-7f784ce22000 r--p 00000000 103:05 67929157                  /usr/lib/libxcb-dri3.so.0.1.0
7f784ce22000-7f784ce24000 r-xp 00002000 103:05 67929157                  /usr/lib/libxcb-dri3.so.0.1.0
7f784ce24000-7f784ce25000 r--p 00004000 103:05 67929157                  /usr/lib/libxcb-dri3.so.0.1.0
7f784ce25000-7f784ce26000 r--p 00004000 103:05 67929157                  /usr/lib/libxcb-dri3.so.0.1.0
7f784ce26000-7f784ce27000 rw-p 00005000 103:05 67929157                  /usr/lib/libxcb-dri3.so.0.1.0
7f784ce27000-7f784ce2e000 r--p 00000000 103:05 67929169                  /usr/lib/libxcb-randr.so.0.1.0
7f784ce2e000-7f784ce34000 r-xp 00007000 103:05 67929169                  /usr/lib/libxcb-randr.so.0.1.0
7f784ce34000-7f784ce37000 r--p 0000d000 103:05 67929169                  /usr/lib/libxcb-randr.so.0.1.0
7f784ce37000-7f784ce38000 r--p 00010000 103:05 67929169                  /usr/lib/libxcb-randr.so.0.1.0
7f784ce38000-7f784ce39000 rw-p 00011000 103:05 67929169                  /usr/lib/libxcb-randr.so.0.1.0
7f784ce39000-7f784ce3a000 r--p 00000000 103:05 67945516                  /usr/lib/libnvidia-tls.so.610.57.04
7f784ce3a000-7f784ce3c000 r-xp 00001000 103:05 67945516                  /usr/lib/libnvidia-tls.so.610.57.04
7f784ce3c000-7f784ce3d000 r--p 00003000 103:05 67945516                  /usr/lib/libnvidia-tls.so.610.57.04
7f784ce3d000-7f784ce3e000 r--p 00003000 103:05 67945516                  /usr/lib/libnvidia-tls.so.610.57.04
7f784ce3e000-7f784ce3f000 rw-p 00004000 103:05 67945516                  /usr/lib/libnvidia-tls.so.610.57.04
7f784ce3f000-7f784ce46000 r--s 00000000 103:05 67988359                  /usr/lib/gconv/gconv-modules.cache
7f784ce46000-7f784ce48000 r--p 00000000 103:05 67940946                  /usr/lib/libogg.so.0.8.6
7f784ce48000-7f784ce4c000 r-xp 00002000 103:05 67940946                  /usr/lib/libogg.so.0.8.6
7f784ce4c000-7f784ce4f000 r--p 00006000 103:05 67940946                  /usr/lib/libogg.so.0.8.6
7f784ce4f000-7f784ce50000 r--p 00009000 103:05 67940946                  /usr/lib/libogg.so.0.8.6
7f784ce50000-7f784ce51000 rw-p 0000a000 103:05 67940946                  /usr/lib/libogg.so.0.8.6
7f784cee7000-7f784cee8000 rw-p 00000000 00:00 0 
7f784cee8000-7f784ceec000 ---p 00000000 00:00 0 
7f784ceec000-7f784cfe9000 rw-p 00000000 00:00 0 
7f784cfe9000-7f784cfed000 ---p 00000000 00:00 0 
7f784cfed000-7f784d0ea000 rw-p 00000000 00:00 0 
7f784d0ea000-7f784d0ee000 ---p 00000000 00:00 0 
7f784d0ee000-7f784d1eb000 rw-p 00000000 00:00 0 
7f784d1eb000-7f784d1ef000 ---p 00000000 00:00 0 
7f784d1ef000-7f784d2ec000 rw-p 00000000 00:00 0 
7f784d2ec000-7f784d2f0000 ---p 00000000 00:00 0 
7f784d2f0000-7f784d3ed000 rw-p 00000000 00:00 0 
7f784d3ed000-7f784d3f1000 ---p 00000000 00:00 0 
7f784d3f1000-7f784d4ee000 rw-p 00000000 00:00 0 
7f784d4ee000-7f784d4f2000 ---p 00000000 00:00 0 
7f784d4f2000-7f784d5ef000 rw-p 00000000 00:00 0 
7f784d5ef000-7f784d5f3000 ---p 00000000 00:00 0 
7f784d5f3000-7f784d6f0000 rw-p 00000000 00:00 0 
7f784d6f0000-7f784d6f4000 ---p 00000000 00:00 0 
7f784d6f4000-7f784d7f0000 rw-p 00000000 00:00 0 
7f784d7f0000-7f784d8e5000 r--s 00000000 103:05 3171936                   /var/cache/fontconfig/6d006ae94db972f3bc99bc2999c017b0-le64.cache-12
7f784d8e5000-7f784d9fe000 r--s 00000000 103:05 3171934                   /var/cache/fontconfig/923e285e415b1073c8df160bee08820f-le64.cache-12
7f784d9fe000-7f784d9ff000 rw-p 00000000 00:00 0 
7f784d9ff000-7f784da03000 ---p 00000000 00:00 0 
7f784da03000-7f784db00000 rw-p 00000000 00:00 0 
7f784db00000-7f784db04000 ---p 00000000 00:00 0 
7f784db04000-7f784dc00000 rw-p 00000000 00:00 0 
7f784dc00000-7f784fb94000 r--p 00000000 103:05 67913512                  /usr/lib/libicudata.so.78.3
7f784fb94000-7f784fb95000 r--p 01f93000 103:05 67913512                  /usr/lib/libicudata.so.78.3
7f784fb95000-7f784fb96000 r--p 00000000 103:05 54040303                  /opt/android-studio/jbr/lib/libjawt.so
7f784fb96000-7f784fb97000 r-xp 00000000 103:05 54040303                  /opt/android-studio/jbr/lib/libjawt.so
7f784fb97000-7f784fb98000 r--p 00000000 103:05 54040303                  /opt/android-studio/jbr/lib/libjawt.so
7f784fb98000-7f784fb99000 rw-p 00000000 103:05 54040303                  /opt/android-studio/jbr/lib/libjawt.so
7f784fb99000-7f784fb9b000 r--p 00000000 103:05 67941630                  /usr/lib/libasyncns.so.0.3.1
7f784fb9b000-7f784fb9e000 r-xp 00002000 103:05 67941630                  /usr/lib/libasyncns.so.0.3.1
7f784fb9e000-7f784fb9f000 r--p 00005000 103:05 67941630                  /usr/lib/libasyncns.so.0.3.1
7f784fb9f000-7f784fba0000 r--p 00005000 103:05 67941630                  /usr/lib/libasyncns.so.0.3.1
7f784fba0000-7f784fba1000 rw-p 00006000 103:05 67941630                  /usr/lib/libasyncns.so.0.3.1
7f784fbb4000-7f784fbbd000 r--p 00000000 103:05 67950492                  /usr/lib/libvlc.so.5.6.1
7f784fbbd000-7f784fbd4000 r-xp 00009000 103:05 67950492                  /usr/lib/libvlc.so.5.6.1
7f784fbd4000-7f784fbdb000 r--p 00020000 103:05 67950492                  /usr/lib/libvlc.so.5.6.1
7f784fbdb000-7f784fbdc000 r--p 00027000 103:05 67950492                  /usr/lib/libvlc.so.5.6.1
7f784fbdc000-7f784fbdd000 rw-p 00028000 103:05 67950492                  /usr/lib/libvlc.so.5.6.1
7f784fbdd000-7f784fbde000 rw-p 00000000 00:00 0 
7f784fbde000-7f784fbe2000 ---p 00000000 00:00 0 
7f784fbe2000-7f784fc00000 rw-p 00000000 00:00 0 
7f784fc00000-7f784fc48000 r--p 00000000 103:05 67913537                  /usr/lib/libicuuc.so.78.3
7f784fc48000-7f784fda7000 r-xp 00048000 103:05 67913537                  /usr/lib/libicuuc.so.78.3
7f784fda7000-7f784fe43000 r--p 001a7000 103:05 67913537                  /usr/lib/libicuuc.so.78.3
7f784fe43000-7f784fe56000 r--p 00243000 103:05 67913537                  /usr/lib/libicuuc.so.78.3
7f784fe56000-7f784fe57000 rw-p 00256000 103:05 67913537                  /usr/lib/libicuuc.so.78.3
7f784fe57000-7f784fe59000 rw-p 00000000 00:00 0 
7f784fe59000-7f784fe5a000 r--p 00000000 103:05 54040300                  /opt/android-studio/jbr/lib/libjaas.so
7f784fe5a000-7f784fe5b000 r-xp 00000000 103:05 54040300                  /opt/android-studio/jbr/lib/libjaas.so
7f784fe5b000-7f784fe5c000 r--p 00000000 103:05 54040300                  /opt/android-studio/jbr/lib/libjaas.so
7f784fe5c000-7f784fe5d000 rw-p 00000000 103:05 54040300                  /opt/android-studio/jbr/lib/libjaas.so
7f784fe67000-7f784fe71000 r--p 00000000 103:05 67910702                  /usr/lib/libsqlite3.so.3.53.4
7f784fe71000-7f784ffc0000 r-xp 0000a000 103:05 67910702                  /usr/lib/libsqlite3.so.3.53.4
7f784ffc0000-7f784fff7000 r--p 00159000 103:05 67910702                  /usr/lib/libsqlite3.so.3.53.4
7f784fff7000-7f784fffb000 r--p 00190000 103:05 67910702                  /usr/lib/libsqlite3.so.3.53.4
7f784fffb000-7f7850000000 rw-p 00194000 103:05 67910702                  /usr/lib/libsqlite3.so.3.53.4
7f7850000000-7f78501d3000 rw-p 00000000 00:00 0 
7f78501d3000-7f7854000000 ---p 00000000 00:00 0 
7f7854000000-7f7854001000 rw-s 00000000 00:07 1596                       /dev/nvidiactl
7f7854001000-7f7854002000 rw-s 00000000 00:07 1596                       /dev/nvidiactl
7f785400c000-7f785401c000 r--s 00000000 103:05 3171928                   /var/cache/fontconfig/491f45a0a771fef1c10b9b647a97fb82-le64.cache-12
7f785401c000-7f78540ca000 r--s 00000000 103:05 3171352                   /var/cache/fontconfig/f6b893a7224233d96cb72fd88691c0b4-le64.cache-12
7f78540ca000-7f78540e4000 r--p 00000000 103:05 67945305                  /usr/lib/libxml2.so.16.1.3
7f78540e4000-7f78541b8000 r-xp 0001a000 103:05 67945305                  /usr/lib/libxml2.so.16.1.3
7f78541b8000-7f78541f5000 r--p 000ee000 103:05 67945305                  /usr/lib/libxml2.so.16.1.3
7f78541f5000-7f78541fe000 r--p 0012b000 103:05 67945305                  /usr/lib/libxml2.so.16.1.3
7f78541fe000-7f78541ff000 rw-p 00134000 103:05 67945305                  /usr/lib/libxml2.so.16.1.3
7f78541ff000-7f7854200000 rw-p 00000000 00:00 0 
7f7854200000-7f78542c3000 r--p 00000000 103:05 67983832                  /usr/lib/libglycin-2.so.0
7f78542c3000-7f78545e0000 r-xp 000c2000 103:05 67983832                  /usr/lib/libglycin-2.so.0
7f78545e0000-7f78545f9000 r--p 003de000 103:05 67983832                  /usr/lib/libglycin-2.so.0
7f78545f9000-7f78545fd000 rw-p 003f6000 103:05 67983832                  /usr/lib/libglycin-2.so.0
7f78545fd000-7f78545fe000 r--s 00000000 00:07 1596                       /dev/nvidiactl
7f78545fe000-7f78545ff000 rw-p 00000000 00:00 0 
7f78545ff000-7f7854605000 r--s 00000000 103:05 3171931                   /var/cache/fontconfig/b67b32625a2bb51b023d3814a918f351-le64.cache-12
7f7854605000-7f7854613000 r--s 00000000 103:05 3171920                   /var/cache/fontconfig/210c0516121708a580e22e6b1f9a103a-le64.cache-12
7f7854613000-7f785461f000 r--s 00000000 103:05 3171347                   /var/cache/fontconfig/4b31aef11cb0687b6d280d34cbe23592-le64.cache-12
7f785461f000-7f7854621000 r--p 00000000 103:05 67912424                  /usr/lib/libseccomp.so.2.6.0
7f7854621000-7f7854631000 r-xp 00002000 103:05 67912424                  /usr/lib/libseccomp.so.2.6.0
7f7854631000-7f785464a000 r--p 00012000 103:05 67912424                  /usr/lib/libseccomp.so.2.6.0
7f785464a000-7f785464b000 r--p 0002b000 103:05 67912424                  /usr/lib/libseccomp.so.2.6.0
7f785464b000-7f785464c000 rw-p 0002c000 103:05 67912424                  /usr/lib/libseccomp.so.2.6.0
7f785464c000-7f7854655000 r--p 00000000 103:05 67934479                  /usr/lib/liblcms2.so.2.0.19
7f7854655000-7f785469c000 r-xp 00009000 103:05 67934479                  /usr/lib/liblcms2.so.2.0.19
7f785469c000-7f78546b1000 r--p 00050000 103:05 67934479                  /usr/lib/liblcms2.so.2.0.19
7f78546b1000-7f78546b4000 r--p 00064000 103:05 67934479                  /usr/lib/liblcms2.so.2.0.19
7f78546b4000-7f78546b7000 rw-p 00067000 103:05 67934479                  /usr/lib/liblcms2.so.2.0.19
7f78546b7000-7f78546b8000 rw-p 00000000 00:00 0 
7f78546b8000-7f78546ba000 r--p 00000000 103:05 67933617                  /usr/lib/libdatrie.so.1.4.1
7f78546ba000-7f78546be000 r-xp 00002000 103:05 67933617                  /usr/lib/libdatrie.so.1.4.1
7f78546be000-7f78546bf000 r--p 00006000 103:05 67933617                  /usr/lib/libdatrie.so.1.4.1
7f78546bf000-7f78546c0000 r--p 00006000 103:05 67933617                  /usr/lib/libdatrie.so.1.4.1
7f78546c0000-7f78546c1000 rw-p 00007000 103:05 67933617                  /usr/lib/libdatrie.so.1.4.1
7f78546c1000-7f78546ca000 r--p 00000000 103:05 67924902                  /usr/lib/libjson-glib-1.0.so.0.1000.8
7f78546ca000-7f78546e3000 r-xp 00009000 103:05 67924902                  /usr/lib/libjson-glib-1.0.so.0.1000.8
7f78546e3000-7f78546ec000 r--p 00022000 103:05 67924902                  /usr/lib/libjson-glib-1.0.so.0.1000.8
7f78546ec000-7f78546ed000 r--p 0002b000 103:05 67924902                  /usr/lib/libjson-glib-1.0.so.0.1000.8
7f78546ed000-7f78546ee000 rw-p 0002c000 103:05 67924902                  /usr/lib/libjson-glib-1.0.so.0.1000.8
7f78546ee000-7f78546fc000 r--p 00000000 103:05 67919023                  /usr/lib/libdbus-1.so.3.38.3
7f78546fc000-7f7854734000 r-xp 0000e000 103:05 67919023                  /usr/lib/libdbus-1.so.3.38.3
7f7854734000-7f7854746000 r--p 00046000 103:05 67919023                  /usr/lib/libdbus-1.so.3.38.3
7f7854746000-7f7854748000 r--p 00057000 103:05 67919023                  /usr/lib/libdbus-1.so.3.38.3
7f7854748000-7f7854749000 rw-p 00059000 103:05 67919023                  /usr/lib/libdbus-1.so.3.38.3
7f7854749000-7f7854757000 r--p 00000000 103:05 67937996                  /usr/lib/libatspi.so.0.0.1
7f7854757000-7f7854772000 r-xp 0000e000 103:05 67937996                  /usr/lib/libatspi.so.0.0.1
7f7854772000-7f7854780000 r--p 00029000 103:05 67937996                  /usr/lib/libatspi.so.0.0.1
7f7854780000-7f7854784000 r--p 00037000 103:05 67937996                  /usr/lib/libatspi.so.0.0.1
7f7854784000-7f7854785000 rw-p 0003b000 103:05 67937996                  /usr/lib/libatspi.so.0.0.1
7f7854785000-7f7854787000 r--p 00000000 103:05 67985487                  /usr/lib/libgraphite2.so.3.3.1
7f7854787000-7f78547a0000 r-xp 00002000 103:05 67985487                  /usr/lib/libgraphite2.so.3.3.1
7f78547a0000-7f78547a5000 r--p 0001b000 103:05 67985487                  /usr/lib/libgraphite2.so.3.3.1
7f78547a5000-7f78547a7000 r--p 0001f000 103:05 67985487                  /usr/lib/libgraphite2.so.3.3.1
7f78547a7000-7f78547a8000 rw-p 00021000 103:05 67985487                  /usr/lib/libgraphite2.so.3.3.1
7f78547a8000-7f78547ad000 r--p 00000000 103:05 67983575                  /usr/lib/libpixman-1.so.0.46.4
7f78547ad000-7f785491d000 r-xp 00005000 103:05 67983575                  /usr/lib/libpixman-1.so.0.46.4
7f785491d000-7f7854932000 r--p 00175000 103:05 67983575                  /usr/lib/libpixman-1.so.0.46.4
7f7854932000-7f785493a000 r--p 0018a000 103:05 67983575                  /usr/lib/libpixman-1.so.0.46.4
7f785493a000-7f785493b000 rw-p 00192000 103:05 67983575                  /usr/lib/libpixman-1.so.0.46.4
7f785493b000-7f785493c000 r--p 00000000 103:05 67929192                  /usr/lib/libxcb-shm.so.0.0.0
7f785493c000-7f785493d000 r-xp 00001000 103:05 67929192                  /usr/lib/libxcb-shm.so.0.0.0
7f785493d000-7f785493e000 r--p 00002000 103:05 67929192                  /usr/lib/libxcb-shm.so.0.0.0
7f785493e000-7f785493f000 r--p 00002000 103:05 67929192                  /usr/lib/libxcb-shm.so.0.0.0
7f785493f000-7f7854940000 rw-p 00003000 103:05 67929192                  /usr/lib/libxcb-shm.so.0.0.0
7f7854940000-7f7854946000 r--p 00000000 103:05 67929177                  /usr/lib/libxcb-render.so.0.0.0
7f7854946000-7f785494c000 r-xp 00006000 103:05 67929177                  /usr/lib/libxcb-render.so.0.0.0
7f785494c000-7f785494e000 r--p 0000c000 103:05 67929177                  /usr/lib/libxcb-render.so.0.0.0
7f785494e000-7f785494f000 r--p 0000e000 103:05 67929177                  /usr/lib/libxcb-render.so.0.0.0
7f785494f000-7f7854950000 rw-p 0000f000 103:05 67929177                  /usr/lib/libxcb-render.so.0.0.0
7f7854950000-7f7854952000 r--p 00000000 103:05 67983934                  /usr/lib/libthai.so.0.3.2
7f7854952000-7f7854958000 r-xp 00002000 103:05 67983934                  /usr/lib/libthai.so.0.3.2
7f7854958000-7f785495b000 r--p 00008000 103:05 67983934                  /usr/lib/libthai.so.0.3.2
7f785495b000-7f785495c000 r--p 0000a000 103:05 67983934                  /usr/lib/libthai.so.0.3.2
7f785495c000-7f785495d000 rw-p 0000b000 103:05 67983934                  /usr/lib/libthai.so.0.3.2
7f785495d000-7f785495f000 r--p 00000000 103:05 67934164                  /usr/lib/libXrandr.so.2.2.0
7f785495f000-7f7854969000 r-xp 00002000 103:05 67934164                  /usr/lib/libXrandr.so.2.2.0
7f7854969000-7f785496b000 r--p 0000c000 103:05 67934164                  /usr/lib/libXrandr.so.2.2.0
7f785496b000-7f785496c000 r--p 0000d000 103:05 67934164                  /usr/lib/libXrandr.so.2.2.0
7f785496c000-7f785496d000 rw-p 0000e000 103:05 67934164                  /usr/lib/libXrandr.so.2.2.0
7f785496d000-7f785496e000 r--p 00000000 103:05 67933907                  /usr/lib/libXcomposite.so.1.0.0
7f785496e000-7f785496f000 r-xp 00001000 103:05 67933907                  /usr/lib/libXcomposite.so.1.0.0
7f785496f000-7f7854970000 r--p 00002000 103:05 67933907                  /usr/lib/libXcomposite.so.1.0.0
7f7854970000-7f7854971000 r--p 00002000 103:05 67933907                  /usr/lib/libXcomposite.so.1.0.0
7f7854971000-7f7854972000 rw-p 00003000 103:05 67933907                  /usr/lib/libXcomposite.so.1.0.0
7f7854972000-7f7854973000 r--p 00000000 103:05 67939152                  /usr/lib/libXdamage.so.1.1.0
7f7854973000-7f7854974000 r-xp 00001000 103:05 67939152                  /usr/lib/libXdamage.so.1.1.0
7f7854974000-7f7854975000 r--p 00002000 103:05 67939152                  /usr/lib/libXdamage.so.1.1.0
7f7854975000-7f7854976000 r--p 00002000 103:05 67939152                  /usr/lib/libXdamage.so.1.1.0
7f7854976000-7f7854977000 rw-p 00003000 103:05 67939152                  /usr/lib/libXdamage.so.1.1.0
7f7854977000-7f785497b000 r--p 00000000 103:05 67934046                  /usr/lib/libxkbcommon.so.0.13.2
7f785497b000-7f78549aa000 r-xp 00004000 103:05 67934046                  /usr/lib/libxkbcommon.so.0.13.2
7f78549aa000-7f78549d3000 r--p 00033000 103:05 67934046                  /usr/lib/libxkbcommon.so.0.13.2
7f78549d3000-7f78549d5000 r--p 0005b000 103:05 67934046                  /usr/lib/libxkbcommon.so.0.13.2
7f78549d5000-7f78549d6000 rw-p 0005d000 103:05 67934046                  /usr/lib/libxkbcommon.so.0.13.2
7f78549d6000-7f78549e6000 r--p 00000000 103:05 67925313                  /usr/lib/libtinysparql-3.0.so.0.1101.0
7f78549e6000-7f7854a65000 r-xp 00010000 103:05 67925313                  /usr/lib/libtinysparql-3.0.so.0.1101.0
7f7854a65000-7f7854a9a000 r--p 0008f000 103:05 67925313                  /usr/lib/libtinysparql-3.0.so.0.1101.0
7f7854a9a000-7f7854aa9000 r--p 000c3000 103:05 67925313                  /usr/lib/libtinysparql-3.0.so.0.1101.0
7f7854aa9000-7f7854aaa000 rw-p 000d2000 103:05 67925313                  /usr/lib/libtinysparql-3.0.so.0.1101.0
7f7854aaa000-7f7854ab1000 r--p 00000000 103:05 67938995                  /usr/lib/libcloudproviders.so.0.4.0
7f7854ab1000-7f7854abb000 r-xp 00007000 103:05 67938995                  /usr/lib/libcloudproviders.so.0.4.0
7f7854abb000-7f7854ac0000 r--p 00011000 103:05 67938995                  /usr/lib/libcloudproviders.so.0.4.0
7f7854ac0000-7f7854ac1000 r--p 00016000 103:05 67938995                  /usr/lib/libcloudproviders.so.0.4.0
7f7854ac1000-7f7854ac2000 rw-p 00017000 103:05 67938995                  /usr/lib/libcloudproviders.so.0.4.0
7f7854ac2000-7f7854acd000 r--p 00000000 103:05 67937991                  /usr/lib/libatk-bridge-2.0.so.0.0.0
7f7854acd000-7f7854ae6000 r-xp 0000b000 103:05 67937991                  /usr/lib/libatk-bridge-2.0.so.0.0.0
7f7854ae6000-7f7854afa000 r--p 00024000 103:05 67937991                  /usr/lib/libatk-bridge-2.0.so.0.0.0
7f7854afa000-7f7854afc000 r--p 00037000 103:05 67937991                  /usr/lib/libatk-bridge-2.0.so.0.0.0
7f7854afc000-7f7854afe000 rw-p 00039000 103:05 67937991                  /usr/lib/libatk-bridge-2.0.so.0.0.0
7f7854afe000-7f7854b48000 r--p 00000000 103:05 67934196                  /usr/lib/libepoxy.so.0.0.0
7f7854b48000-7f7854bb3000 r-xp 0004a000 103:05 67934196                  /usr/lib/libepoxy.so.0.0.0
7f7854bb3000-7f7854c10000 r--p 000b5000 103:05 67934196                  /usr/lib/libepoxy.so.0.0.0
7f7854c10000-7f7854c18000 r--p 00112000 103:05 67934196                  /usr/lib/libepoxy.so.0.0.0
7f7854c18000-7f7854c1f000 rw-p 0011a000 103:05 67934196                  /usr/lib/libepoxy.so.0.0.0
7f7854c1f000-7f7854c27000 r--p 00000000 103:05 67937986                  /usr/lib/libatk-1.0.so.0.26015.1
7f7854c27000-7f7854c37000 r-xp 00008000 103:05 67937986                  /usr/lib/libatk-1.0.so.0.26015.1
7f7854c37000-7f7854c42000 r--p 00018000 103:05 67937986                  /usr/lib/libatk-1.0.so.0.26015.1
7f7854c42000-7f7854c45000 r--p 00023000 103:05 67937986                  /usr/lib/libatk-1.0.so.0.26015.1
7f7854c45000-7f7854c46000 rw-p 00026000 103:05 67937986                  /usr/lib/libatk-1.0.so.0.26015.1
7f7854c46000-7f7854c4d000 r--p 00000000 103:05 67933473                  /usr/lib/libgdk_pixbuf-2.0.so.0.4400.7
7f7854c4d000-7f7854c6f000 r-xp 00007000 103:05 67933473                  /usr/lib/libgdk_pixbuf-2.0.so.0.4400.7
7f7854c6f000-7f7854c7d000 r--p 00029000 103:05 67933473                  /usr/lib/libgdk_pixbuf-2.0.so.0.4400.7
7f7854c7d000-7f7854c7f000 r--p 00036000 103:05 67933473                  /usr/lib/libgdk_pixbuf-2.0.so.0.4400.7
7f7854c7f000-7f7854c80000 rw-p 00038000 103:05 67933473                  /usr/lib/libgdk_pixbuf-2.0.so.0.4400.7
7f7854c80000-7f7854c82000 r--p 00000000 103:05 67933580                  /usr/lib/libfribidi.so.0.4.0
7f7854c82000-7f7854c8a000 r-xp 00002000 103:05 67933580                  /usr/lib/libfribidi.so.0.4.0
7f7854c8a000-7f7854ca1000 r--p 0000a000 103:05 67933580                  /usr/lib/libfribidi.so.0.4.0
7f7854ca1000-7f7854ca2000 r--p 00021000 103:05 67933580                  /usr/lib/libfribidi.so.0.4.0
7f7854ca2000-7f7854ca3000 rw-p 00022000 103:05 67933580                  /usr/lib/libfribidi.so.0.4.0
7f7854ca3000-7f7854cab000 r--p 00000000 103:05 67976860                  /usr/lib/libpangoft2-1.0.so.0.5800.2
7f7854cab000-7f7854cbb000 r-xp 00008000 103:05 67976860                  /usr/lib/libpangoft2-1.0.so.0.5800.2
7f7854cbb000-7f7854cc0000 r--p 00018000 103:05 67976860                  /usr/lib/libpangoft2-1.0.so.0.5800.2
7f7854cc0000-7f7854cc1000 r--p 0001d000 103:05 67976860                  /usr/lib/libpangoft2-1.0.so.0.5800.2
7f7854cc1000-7f7854cc2000 rw-p 0001e000 103:05 67976860                  /usr/lib/libpangoft2-1.0.so.0.5800.2
7f7854cc2000-7f7854ccf000 r--p 00000000 103:05 67986003                  /usr/lib/libharfbuzz.so.0.61430.0
7f7854ccf000-7f7854dc1000 r-xp 0000d000 103:05 67986003                  /usr/lib/libharfbuzz.so.0.61430.0
7f7854dc1000-7f7854df5000 r--p 000ff000 103:05 67986003                  /usr/lib/libharfbuzz.so.0.61430.0
7f7854df5000-7f7854df7000 r--p 00132000 103:05 67986003                  /usr/lib/libharfbuzz.so.0.61430.0
7f7854df7000-7f7854df8000 rw-p 00134000 103:05 67986003                  /usr/lib/libharfbuzz.so.0.61430.0
7f7854df8000-7f7854e06000 r--p 00000000 103:05 67933134                  /usr/lib/libcairo.so.2.11804.4
7f7854e06000-7f7854f4c000 r-xp 0000e000 103:05 67933134                  /usr/lib/libcairo.so.2.11804.4
7f7854f4c000-7f7854f8a000 r--p 00154000 103:05 67933134                  /usr/lib/libcairo.so.2.11804.4
7f7854f8a000-7f7854f8e000 r--p 00192000 103:05 67933134                  /usr/lib/libcairo.so.2.11804.4
7f7854f8e000-7f7854f90000 rw-p 00196000 103:05 67933134                  /usr/lib/libcairo.so.2.11804.4
7f7854f90000-7f7854f91000 rw-p 00000000 00:00 0 
7f7854f91000-7f7854f9f000 r--p 00000000 103:05 67933738                  /usr/lib/libpango-1.0.so.0.5800.2
7f7854f9f000-7f7854fdf000 r-xp 0000e000 103:05 67933738                  /usr/lib/libpango-1.0.so.0.5800.2
7f7854fdf000-7f7854ffb000 r--p 0004e000 103:05 67933738                  /usr/lib/libpango-1.0.so.0.5800.2
7f7854ffb000-7f7854fff000 r--p 00069000 103:05 67933738                  /usr/lib/libpango-1.0.so.0.5800.2
7f7854fff000-7f7855000000 rw-p 0006d000 103:05 67933738                  /usr/lib/libpango-1.0.so.0.5800.2
7f7855000000-7f7855070000 r--p 00000000 103:05 67939525                  /usr/lib/libgtk-3.so.0.2420.32
7f7855070000-7f7855427000 r-xp 00070000 103:05 67939525                  /usr/lib/libgtk-3.so.0.2420.32
7f7855427000-7f78556e5000 r--p 00427000 103:05 67939525                  /usr/lib/libgtk-3.so.0.2420.32
7f78556e5000-7f78556f7000 r--p 006e5000 103:05 67939525                  /usr/lib/libgtk-3.so.0.2420.32
7f78556f7000-7f78556f9000 rw-p 006f7000 103:05 67939525                  /usr/lib/libgtk-3.so.0.2420.32
7f78556f9000-7f78556fe000 rw-p 00000000 00:00 0 
7f78556fe000-7f78556ff000 r-xp 00000000 00:2f 21007                      /tmp/ffi7UxbMI (deleted)
7f78556ff000-7f7855700000 rw-p 00000000 00:00 0 
7f7855700000-7f7855701000 r--p 00000000 103:05 67982373                  /usr/lib/libwayland-egl.so.1.26.0
7f7855701000-7f7855702000 r-xp 00001000 103:05 67982373                  /usr/lib/libwayland-egl.so.1.26.0
7f7855702000-7f7855703000 r--p 00002000 103:05 67982373                  /usr/lib/libwayland-egl.so.1.26.0
7f7855703000-7f7855704000 r--p 00002000 103:05 67982373                  /usr/lib/libwayland-egl.so.1.26.0
7f7855704000-7f7855705000 rw-p 00003000 103:05 67982373                  /usr/lib/libwayland-egl.so.1.26.0
7f7855705000-7f7855708000 r--p 00000000 103:05 67934087                  /usr/lib/libXi.so.6.1.0
7f7855708000-7f7855715000 r-xp 00003000 103:05 67934087                  /usr/lib/libXi.so.6.1.0
7f7855715000-7f7855718000 r--p 00010000 103:05 67934087                  /usr/lib/libXi.so.6.1.0
7f7855718000-7f7855719000 r--p 00012000 103:05 67934087                  /usr/lib/libXi.so.6.1.0
7f7855719000-7f785571a000 rw-p 00013000 103:05 67934087                  /usr/lib/libXi.so.6.1.0
7f785571a000-7f7855737000 r--p 00000000 103:05 67939520                  /usr/lib/libgdk-3.so.0.2420.32
7f7855737000-7f78557b9000 r-xp 0001d000 103:05 67939520                  /usr/lib/libgdk-3.so.0.2420.32
7f78557b9000-7f78557fb000 r--p 0009f000 103:05 67939520                  /usr/lib/libgdk-3.so.0.2420.32
7f78557fb000-7f7855805000 r--p 000e0000 103:05 67939520                  /usr/lib/libgdk-3.so.0.2420.32
7f7855805000-7f7855807000 rw-p 000ea000 103:05 67939520                  /usr/lib/libgdk-3.so.0.2420.32
7f7855807000-7f7855808000 rw-p 00000000 00:00 0 
7f7855808000-7f785580c000 ---p 00000000 00:00 0 
7f785580c000-7f7855908000 rw-p 00000000 00:00 0 
7f7855908000-7f785591d000 r--p 00000000 103:05 67899181                  /usr/lib/libsystemd.so.0.44.0
7f785591d000-7f78559f6000 r-xp 00015000 103:05 67899181                  /usr/lib/libsystemd.so.0.44.0
7f78559f6000-7f7855a45000 r--p 000ee000 103:05 67899181                  /usr/lib/libsystemd.so.0.44.0
7f7855a45000-7f7855a4e000 r--p 0013c000 103:05 67899181                  /usr/lib/libsystemd.so.0.44.0
7f7855a4e000-7f7855a4f000 rw-p 00145000 103:05 67899181                  /usr/lib/libsystemd.so.0.44.0
7f7855a4f000-7f7855a50000 rw-p 00000000 00:00 0 
7f7855a50000-7f7855a55000 r--p 00000000 103:05 67902781                  /usr/lib/libblkid.so.1.1.0
7f7855a55000-7f7855a7e000 r-xp 00005000 103:05 67902781                  /usr/lib/libblkid.so.1.1.0
7f7855a7e000-7f7855a89000 r--p 0002e000 103:05 67902781                  /usr/lib/libblkid.so.1.1.0
7f7855a89000-7f7855a8f000 r--p 00038000 103:05 67902781                  /usr/lib/libblkid.so.1.1.0
7f7855a8f000-7f7855a90000 rw-p 0003e000 103:05 67902781                  /usr/lib/libblkid.so.1.1.0
7f7855a90000-7f7855a93000 r--p 00000000 103:05 67912664                  /usr/lib/libpcre2-8.so.0.15.0
7f7855a93000-7f7855b2a000 r-xp 00003000 103:05 67912664                  /usr/lib/libpcre2-8.so.0.15.0
7f7855b2a000-7f7855b59000 r--p 0009a000 103:05 67912664                  /usr/lib/libpcre2-8.so.0.15.0
7f7855b59000-7f7855b5a000 r--p 000c8000 103:05 67912664                  /usr/lib/libpcre2-8.so.0.15.0
7f7855b5a000-7f7855b5b000 rw-p 000c9000 103:05 67912664                  /usr/lib/libpcre2-8.so.0.15.0
7f7855b5b000-7f7855b65000 r--p 00000000 103:05 67902806                  /usr/lib/libmount.so.1.1.0
7f7855b65000-7f7855ba3000 r-xp 0000a000 103:05 67902806                  /usr/lib/libmount.so.1.1.0
7f7855ba3000-7f7855bb4000 r--p 00048000 103:05 67902806                  /usr/lib/libmount.so.1.1.0
7f7855bb4000-7f7855bb6000 r--p 00059000 103:05 67902806                  /usr/lib/libmount.so.1.1.0
7f7855bb6000-7f7855bb7000 rw-p 0005b000 103:05 67902806                  /usr/lib/libmount.so.1.1.0
7f7855bb7000-7f7855bc3000 r--p 00000000 103:05 67918010                  /usr/lib/libgobject-2.0.so.0.8800.3
7f7855bc3000-7f7855bfc000 r-xp 0000c000 103:05 67918010                  /usr/lib/libgobject-2.0.so.0.8800.3
7f7855bfc000-7f7855c16000 r--p 00045000 103:05 67918010                  /usr/lib/libgobject-2.0.so.0.8800.3
7f7855c16000-7f7855c19000 r--p 0005e000 103:05 67918010                  /usr/lib/libgobject-2.0.so.0.8800.3
7f7855c19000-7f7855c1a000 rw-p 00061000 103:05 67918010                  /usr/lib/libgobject-2.0.so.0.8800.3
7f7855c1a000-7f7855c38000 r--p 00000000 103:05 67917992                  /usr/lib/libglib-2.0.so.0.8800.3
7f7855c38000-7f7855ce6000 r-xp 0001e000 103:05 67917992                  /usr/lib/libglib-2.0.so.0.8800.3
7f7855ce6000-7f7855d7a000 r--p 000cc000 103:05 67917992                  /usr/lib/libglib-2.0.so.0.8800.3
7f7855d7a000-7f7855d7b000 r--p 00160000 103:05 67917992                  /usr/lib/libglib-2.0.so.0.8800.3
7f7855d7b000-7f7855d7c000 rw-p 00161000 103:05 67917992                  /usr/lib/libglib-2.0.so.0.8800.3
7f7855d7c000-7f7855d7d000 rw-p 00000000 00:00 0 
7f7855d7d000-7f7855daf000 r--p 00000000 103:05 67917947                  /usr/lib/libgio-2.0.so.0.8800.3
7f7855daf000-7f7855ed6000 r-xp 00032000 103:05 67917947                  /usr/lib/libgio-2.0.so.0.8800.3
7f7855ed6000-7f7855f50000 r--p 00159000 103:05 67917947                  /usr/lib/libgio-2.0.so.0.8800.3
7f7855f50000-7f7855f59000 r--p 001d2000 103:05 67917947                  /usr/lib/libgio-2.0.so.0.8800.3
7f7855f59000-7f7855f5a000 rw-p 001db000 103:05 67917947                  /usr/lib/libgio-2.0.so.0.8800.3
7f7855f5a000-7f7855f5c000 rw-p 00000000 00:00 0 
7f7855f5c000-7f7855fa4000 r--p 00000000 103:05 54040294                  /opt/android-studio/jbr/lib/libfontmanager.so
7f7855fa4000-7f78560a6000 r-xp 00047000 103:05 54040294                  /opt/android-studio/jbr/lib/libfontmanager.so
7f78560a6000-7f78560a8000 r--p 00148000 103:05 54040294                  /opt/android-studio/jbr/lib/libfontmanager.so
7f78560a8000-7f78560aa000 rw-p 00149000 103:05 54040294                  /opt/android-studio/jbr/lib/libfontmanager.so
7f78560aa000-7f78560ab000 rw-p 00000000 00:00 0 
7f78560ab000-7f78560d9000 r--p 00000000 103:05 54040291                  /opt/android-studio/jbr/lib/libawt_xawt.so
7f78560d9000-7f7856121000 r-xp 0002d000 103:05 54040291                  /opt/android-studio/jbr/lib/libawt_xawt.so
7f7856121000-7f7856126000 r--p 00074000 103:05 54040291                  /opt/android-studio/jbr/lib/libawt_xawt.so
7f7856126000-7f785612a000 rw-p 00078000 103:05 54040291                  /opt/android-studio/jbr/lib/libawt_xawt.so
7f785612a000-7f785612b000 rw-p 00000000 00:00 0 
7f785612b000-7f7856156000 r--p 00000000 103:05 54040288                  /opt/android-studio/jbr/lib/libawt.so
7f7856156000-7f78561ce000 r-xp 0002a000 103:05 54040288                  /opt/android-studio/jbr/lib/libawt.so
7f78561ce000-7f78561cf000 r--p 000a1000 103:05 54040288                  /opt/android-studio/jbr/lib/libawt.so
7f78561cf000-7f78561db000 rw-p 000a1000 103:05 54040288                  /opt/android-studio/jbr/lib/libawt.so
7f78561db000-7f7856200000 rw-p 00000000 00:00 0 
7f7856200000-7f785629a000 r--p 00000000 103:05 67980038                  /usr/lib/libstdc++.so.6.0.36
7f785629a000-7f785641d000 r-xp 0009a000 103:05 67980038                  /usr/lib/libstdc++.so.6.0.36
7f785641d000-7f78564bd000 r--p 0021d000 103:05 67980038                  /usr/lib/libstdc++.so.6.0.36
7f78564bd000-7f78564ce000 r--p 002bc000 103:05 67980038                  /usr/lib/libstdc++.so.6.0.36
7f78564ce000-7f78564cf000 rw-p 002cd000 103:05 67980038                  /usr/lib/libstdc++.so.6.0.36
7f78564cf000-7f78564d3000 rw-p 00000000 00:00 0 
7f78564d3000-7f78564d6000 r--s 00000000 103:05 3171923                   /var/cache/fontconfig/6ba42ae0000f58711b5caaf10d690066-le64.cache-12
7f78564d6000-7f78564d7000 r--p 00000000 103:05 67982367                  /usr/lib/libwayland-cursor.so.0.26.0
7f78564d7000-7f78564d9000 r-xp 00001000 103:05 67982367                  /usr/lib/libwayland-cursor.so.0.26.0
7f78564d9000-7f78564da000 r--p 00003000 103:05 67982367                  /usr/lib/libwayland-cursor.so.0.26.0
7f78564da000-7f78564db000 r--p 00003000 103:05 67982367                  /usr/lib/libwayland-cursor.so.0.26.0
7f78564db000-7f78564df000 rw-p 00004000 103:05 67982367                  /usr/lib/libwayland-cursor.so.0.26.0
7f78564df000-7f78564e4000 r--p 00000000 103:05 67974855                  /usr/lib/libpangocairo-1.0.so.0.5800.2
7f78564e4000-7f78564ed000 r-xp 00005000 103:05 67974855                  /usr/lib/libpangocairo-1.0.so.0.5800.2
7f78564ed000-7f78564ef000 r--p 0000e000 103:05 67974855                  /usr/lib/libpangocairo-1.0.so.0.5800.2
7f78564ef000-7f78564f0000 r--p 00010000 103:05 67974855                  /usr/lib/libpangocairo-1.0.so.0.5800.2
7f78564f0000-7f78564f1000 rw-p 00011000 103:05 67974855                  /usr/lib/libpangocairo-1.0.so.0.5800.2
7f78564f1000-7f78564f4000 r--p 00000000 103:05 67933923                  /usr/lib/libXcursor.so.1.0.2
7f78564f4000-7f78564fb000 r-xp 00003000 103:05 67933923                  /usr/lib/libXcursor.so.1.0.2
7f78564fb000-7f78564fd000 r--p 0000a000 103:05 67933923                  /usr/lib/libXcursor.so.1.0.2
7f78564fd000-7f78564fe000 r--p 0000c000 103:05 67933923                  /usr/lib/libXcursor.so.1.0.2
7f78564fe000-7f78564ff000 rw-p 0000d000 103:05 67933923                  /usr/lib/libXcursor.so.1.0.2
7f78564ff000-7f7856500000 rw-p 00000000 00:00 0 
7f7856500000-7f7856504000 ---p 00000000 00:00 0 
7f7856504000-7f7856600000 rw-p 00000000 00:00 0 
7f7856600000-7f7857f1a000 r-xp 00000000 103:05 98306206                  /home/mey/.skiko/skiko-linux-x64-434f7633c843870c0839a1137b128f6c3db3c5d58dcad3545e90827e3e341afb/libskiko-linux-x64.so
7f7857f1a000-7f7857f52000 r--p 01919000 103:05 98306206                  /home/mey/.skiko/skiko-linux-x64-434f7633c843870c0839a1137b128f6c3db3c5d58dcad3545e90827e3e341afb/libskiko-linux-x64.so
7f7857f52000-7f7857f55000 rw-p 01951000 103:05 98306206                  /home/mey/.skiko/skiko-linux-x64-434f7633c843870c0839a1137b128f6c3db3c5d58dcad3545e90827e3e341afb/libskiko-linux-x64.so
7f7857f55000-7f7857f5f000 rw-p 00000000 00:00 0 
7f7857f5f000-7f7857f62000 r--s 00000000 103:05 3171350                   /var/cache/fontconfig/f349e9996a5320f6dd491cedd2b1f964-le64.cache-12
7f7857f62000-7f7857f64000 r--p 00000000 103:05 67933126                  /usr/lib/libcairo-gobject.so.2.11804.4
7f7857f64000-7f7857f66000 r-xp 00002000 103:05 67933126                  /usr/lib/libcairo-gobject.so.2.11804.4
7f7857f66000-7f7857f68000 r--p 00004000 103:05 67933126                  /usr/lib/libcairo-gobject.so.2.11804.4
7f7857f68000-7f7857f6a000 r--p 00006000 103:05 67933126                  /usr/lib/libcairo-gobject.so.2.11804.4
7f7857f6a000-7f7857f6b000 rw-p 00008000 103:05 67933126                  /usr/lib/libcairo-gobject.so.2.11804.4
7f7857f6b000-7f7857f86000 r--p 00000000 103:05 67919883                  /usr/share/glib-2.0/schemas/gschemas.compiled
7f7857f86000-7f7857f8a000 r--p 00000000 103:05 67932369                  /usr/lib/libXext.so.6.4.0
7f7857f8a000-7f7857f9a000 r-xp 00004000 103:05 67932369                  /usr/lib/libXext.so.6.4.0
7f7857f9a000-7f7857f9e000 r--p 00014000 103:05 67932369                  /usr/lib/libXext.so.6.4.0
7f7857f9e000-7f7857f9f000 r--p 00017000 103:05 67932369                  /usr/lib/libXext.so.6.4.0
7f7857f9f000-7f7857fa0000 rw-p 00018000 103:05 67932369                  /usr/lib/libXext.so.6.4.0
7f7857fa0000-7f7857fa1000 r--p 00000000 103:05 67915281                  /usr/lib/libbrotlicommon.so.1.2.0
7f7857fa1000-7f7857fa2000 r-xp 00001000 103:05 67915281                  /usr/lib/libbrotlicommon.so.1.2.0
7f7857fa2000-7f7857fc1000 r--p 00002000 103:05 67915281                  /usr/lib/libbrotlicommon.so.1.2.0
7f7857fc1000-7f7857fc2000 r--p 00021000 103:05 67915281                  /usr/lib/libbrotlicommon.so.1.2.0
7f7857fc2000-7f7857fc3000 rw-p 00022000 103:05 67915281                  /usr/lib/libbrotlicommon.so.1.2.0
7f7857fc3000-7f7857fc9000 r--p 00000000 103:05 67949569                  /usr/lib/libpng16.so.16.58.0
7f7857fc9000-7f7857ff4000 r-xp 00006000 103:05 67949569                  /usr/lib/libpng16.so.16.58.0
7f7857ff4000-7f7857ffe000 r--p 00031000 103:05 67949569                  /usr/lib/libpng16.so.16.58.0
7f7857ffe000-7f7857fff000 r--p 0003a000 103:05 67949569                  /usr/lib/libpng16.so.16.58.0
7f7857fff000-7f7858000000 rw-p 0003b000 103:05 67949569                  /usr/lib/libpng16.so.16.58.0
7f7858000000-7f7858ffc000 rw-p 00000000 00:00 0 
7f7858ffc000-7f785c000000 ---p 00000000 00:00 0 
7f785c000000-7f785d1fd000 rw-p 00000000 00:00 0 
7f785d1fd000-7f7860000000 ---p 00000000 00:00 0 
7f7860000000-7f7860021000 rw-p 00000000 00:00 0 
7f7860021000-7f7864000000 ---p 00000000 00:00 0 
7f7864000000-7f78651c4000 rw-p 00000000 00:00 0 
7f78651c4000-7f7868000000 ---p 00000000 00:00 0 
7f7868000000-7f786a381000 rw-p 00000000 00:00 0 
7f786a381000-7f786c000000 ---p 00000000 00:00 0 
7f786c000000-7f786ca91000 rw-p 00000000 00:00 0 
7f786ca91000-7f7870000000 ---p 00000000 00:00 0 
7f7870000000-7f787065c000 rw-p 00000000 00:00 0 
7f787065c000-7f7874000000 ---p 00000000 00:00 0 
7f7874000000-7f7875ffe000 rw-p 00000000 00:00 0 
7f7875ffe000-7f7878000000 ---p 00000000 00:00 0 
7f7878000000-7f7878057000 rw-p 00000000 00:00 0 
7f7878057000-7f787c000000 ---p 00000000 00:00 0 
7f787c000000-7f787c08e000 rw-p 00000000 00:00 0 
7f787c08e000-7f7880000000 ---p 00000000 00:00 0 
7f7880000000-7f7880027000 rw-p 00000000 00:00 0 
7f7880027000-7f7884000000 ---p 00000000 00:00 0 
7f7884000000-7f788414a000 rw-p 00000000 00:00 0 
7f788414a000-7f7888000000 ---p 00000000 00:00 0 
7f7888000000-7f788827d000 rw-p 00000000 00:00 0 
7f788827d000-7f788c000000 ---p 00000000 00:00 0 
7f788c000000-7f788c021000 rw-p 00000000 00:00 0 
7f788c021000-7f7890000000 ---p 00000000 00:00 0 
7f7890000000-7f7890500000 rw-p 00000000 00:00 0 
7f7890500000-7f7890540000 rw-p 00000000 00:00 0 
7f7890540000-7f7890580000 rw-p 00000000 00:00 0 
7f7890580000-7f78906a0000 rw-p 00000000 00:00 0 
7f78906a0000-7f78906c0000 rw-p 00000000 00:00 0 
7f78906c0000-7f7890700000 rw-p 00000000 00:00 0 
7f7890700000-7f7890840000 rw-p 00000000 00:00 0 
7f7890840000-7f7890880000 rw-p 00000000 00:00 0 
7f7890880000-7f7890900000 rw-p 00000000 00:00 0 
7f7890900000-7f7890b00000 rw-p 00000000 00:00 0 
7f7890b00000-7f7890b80000 rw-p 00000000 00:00 0 
7f7890b80000-7f7890d00000 rw-p 00000000 00:00 0 
7f7890d00000-7f7890e00000 rw-p 00000000 00:00 0 
7f7890e00000-7f7891100000 rw-p 00000000 00:00 0 
7f7891100000-7f7891200000 rw-p 00000000 00:00 0 
7f7891200000-7f7891300000 rw-p 00000000 00:00 0 
7f7891300000-7f7891400000 rw-p 00000000 00:00 0 
7f7891400000-7f7891500000 rw-p 00000000 00:00 0 
7f7891500000-7f7891600000 rw-p 00000000 00:00 0 
7f7891600000-7f7891780000 rw-p 00000000 00:00 0 
7f7891780000-7f7891800000 rw-p 00000000 00:00 0 
7f7891800000-7f7891900000 rw-p 00000000 00:00 0 
7f7891900000-7f7891a00000 rw-p 00000000 00:00 0 
7f7891a00000-7f7891b80000 rw-p 00000000 00:00 0 
7f7891b80000-7f7891c00000 rw-p 00000000 00:00 0 
7f7891c00000-7f7891f00000 rw-p 00000000 00:00 0 
7f7891f00000-7f7892200000 rw-p 00000000 00:00 0 
7f7892200000-7f7892b00000 rw-p 00000000 00:00 0 
7f7892b00000-7f7892c00000 rw-p 00000000 00:00 0 
7f7892c00000-7f7892e30000 rw-p 00000000 00:00 0 
7f7892e30000-7f7892f00000 ---p 00000000 00:00 0 
7f7892f00000-7f7892f30000 rw-p 00000000 00:00 0 
7f7892f30000-7f7894000000 ---p 00000000 00:00 0 
7f7894000000-7f7894024000 rw-p 00000000 00:00 0 
7f7894024000-7f7898000000 ---p 00000000 00:00 0 
7f7898000000-7f789803c000 rw-p 00000000 00:00 0 
7f789803c000-7f789c000000 ---p 00000000 00:00 0 
7f789c000000-7f789c021000 rw-p 00000000 00:00 0 
7f789c021000-7f78a0000000 ---p 00000000 00:00 0 
7f78a0000000-7f78a0002000 r--p 00000000 103:05 67932475                  /usr/lib/libXfixes.so.3.1.0
7f78a0002000-7f78a0005000 r-xp 00002000 103:05 67932475                  /usr/lib/libXfixes.so.3.1.0
7f78a0005000-7f78a0006000 r--p 00005000 103:05 67932475                  /usr/lib/libXfixes.so.3.1.0
7f78a0006000-7f78a0007000 r--p 00006000 103:05 67932475                  /usr/lib/libXfixes.so.3.1.0
7f78a0007000-7f78a0008000 rw-p 00007000 103:05 67932475                  /usr/lib/libXfixes.so.3.1.0
7f78a0008000-7f78a000a000 r--p 00000000 103:05 67925758                  /usr/lib/libffi.so.8.5.0
7f78a000a000-7f78a0012000 r-xp 00002000 103:05 67925758                  /usr/lib/libffi.so.8.5.0
7f78a0012000-7f78a0014000 r--p 0000a000 103:05 67925758                  /usr/lib/libffi.so.8.5.0
7f78a0014000-7f78a0015000 r--p 0000b000 103:05 67925758                  /usr/lib/libffi.so.8.5.0
7f78a0015000-7f78a0016000 rw-p 0000c000 103:05 67925758                  /usr/lib/libffi.so.8.5.0
7f78a0016000-7f78a0019000 r--p 00000000 103:05 67902721                  /usr/lib/libz.so.1.3.1.zlib-ng
7f78a0019000-7f78a0046000 r-xp 00003000 103:05 67902721                  /usr/lib/libz.so.1.3.1.zlib-ng
7f78a0046000-7f78a0050000 r--p 00030000 103:05 67902721                  /usr/lib/libz.so.1.3.1.zlib-ng
7f78a0050000-7f78a0051000 r--p 00039000 103:05 67902721                  /usr/lib/libz.so.1.3.1.zlib-ng
7f78a0051000-7f78a0052000 rw-p 0003a000 103:05 67902721                  /usr/lib/libz.so.1.3.1.zlib-ng
7f78a0052000-7f78a0058000 r--p 00000000 103:05 67946985                  /usr/lib/libfreetype.so.6.20.6
7f78a0058000-7f78a00f0000 r-xp 00006000 103:05 67946985                  /usr/lib/libfreetype.so.6.20.6
7f78a00f0000-7f78a0119000 r--p 0009e000 103:05 67946985                  /usr/lib/libfreetype.so.6.20.6
7f78a0119000-7f78a0121000 r--p 000c6000 103:05 67946985                  /usr/lib/libfreetype.so.6.20.6
7f78a0121000-7f78a0122000 rw-p 000ce000 103:05 67946985                  /usr/lib/libfreetype.so.6.20.6
7f78a0122000-7f78a0124000 r--p 00000000 103:05 67982409                  /usr/lib/libGLdispatch.so.0.0.0
7f78a0124000-7f78a0127000 r-xp 00002000 103:05 67982409                  /usr/lib/libGLdispatch.so.0.0.0
7f78a0127000-7f78a0162000 r-xp 00005000 103:05 67982409                  /usr/lib/libGLdispatch.so.0.0.0
7f78a0162000-7f78a0163000 r-xp 00040000 103:05 67982409                  /usr/lib/libGLdispatch.so.0.0.0
7f78a0163000-7f78a0176000 r--p 00041000 103:05 67982409                  /usr/lib/libGLdispatch.so.0.0.0
7f78a0176000-7f78a0192000 r--p 00054000 103:05 67982409                  /usr/lib/libGLdispatch.so.0.0.0
7f78a0192000-7f78a0193000 rw-p 00070000 103:05 67982409                  /usr/lib/libGLdispatch.so.0.0.0
7f78a0193000-7f78a019b000 rw-p 00000000 00:00 0 
7f78a019b000-7f78a01a1000 r--p 00000000 103:05 67932870                  /usr/lib/libfontconfig.so.1.17.0
7f78a01a1000-7f78a01d6000 r-xp 00006000 103:05 67932870                  /usr/lib/libfontconfig.so.1.17.0
7f78a01d6000-7f78a020c000 r--p 0003b000 103:05 67932870                  /usr/lib/libfontconfig.so.1.17.0
7f78a020c000-7f78a0215000 r--p 00071000 103:05 67932870                  /usr/lib/libfontconfig.so.1.17.0
7f78a0215000-7f78a0216000 rw-p 0007a000 103:05 67932870                  /usr/lib/libfontconfig.so.1.17.0
7f78a0216000-7f78a022d000 r--p 00000000 103:05 67931562                  /usr/lib/libX11.so.6.4.0
7f78a022d000-7f78a02e6000 r-xp 00017000 103:05 67931562                  /usr/lib/libX11.so.6.4.0
7f78a02e6000-7f78a037b000 r--p 000d0000 103:05 67931562                  /usr/lib/libX11.so.6.4.0
7f78a037b000-7f78a037e000 r--p 00164000 103:05 67931562                  /usr/lib/libX11.so.6.4.0
7f78a037e000-7f78a0381000 rw-p 00167000 103:05 67931562                  /usr/lib/libX11.so.6.4.0
7f78a0381000-7f78a0382000 rw-p 00000000 00:00 0 
7f78a0382000-7f78a03b1000 r--p 00000000 103:05 67932688                  /usr/lib/libGL.so.1.7.0
7f78a03b1000-7f78a03b4000 r-xp 0002f000 103:05 67932688                  /usr/lib/libGL.so.1.7.0
7f78a03b4000-7f78a03cf000 r-xp 00032000 103:05 67932688                  /usr/lib/libGL.so.1.7.0
7f78a03cf000-7f78a03d0000 r-xp 0004d000 103:05 67932688                  /usr/lib/libGL.so.1.7.0
7f78a03d0000-7f78a03e4000 r--p 0004e000 103:05 67932688                  /usr/lib/libGL.so.1.7.0
7f78a03e4000-7f78a03f2000 r--p 00062000 103:05 67932688                  /usr/lib/libGL.so.1.7.0
7f78a03f2000-7f78a03f3000 rw-p 00070000 103:05 67932688                  /usr/lib/libGL.so.1.7.0
7f78a03f3000-7f78a03f4000 rw-p 00000000 00:00 0 
7f78a03f4000-7f78a03f5000 rw-p 00000000 00:00 0 
7f78a03f5000-7f78a03f9000 ---p 00000000 00:00 0 
7f78a03f9000-7f78a04f6000 rw-p 00000000 00:00 0 
7f78a04f6000-7f78a04fa000 ---p 00000000 00:00 0 
7f78a04fa000-7f78a05f7000 rw-p 00000000 00:00 0 
7f78a05f7000-7f78a05fb000 ---p 00000000 00:00 0 
7f78a05fb000-7f78a06f8000 rw-p 00000000 00:00 0 
7f78a06f8000-7f78a06fc000 ---p 00000000 00:00 0 
7f78a06fc000-7f78a07f9000 rw-p 00000000 00:00 0 
7f78a07f9000-7f78a07fd000 ---p 00000000 00:00 0 
7f78a07fd000-7f78a08fa000 rw-p 00000000 00:00 0 
7f78a08fa000-7f78a08fe000 ---p 00000000 00:00 0 
7f78a08fe000-7f78a09fb000 rw-p 00000000 00:00 0 
7f78a09fb000-7f78a09ff000 ---p 00000000 00:00 0 
7f78a09ff000-7f78a0afc000 rw-p 00000000 00:00 0 
7f78a0afc000-7f78a0b00000 ---p 00000000 00:00 0 
7f78a0b00000-7f78a0bfd000 rw-p 00000000 00:00 0 
7f78a0bfd000-7f78a0c01000 ---p 00000000 00:00 0 
7f78a0c01000-7f78a0cfe000 rw-p 00000000 00:00 0 
7f78a0cfe000-7f78a0d02000 ---p 00000000 00:00 0 
7f78a0d02000-7f78a0dff000 rw-p 00000000 00:00 0 
7f78a0dff000-7f78a0e03000 ---p 00000000 00:00 0 
7f78a0e03000-7f78a0f00000 rw-p 00000000 00:00 0 
7f78a0f00000-7f78a0f04000 ---p 00000000 00:00 0 
7f78a0f04000-7f78a1000000 rw-p 00000000 00:00 0 
7f78a1000000-7f78a12ed000 r--p 00000000 103:05 67988358                  /usr/lib/locale/locale-archive
7f78a12ed000-7f78a12ee000 rw-p 00000000 00:00 0 
7f78a12ee000-7f78a12ef000 r--p 00000000 00:00 0 
7f78a12ef000-7f78a12f2000 r--p 00000000 103:05 67932621                  /usr/lib/libwayland-client.so.0.26.0
7f78a12f2000-7f78a12f9000 r-xp 00003000 103:05 67932621                  /usr/lib/libwayland-client.so.0.26.0
7f78a12f9000-7f78a12fc000 r--p 0000a000 103:05 67932621                  /usr/lib/libwayland-client.so.0.26.0
7f78a12fc000-7f78a12fe000 r--p 0000c000 103:05 67932621                  /usr/lib/libwayland-client.so.0.26.0
7f78a12fe000-7f78a12ff000 rw-p 0000e000 103:05 67932621                  /usr/lib/libwayland-client.so.0.26.0
7f78a12ff000-7f78a1303000 r--p 00000000 103:05 67980018                  /usr/lib/libgcc_s.so.1
7f78a1303000-7f78a1326000 r-xp 00004000 103:05 67980018                  /usr/lib/libgcc_s.so.1
7f78a1326000-7f78a132a000 r--p 00027000 103:05 67980018                  /usr/lib/libgcc_s.so.1
7f78a132a000-7f78a132b000 r--p 0002b000 103:05 67980018                  /usr/lib/libgcc_s.so.1
7f78a132b000-7f78a132c000 rw-p 0002c000 103:05 67980018                  /usr/lib/libgcc_s.so.1
7f78a132c000-7f78a132e000 r--p 00000000 103:05 67940675                  /usr/lib/libexpat.so.1.12.3
7f78a132e000-7f78a134e000 r-xp 00002000 103:05 67940675                  /usr/lib/libexpat.so.1.12.3
7f78a134e000-7f78a1357000 r--p 00022000 103:05 67940675                  /usr/lib/libexpat.so.1.12.3
7f78a1357000-7f78a1359000 r--p 0002a000 103:05 67940675                  /usr/lib/libexpat.so.1.12.3
7f78a1359000-7f78a135a000 rw-p 0002c000 103:05 67940675                  /usr/lib/libexpat.so.1.12.3
7f78a135a000-7f78a135b000 rw-p 00000000 00:00 0 
7f78a135b000-7f78a135f000 ---p 00000000 00:00 0 
7f78a135f000-7f78a165d000 rw-p 00000000 00:00 0 
7f78a165d000-7f78a17f8000 rw-p 00000000 00:00 0 
7f78a17f8000-7f78a19fa000 rw-p 00000000 00:00 0 
7f78a19fa000-7f78a423e000 rw-p 00000000 00:00 0 
7f78a423e000-7f78a8000000 ---p 00000000 00:00 0 
7f78a8000000-7f78a8491000 rw-p 00000000 00:00 0 
7f78a8491000-7f78ac000000 ---p 00000000 00:00 0 
7f78ac000000-7f78ad191000 rw-p 00000000 00:00 0 
7f78ad191000-7f78b0000000 ---p 00000000 00:00 0 
7f78b0000000-7f78b0002000 r--p 00000000 103:05 67925190                  /usr/lib/libXrender.so.1.3.0
7f78b0002000-7f78b000a000 r-xp 00002000 103:05 67925190                  /usr/lib/libXrender.so.1.3.0
7f78b000a000-7f78b000c000 r--p 0000a000 103:05 67925190                  /usr/lib/libXrender.so.1.3.0
7f78b000c000-7f78b000d000 r--p 0000c000 103:05 67925190                  /usr/lib/libXrender.so.1.3.0
7f78b000d000-7f78b000e000 rw-p 0000d000 103:05 67925190                  /usr/lib/libXrender.so.1.3.0
7f78b000e000-7f78b001a000 r--p 00000000 103:05 67929223                  /usr/lib/libxcb.so.1.1.0
7f78b001a000-7f78b0030000 r-xp 0000c000 103:05 67929223                  /usr/lib/libxcb.so.1.1.0
7f78b0030000-7f78b0039000 r--p 00022000 103:05 67929223                  /usr/lib/libxcb.so.1.1.0
7f78b0039000-7f78b003a000 r--p 0002a000 103:05 67929223                  /usr/lib/libxcb.so.1.1.0
7f78b003a000-7f78b003b000 rw-p 0002b000 103:05 67929223                  /usr/lib/libxcb.so.1.1.0
7f78b003b000-7f78b0c47000 rw-p 00000000 00:00 0 
7f78b0c47000-7f78b0f4a000 rw-p 00000000 00:00 0 
7f78b0f4a000-7f78b10e6000 rw-p 00000000 00:00 0 
7f78b10e6000-7f78b1586000 ---p 00000000 00:00 0 
7f78b1586000-7f78b15a6000 rw-p 00000000 00:00 0 
7f78b15a6000-7f78b1f86000 ---p 00000000 00:00 0 
7f78b1f86000-7f78b1fc6000 rw-p 00000000 00:00 0 
7f78b1fc6000-7f78c0806000 ---p 00000000 00:00 0 
7f78c0806000-7f78c081a000 rw-p 00000000 00:00 0 
7f78c081a000-7f78c08ae000 ---p 00000000 00:00 0 
7f78c08ae000-7f78c08b2000 rw-p 00000000 00:00 0 
7f78c08b2000-7f78c09ee000 ---p 00000000 00:00 0 
7f78c09ee000-7f78c09f6000 rw-p 00000000 00:00 0 
7f78c09f6000-7f78c26fe000 ---p 00000000 00:00 0 
7f78c26fe000-7f78c2712000 rw-p 00000000 00:00 0 
7f78c2712000-7f78c27a6000 ---p 00000000 00:00 0 
7f78c27a6000-7f78c27aa000 rw-p 00000000 00:00 0 
7f78c27aa000-7f78c28e6000 ---p 00000000 00:00 0 
7f78c28e6000-7f78c28ee000 rw-p 00000000 00:00 0 
7f78c28ee000-7f78c45f6000 ---p 00000000 00:00 0 
7f78c45f6000-7f78c5000000 rw-p 00000000 00:00 0 
7f78c5000000-7f78c5bb0000 rwxp 00000000 00:00 0 
7f78c5bb0000-7f78cc45f000 ---p 00000000 00:00 0 
7f78cc45f000-7f78cca2f000 rwxp 00000000 00:00 0 
7f78cca2f000-7f78ccb9f000 ---p 00000000 00:00 0 
7f78ccb9f000-7f78ccf2f000 rwxp 00000000 00:00 0 
7f78ccf2f000-7f78d4000000 ---p 00000000 00:00 0 
7f78d4000000-7f78d4913000 rw-p 00000000 00:00 0 
7f78d4913000-7f78d8000000 ---p 00000000 00:00 0 
7f78d8000000-7f78d8001000 rw-p 00000000 00:00 0 
7f78d8001000-7f78d8002000 r--p 00000000 103:05 67915289                  /usr/lib/libbrotlidec.so.1.2.0
7f78d8002000-7f78d800c000 r-xp 00001000 103:05 67915289                  /usr/lib/libbrotlidec.so.1.2.0
7f78d800c000-7f78d800f000 r--p 0000b000 103:05 67915289                  /usr/lib/libbrotlidec.so.1.2.0
7f78d800f000-7f78d8010000 r--p 0000d000 103:05 67915289                  /usr/lib/libbrotlidec.so.1.2.0
7f78d8010000-7f78d8011000 rw-p 0000e000 103:05 67915289                  /usr/lib/libbrotlidec.so.1.2.0
7f78d8011000-7f78d8013000 r--p 00000000 103:05 67912408                  /usr/lib/libbz2.so.1.0.8
7f78d8013000-7f78d8022000 r-xp 00002000 103:05 67912408                  /usr/lib/libbz2.so.1.0.8
7f78d8022000-7f78d8024000 r--p 00011000 103:05 67912408                  /usr/lib/libbz2.so.1.0.8
7f78d8024000-7f78d8025000 r--p 00012000 103:05 67912408                  /usr/lib/libbz2.so.1.0.8
7f78d8025000-7f78d8026000 rw-p 00013000 103:05 67912408                  /usr/lib/libbz2.so.1.0.8
7f78d8026000-7f78d8836000 rw-p 00000000 00:00 0 
7f78d8836000-7f78d8917000 ---p 00000000 00:00 0 
7f78d8917000-7f78d892f000 rw-p 00000000 00:00 0 
7f78d892f000-7f78d8a00000 ---p 00000000 00:00 0 
7f78d8a00000-7f78dbef3000 r--s 00000000 103:05 54040325                  /opt/android-studio/jbr/lib/modules
7f78dbef3000-7f78dbef4000 r-xp 00000000 00:2f 21007                      /tmp/ffi7UxbMI (deleted)
7f78dbef4000-7f78dbef5000 rw-p 00000000 00:00 0 
7f78dbef5000-7f78dbef7000 r--p 00000000 103:05 67918001                  /usr/lib/libgmodule-2.0.so.0.8800.3
7f78dbef7000-7f78dbef9000 r-xp 00002000 103:05 67918001                  /usr/lib/libgmodule-2.0.so.0.8800.3
7f78dbef9000-7f78dbefa000 r--p 00004000 103:05 67918001                  /usr/lib/libgmodule-2.0.so.0.8800.3
7f78dbefa000-7f78dbefb000 r--p 00004000 103:05 67918001                  /usr/lib/libgmodule-2.0.so.0.8800.3
7f78dbefb000-7f78dbefc000 rw-p 00005000 103:05 67918001                  /usr/lib/libgmodule-2.0.so.0.8800.3
7f78dbefc000-7f78dbefe000 r--p 00000000 103:05 67982384                  /usr/lib/libGLX.so.0.0.0
7f78dbefe000-7f78dbf18000 r-xp 00002000 103:05 67982384                  /usr/lib/libGLX.so.0.0.0
7f78dbf18000-7f78dbf1b000 r--p 0001c000 103:05 67982384                  /usr/lib/libGLX.so.0.0.0
7f78dbf1b000-7f78dbf1c000 r--p 0001f000 103:05 67982384                  /usr/lib/libGLX.so.0.0.0
7f78dbf1c000-7f78dbf1d000 rw-p 00020000 103:05 67982384                  /usr/lib/libGLX.so.0.0.0
7f78dbf1d000-7f78dbfc9000 rw-p 00000000 00:00 0 
7f78dbfc9000-7f78dbfcd000 ---p 00000000 00:00 0 
7f78dbfcd000-7f78dc0c9000 rw-p 00000000 00:00 0 
7f78dc0c9000-7f78dc0d9000 r--p 00000000 103:05 67898319                  /usr/lib/libm.so.6
7f78dc0d9000-7f78dc175000 r-xp 00010000 103:05 67898319                  /usr/lib/libm.so.6
7f78dc175000-7f78dc1fe000 r--p 000ac000 103:05 67898319                  /usr/lib/libm.so.6
7f78dc1fe000-7f78dc1ff000 r--p 00134000 103:05 67898319                  /usr/lib/libm.so.6
7f78dc1ff000-7f78dc200000 rw-p 00135000 103:05 67898319                  /usr/lib/libm.so.6
7f78dc200000-7f78dc81f000 r--p 00000000 103:05 54040334                  /opt/android-studio/jbr/lib/server/libjvm.so
7f78dc81f000-7f78dd5c0000 r-xp 0061e000 103:05 54040334                  /opt/android-studio/jbr/lib/server/libjvm.so
7f78dd5c0000-7f78dd6ae000 r--p 013be000 103:05 54040334                  /opt/android-studio/jbr/lib/server/libjvm.so
7f78dd6ae000-7f78dd6cb000 rw-p 014ab000 103:05 54040334                  /opt/android-studio/jbr/lib/server/libjvm.so
7f78dd6cb000-7f78dd75e000 rw-p 00000000 00:00 0 
7f78dd75e000-7f78dd75f000 r--s 00000000 103:05 3171939                   /var/cache/fontconfig/787b69f04c7448ed6c581b040220c91f-le64.cache-12
7f78dd75f000-7f78dd760000 r--s 00000000 103:05 96460852                  /home/mey/.cache/fontconfig/3e2c0d130455d44a3f0cd652a06f4a14-le64.cache-12
7f78dd760000-7f78dd761000 rw-p 00000000 00:00 0 
7f78dd761000-7f78dd762000 rw-p 00000000 00:00 0 
7f78dd762000-7f78dd764000 r--p 00000000 103:05 54040295                  /opt/android-studio/jbr/lib/libfontmanager_xawt.so
7f78dd764000-7f78dd765000 r-xp 00001000 103:05 54040295                  /opt/android-studio/jbr/lib/libfontmanager_xawt.so
7f78dd765000-7f78dd766000 r--p 00001000 103:05 54040295                  /opt/android-studio/jbr/lib/libfontmanager_xawt.so
7f78dd766000-7f78dd768000 rw-p 00001000 103:05 54040295                  /opt/android-studio/jbr/lib/libfontmanager_xawt.so
7f78dd768000-7f78dd76a000 r--p 00000000 103:05 67947240                  /usr/lib/libXdmcp.so.6.0.0
7f78dd76a000-7f78dd76c000 r-xp 00002000 103:05 67947240                  /usr/lib/libXdmcp.so.6.0.0
7f78dd76c000-7f78dd76e000 r--p 00004000 103:05 67947240                  /usr/lib/libXdmcp.so.6.0.0
7f78dd76e000-7f78dd76f000 r--p 00005000 103:05 67947240                  /usr/lib/libXdmcp.so.6.0.0
7f78dd76f000-7f78dd770000 rw-p 00006000 103:05 67947240                  /usr/lib/libXdmcp.so.6.0.0
7f78dd770000-7f78dd771000 r--p 00000000 103:05 67925070                  /usr/lib/libXau.so.6.0.0
7f78dd771000-7f78dd773000 r-xp 00001000 103:05 67925070                  /usr/lib/libXau.so.6.0.0
7f78dd773000-7f78dd774000 r--p 00003000 103:05 67925070                  /usr/lib/libXau.so.6.0.0
7f78dd774000-7f78dd775000 r--p 00003000 103:05 67925070                  /usr/lib/libXau.so.6.0.0
7f78dd775000-7f78dd776000 rw-p 00004000 103:05 67925070                  /usr/lib/libXau.so.6.0.0
7f78dd776000-7f78dd77a000 r--p 00000000 103:05 54040314                  /opt/android-studio/jbr/lib/libnet.so
7f78dd77a000-7f78dd782000 r-xp 00003000 103:05 54040314                  /opt/android-studio/jbr/lib/libnet.so
7f78dd782000-7f78dd783000 r--p 0000a000 103:05 54040314                  /opt/android-studio/jbr/lib/libnet.so
7f78dd783000-7f78dd784000 rw-p 0000a000 103:05 54040314                  /opt/android-studio/jbr/lib/libnet.so
7f78dd784000-7f78dd800000 rw-p 00000000 00:00 0 
7f78dd800000-7f78dd824000 r--p 00000000 103:05 67898298                  /usr/lib/libc.so.6
7f78dd824000-7f78dd99f000 r-xp 00024000 103:05 67898298                  /usr/lib/libc.so.6
7f78dd99f000-7f78dda15000 r--p 0019f000 103:05 67898298                  /usr/lib/libc.so.6
7f78dda15000-7f78dda19000 r--p 00214000 103:05 67898298                  /usr/lib/libc.so.6
7f78dda19000-7f78dda1b000 rw-p 00218000 103:05 67898298                  /usr/lib/libc.so.6
7f78dda1b000-7f78dda23000 rw-p 00000000 00:00 0 
7f78dda23000-7f78dda24000 r--p 00000000 103:05 67934185                  /usr/lib/libXinerama.so.1.0.0
7f78dda24000-7f78dda25000 r-xp 00001000 103:05 67934185                  /usr/lib/libXinerama.so.1.0.0
7f78dda25000-7f78dda26000 r--p 00002000 103:05 67934185                  /usr/lib/libXinerama.so.1.0.0
7f78dda26000-7f78dda27000 r--p 00002000 103:05 67934185                  /usr/lib/libXinerama.so.1.0.0
7f78dda27000-7f78dda28000 rw-p 00003000 103:05 67934185                  /usr/lib/libXinerama.so.1.0.0
7f78dda28000-7f78dda33000 r--p 00000000 103:05 54040315                  /opt/android-studio/jbr/lib/libnio.so
7f78dda33000-7f78dda3c000 r-xp 0000a000 103:05 54040315                  /opt/android-studio/jbr/lib/libnio.so
7f78dda3c000-7f78dda3d000 r--p 00012000 103:05 54040315                  /opt/android-studio/jbr/lib/libnio.so
7f78dda3d000-7f78dda3e000 rw-p 00012000 103:05 54040315                  /opt/android-studio/jbr/lib/libnio.so
7f78dda3e000-7f78dda47000 r--p 00000000 103:05 54040324                  /opt/android-studio/jbr/lib/libzip.so
7f78dda47000-7f78dda5c000 r-xp 00008000 103:05 54040324                  /opt/android-studio/jbr/lib/libzip.so
7f78dda5c000-7f78dda5d000 r--p 0001c000 103:05 54040324                  /opt/android-studio/jbr/lib/libzip.so
7f78dda5d000-7f78dda5e000 rw-p 0001c000 103:05 54040324                  /opt/android-studio/jbr/lib/libzip.so
7f78dda5e000-7f78ddaa8000 rw-p 00000000 00:00 0 
7f78ddaa8000-7f78ddaab000 ---p 00000000 00:00 0 
7f78ddaab000-7f78ddabc000 r--p 00000000 103:05 54040301                  /opt/android-studio/jbr/lib/libjava.so
7f78ddabc000-7f78ddacb000 r-xp 00010000 103:05 54040301                  /opt/android-studio/jbr/lib/libjava.so
7f78ddacb000-7f78ddacd000 r--p 0001e000 103:05 54040301                  /opt/android-studio/jbr/lib/libjava.so
7f78ddacd000-7f78ddacf000 rw-p 0001f000 103:05 54040301                  /opt/android-studio/jbr/lib/libjava.so
7f78ddacf000-7f78ddad7000 rw-s 00000000 00:2f 21006                      /tmp/hsperfdata_mey/1041994
7f78ddad7000-7f78ddad8000 ---p 00000000 00:00 0 
7f78ddad8000-7f78ddad9000 r--p 00000000 00:00 0 
7f78ddad9000-7f78ddada000 ---p 00000000 00:00 0 
7f78ddada000-7f78ddae3000 r--p 00000000 103:05 54040305                  /opt/android-studio/jbr/lib/libjimage.so
7f78ddae3000-7f78ddaf7000 r-xp 00008000 103:05 54040305                  /opt/android-studio/jbr/lib/libjimage.so
7f78ddaf7000-7f78ddaf9000 r--p 0001b000 103:05 54040305                  /opt/android-studio/jbr/lib/libjimage.so
7f78ddaf9000-7f78ddafa000 rw-p 0001c000 103:05 54040305                  /opt/android-studio/jbr/lib/libjimage.so
7f78ddafa000-7f78ddafb000 r--p 00000000 103:05 67898353                  /usr/lib/librt.so.1
7f78ddafb000-7f78ddafc000 r-xp 00001000 103:05 67898353                  /usr/lib/librt.so.1
7f78ddafc000-7f78ddafd000 r--p 00002000 103:05 67898353                  /usr/lib/librt.so.1
7f78ddafd000-7f78ddafe000 r--p 00002000 103:05 67898353                  /usr/lib/librt.so.1
7f78ddafe000-7f78ddaff000 rw-p 00003000 103:05 67898353                  /usr/lib/librt.so.1
7f78ddaff000-7f78ddb01000 rw-p 00000000 00:00 0 
7f78ddb01000-7f78ddb02000 r--p 00000000 103:05 67898348                  /usr/lib/libpthread.so.0
7f78ddb02000-7f78ddb03000 r-xp 00001000 103:05 67898348                  /usr/lib/libpthread.so.0
7f78ddb03000-7f78ddb04000 r--p 00002000 103:05 67898348                  /usr/lib/libpthread.so.0
7f78ddb04000-7f78ddb05000 r--p 00002000 103:05 67898348                  /usr/lib/libpthread.so.0
7f78ddb05000-7f78ddb06000 rw-p 00003000 103:05 67898348                  /usr/lib/libpthread.so.0
7f78ddb06000-7f78ddb07000 r--p 00000000 103:05 67898309                  /usr/lib/libdl.so.2
7f78ddb07000-7f78ddb08000 r-xp 00001000 103:05 67898309                  /usr/lib/libdl.so.2
7f78ddb08000-7f78ddb09000 r--p 00002000 103:05 67898309                  /usr/lib/libdl.so.2
7f78ddb09000-7f78ddb0a000 r--p 00002000 103:05 67898309                  /usr/lib/libdl.so.2
7f78ddb0a000-7f78ddb0b000 rw-p 00003000 103:05 67898309                  /usr/lib/libdl.so.2
7f78ddb0b000-7f78ddb14000 r--p 00000000 103:05 54040306                  /opt/android-studio/jbr/lib/libjli.so
7f78ddb14000-7f78ddb23000 r-xp 00008000 103:05 54040306                  /opt/android-studio/jbr/lib/libjli.so
7f78ddb23000-7f78ddb24000 r--p 00016000 103:05 54040306                  /opt/android-studio/jbr/lib/libjli.so
7f78ddb24000-7f78ddb25000 rw-p 00016000 103:05 54040306                  /opt/android-studio/jbr/lib/libjli.so
7f78ddb25000-7f78ddb28000 rw-p 00000000 00:00 0 
7f78ddb28000-7f78ddb6d000 r--p 00000000 103:05 71566212                  /etc/ld.so.cache
7f78ddb6d000-7f78ddb71000 r--p 00000000 00:00 0                          [vvar]
7f78ddb71000-7f78ddb73000 r--p 00000000 00:00 0                          [vvar_vclock]
7f78ddb73000-7f78ddb75000 r-xp 00000000 00:00 0                          [vdso]
7f78ddb75000-7f78ddb76000 r--p 00000000 103:05 67898281                  /usr/lib/ld-linux-x86-64.so.2
7f78ddb76000-7f78ddba3000 r-xp 00001000 103:05 67898281                  /usr/lib/ld-linux-x86-64.so.2
7f78ddba3000-7f78ddbb2000 r--p 0002e000 103:05 67898281                  /usr/lib/ld-linux-x86-64.so.2
7f78ddbb2000-7f78ddbb4000 r--p 0003d000 103:05 67898281                  /usr/lib/ld-linux-x86-64.so.2
7f78ddbb4000-7f78ddbb5000 rw-p 0003f000 103:05 67898281                  /usr/lib/ld-linux-x86-64.so.2
7f78ddbb5000-7f78ddbb6000 rw-p 00000000 00:00 0 
7ffdf5441000-7ffdf5465000 rw-p 00000000 00:00 0                          [stack]
ffffffffff600000-ffffffffff601000 --xp 00000000 00:00 0                  [vsyscall]
Total number of mappings: 922

JVMTI agents: none


VM Arguments:
jvm_args: -Dcompose.application.configure.swing.globals=true -Dcompose.application.resources.dir=/home/mey/dev/repos/git.yuri.capital/yuri/YuriPlayer/desktop/build/compose/tmp/prepareAppResources -Dfile.encoding=UTF-8 -Duser.country=US -Duser.language=en -Duser.variant -Dawt.toolkit.name=XToolkit 
java_command: capital.yuri.yuriplayer.desktop.MainKt
java_class_path (initial): /home/mey/dev/repos/git.yuri.capital/yuri/YuriPlayer/desktop/build/libs/desktop.jar:/home/mey/dev/repos/git.yuri.capital/yuri/YuriPlayer/components/build/libs/components-jvm.jar:/home/mey/dev/repos/git.yuri.capital/yuri/YuriPlayer/core/build/libs/core-jvm.jar:/home/mey/.gradle/caches/modules-2/files-2.1/io.ktor/ktor-client-cio-jvm/3.5.2/cd0673816e97d9a658efae6892cf9f93df2591f1/ktor-client-cio-jvm-3.5.2.jar:/home/mey/.gradle/caches/modules-2/files-2.1/org.jetbrains.compose.desktop/desktop-jvm/1.8.2/61be96a019ac35e8751b08b33856344a24586648/desktop-jvm-1.8.2.jar:/home/mey/.gradle/caches/modules-2/files-2.1/io.coil-kt.coil3/coil-network-ktor3-jvm/3.5.0/d85dbeb646cf44c53a733fcb63cc82f6a6d54f16/coil-network-ktor3-jvm-3.5.0.jar:/home/mey/.gradle/caches/modules-2/files-2.1/io.coil-kt.coil3/coil-compose-jvm/3.5.0/820523ee39decd98eecdb61a7fc03412eedbbabc/coil-compose-jvm-3.5.0.jar:/home/mey/.gradle/caches/modules-2/files-2.1/io.coil-kt.coil3/coil-jvm/3.5.0/602087c06fa4b1795a1572a26b174516c4d932e5/coil-jvm-3.5.0.jar:/home/mey/.gradle/caches/modules-2/files-2.1/io.coil-kt.coil3/coil-compose-core-jvm/3.5.0/8ebdd416d1157820ca47dc6a7644c56716a9c8fa/coil-compose-core-jvm-3.5.0.jar:/home/mey/.gradle/caches/modules-2/files-2.1/io.coil-kt.coil3/coil-network-core-jvm/3.5.0/5a995a2262efe8e8569b40fee8ce223aaa5599d8/coil-network-core-jvm-3.5.0.jar:/home/mey/.gradle/caches/modules-2/files-2.1/io.coil-kt.coil3/coil-core-jvm/3.5.0/5e82ee4827a88516057cb4ebd22871f6672643a8/coil-core-jvm-3.5.0.jar:/home/mey/.gradle/caches/modules-2/files-2.1/io.ktor/ktor-client-core-jvm/3.5.2/d6525cc26aa12e341b14a37dea698fcb4eca54cb/ktor-client-core-jvm-3.5.2.jar:/home/mey/.gradle/caches/modules-2/files-2.1/io.ktor/ktor-http-cio-jvm/3.5.2/4d8f22cce83a2c865e0d3e64d4abfd4ea13a8e6c/ktor-http-cio-jvm-3.5.2.jar:/home/mey/.gradle/caches/modules-2/files-2.1/io.ktor/ktor-websocket-serialization-jvm/3.5.2/d391929e7082af2e6f0cddcf7df4b8f934b0a297/ktor-websocket-serialization-jvm-3.5.2.jar:/home/mey/.gradle/caches/modules-2/files-2.1/io.ktor/ktor-serialization-jvm/3.5.2/beed828bb6d5388782ee3d7ab9e17f19888a60a9/ktor-serialization-jvm-3.5.2.jar:/home/mey/.gradle/caches/modules-2/files-2.1/io.ktor/ktor-websockets-jvm/3.5.2/9906c60d014018f83dd0f4f6eff306956dc1fe09/ktor-websockets-jvm-3.5.2.jar:/home/mey/.gradle/caches/modules-2/files-2.1/io.ktor/ktor-network-tls-jvm/3.5.2/893f2bffbb2308e2fca22ec9b35a72ce3e3f8738/ktor-network-tls-jvm-3.5.2.jar:/home/mey/.gradle/caches/modules-2/files-2.1/org.jetbrains.kotlinx/kotlinx-coroutines-slf4j/1.11.0/556153d93573d016dd4e5df37e3d03d07d8d303/kotlinx-coroutines-slf4j-1.11.0.jar:/home/mey/.gradle/caches/modules-2/files-2.1/org.jetbrains.compose.material3/material3-desktop/1.8.2/1f1f838506ceb2c25499517559f120517770b014/material3-desktop-1.8.2.jar:/home/mey/.gradle/caches/modules-2/files-2.1/org.jetbrains.compose.material/material-desktop/1.8.2/7aae6f749a060718d931957a27d495f26b2d4f37/material-desktop-1.8.2.jar:/home/mey/.gradle/caches/modules-2/files-2.1/org.jetbrains.compose.material/material-ripple-desktop/1.8.2/5c9c96a95930f802de1b611fb610db4a0eff49cf/material-ripple-desktop-1.8.2.jar:/home/mey/.gradle/caches/modules-2/files-2.1/org.jetbrains.compose.animation/animation-core-desktop/1.11.1/1bf633ecd1a38a1cf7a41630bc56cba0da9cc25b/animation-core-desktop-1.11.1.jar:/home/mey/.gradle/caches/modules-2/files-2.1/org.jetbrains.compose.animation/animation-desktop/1.11.1/f873fb28f1a08d45a4dd20a0130b3da8cadf383c/animation-desktop-1.11.1.jar:/home/mey/.gradle/caches/modules-2/files-2.1/org.jetbrains.compose.foundation/foundation-layout-desktop/1.11.1/853fc5d01388da6515ce40b719798914012f6469/foundation-layout-desktop-1.11.1.jar:/home/mey/.gradle/caches/modules-2/files-2.1/org.jetbrains.compose.foundation/foundation-desktop/1.11.1/6df316e7af2c0c97f200de289925f62ca8fce53d/foundation-desktop-1.11.1.jar:/home/mey/.gradle/caches/modules-2/files-2.1/org.jetbrains.compose.material/material-icons-extended-desktop/1.7.3/c7c5465dd754043076875b32bce0dd7f5a354fe8/material-icons-extended-desktop-1.7.3.jar:/home/mey/.gradle/caches/modules-2/files-2.1/org.jetbrains.compose.material/material-icons-core-desktop/1.7.3/414b3096050fe647b0638832eace80f22c06b85c/material-icons-core-desktop-1.7.3.jar:/home/mey/.gradle/caches/modules-2/files-2.1/org.jetbrains.compose.ui/ui-tooling-preview-desktop/1.11.1/97ec578d33adc34adcaa63e9af7bb2328c6c29b7/ui-tooling-preview-desktop-1.11.1.jar:/home/mey/.gradle/caches/modules-2/files-2.1/org.jetbrains.compose.ui/ui-backhandler-desktop/1.11.1/bd3540bb1d6abd60c5e58f32663b2f3e89406cd1/ui-backhandler-desktop-1.11.1.jar:/home/mey/.gradle/caches/modules-2/files-2.1/org.jetbrains.compose.ui/ui-unit-desktop/1.11.1/f6c06f98da206d01dc40c1587c6bc4c40cbef623/ui-unit-desktop-1.11.1.jar:/home/mey/.gradle/caches/modules-2/files-2.1/org.jetbrains.compose.ui/ui-graphics-desktop/1.11.1/6ea106d02adf29694eedf12fdfb621947d3621bf/ui-graphics-desktop-1.11.1.jar:/home/mey/.gradle/caches/modules-2/files-2.1/org.jetbrains.compose.ui/ui-geometry-desktop/1.11.1/5e430152487375359973ac9874653d335dcc220/ui-geometry-desktop-1.11.1.jar:/home/mey/.gradle/caches/modules-2/files-2.1/org.jetbrains.compose.ui/ui-util-desktop/1.11.1/4302c582878b82ab24e1f34e6e90f967f7b416ed/ui-util-desktop-1.11.1.jar:/home/mey/.gradle/caches/modules-2/files-2.1/org.jetbrains.compose.ui/ui-text-desktop/1.11.1/6ded685e2601260d6231c859a849b96ee6c60368/ui-text-desktop-1.11.1.jar:/home/mey/.gradle/caches/modules-2/files-2.1/org.jetbrains.compose.ui/ui-desktop/1.11.1/24c40c0d60c77a6fb34f930f13bfa4a3ff62c0f/ui-desktop-1.11.1.jar:/home/mey/.gradle/caches/modules-2/files-2.1/org.jetbrains.skiko/skiko-awt-runtime-linux-x64/0.144.6/291f8626a2fecd06e9f585424360560189ab7303/skiko-awt-runtime-linux-x64-0.144.6.jar:/home/mey/.gradle/caches/modules-2/files-2.1/org.jetbrains.skiko/skiko-awt/0.144.6/c9bec39e3c517ed5591c71c7db0cbbe64b6be849/skiko-awt-0.144.6.jar:/home/mey/.gradle/caches/modules-2/files-2.1/io.ktor/ktor-http-jvm/3.5.2/d28bf8120efdc33354d91d99c0842187759e3c70/ktor-http-jvm-3.5.2.jar:/home/mey/.gradle/caches/modules-2/files-2.1/io.ktor/ktor-events-jvm/3.5.2/5e64959ec6f91dff8ea281cfa102ae73bce000f7/ktor-events-jvm-3.5.2.jar:/home/mey/.gradle/caches/modules-2/files-2.1/io.ktor/ktor-sse-jvm/3.5.2/84a9273210b25e32403252149f7bcd16b7ab9fbb/ktor-sse-jvm-3.5.2.jar:/home/mey/.gradle/caches/modules-2/files-2.1/io.ktor/ktor-network-jvm/3.5.2/1d4a6deadcc3a30de665ea26f98eea3fc52750bb/ktor-network-jvm-3.5.2.jar:/home/mey/.gradle/caches/modules-2/files-2.1/io.ktor/ktor-utils-jvm/3.5.2/dc58dadecf1646d013ba0dda5dffab0b71a3fefd/ktor-utils-jvm-3.5.2.jar:/home/mey/.gradle/caches/modules-2/files-2.1/io.ktor/ktor-io-jvm/3.5.2/b27620278e10b206310a22b9303c5274f239872d/ktor-io-jvm-3.5.2.jar:/home/mey/.gradle/caches/modules-2/files-2.1/androidx.navigationevent/navigationevent-desktop/1.0.1/ddb1e7fe97ed51c3d35bba493f97fcf12398719/navigationevent-desktop-1.0.1.jar:/home/mey/.gradle/caches/modules-2/files-2.1/androidx.compose.runtime/runtime-annotation-jvm/1.11.2/db4aa964627ac96331b72e231b9ad54318d112f4/runtime-annotation-jvm-1.11.2.jar:/home/mey/.gradle/caches/modules-2/files-2.1/androidx.compose.runtime/runtime-retain-desktop/1.11.2/3aa3ec26ef2a3d26bc556b51b33d09efc1a198e8/runtime-retain-desktop-1.11.2.jar:/home/mey/.gradle/caches/modules-2/files-2.1/androidx.compose.runtime/runtime-saveable-desktop/1.11.2/1618fae89791692a224fe7aa79edbd7a8f5b7522/runtime-saveable-desktop-1.11.2.jar:/home/mey/.gradle/caches/modules-2/files-2.1/org.jetbrains.compose.runtime/runtime-saveable-desktop/1.11.1/b7c8a8ed985a0f15b4d8d206de1fc6125b499388/runtime-saveable-desktop-1.11.1.jar:/home/mey/.gradle/caches/modules-2/files-2.1/org.jetbrains.androidx.lifecycle/lifecycle-runtime-compose-desktop/2.9.6/7b6b6793f3c4c5996b20d1d99cf728e5fac00364/lifecycle-runtime-compose-desktop-2.9.6.jar:/home/mey/.gradle/caches/modules-2/files-2.1/org.jetbrains.androidx.savedstate/savedstate-compose-desktop/1.3.6/63692375ffe667f12cb3ea8aa1e605d659ed2add/savedstate-compose-desktop-1.3.6.jar:/home/mey/.gradle/caches/modules-2/files-2.1/org.jetbrains.compose.runtime/runtime-desktop/1.11.1/1941336b045aac4b87cc3be81d9fdb9977c88c61/runtime-desktop-1.11.1.jar:/home/mey/.gradle/caches/modules-2/files-2.1/androidx.lifecycle/lifecycle-runtime-desktop/2.9.4/1cc820319ec0139e76b8a2fe4be0b356b4e624c4/lifecycle-runtime-desktop-2.9.4.jar:/home/mey/.gradle/caches/modules-2/files-2.1/androidx.lifecycle/lifecycle-common-jvm/2.9.4/ab739bccdb3541983385af169565c7c035d897e7/lifecycle-common-jvm-2.9.4.jar:/home/mey/.gradle/caches/modules-2/files-2.1/androidx.lifecycle/lifecycle-runtime-compose-desktop/2.9.4/86a4ffec845d4e488078118a0b5095bd1fabcafe/lifecycle-runtime-compose-desktop-2.9.4.jar:/home/mey/.gradle/caches/modules-2/files-2.1/androidx.lifecycle/lifecycle-viewmodel-desktop/2.9.4/93fee6d78f0df0e38f36e0fa2eff74f8da6d5481/lifecycle-viewmodel-desktop-2.9.4.jar:/home/mey/.gradle/caches/modules-2/files-2.1/androidx.lifecycle/lifecycle-viewmodel-savedstate-desktop/2.9.4/72a1919b08c5a4da224d8a65ce1589aa69934e8a/lifecycle-viewmodel-savedstate-desktop-2.9.4.jar:/home/mey/.gradle/caches/modules-2/files-2.1/androidx.savedstate/savedstate-desktop/1.4.0/3b049a0f81643d6b4b900de95bc23efc085c32d5/savedstate-desktop-1.4.0.jar:/home/mey/.gradle/caches/modules-2/files-2.1/androidx.savedstate/savedstate-compose-desktop/1.4.0/d3d6e0e2108528eb6080dc250da925a572be4202/savedstate-compose-desktop-1.4.0.jar:/home/mey/.gradle/caches/modules-2/files-2.1/androidx.compose.runtime/runtime-desktop/1.11.2/e93d95553cdd86c1cb8c02f50260cc1c8e341da8/runtime-desktop-1.11.2.jar:/home/mey/.gradle/caches/modules-2/files-2.1/org.jetbrains.kotlinx/kotlinx-coroutines-core-jvm/1.11.0/3d57dc678bd8d72a60e7adf0eca5c54e3f4f4b79/kotlinx-coroutines-core-jvm-1.11.0.jar:/home/mey/.gradle/caches/modules-2/files-2.1/org.jetbrains.kotlinx/kotlinx-coroutines-swing/1.11.0/3cf134b8aefd813622edc37e60d66b939b55cb36/kotlinx-coroutines-swing-1.11.0.jar:/home/mey/.gradle/caches/modules-2/files-2.1/org.jetbrains.kotlinx/kotlinx-serialization-core-jvm/1.11.0/c1905c9bf7452b045d5af9248835abe64ddad6bf/kotlinx-serialization-core-jvm-1.11.0.jar:/home/mey/.gradle/caches/modules-2/files-2.1/org.jetbrains.kotlinx/kotlinx-serialization-json-jvm/1.11.0/e7e045e99e56f07599bb9ccb708c2190e2af0606/kotlinx-serialization-json-jvm-1.11.0.jar:/home/mey/.gradle/caches/modules-2/files-2.1/org.jetbrains.kotlin/kotlin-stdlib-jdk8/2.1.21/fb62497994f5cfa4ad41fcff05020c35976307c6/kotlin-stdlib-jdk8-2.1.21.jar:/home/mey/.gradle/caches/modules-2/files-2.1/org.jetbrains.kotlinx/kotlinx-datetime-jvm/0.6.0/a6362032556c0fa4a06be6105a21e944f120fd2d/kotlinx-datetime-jvm-0.6.0.jar:/home/mey/.gradle/caches/modules-2/files-2.1/androidx.collection/collection-jvm/1.5.0/7ba2c69414d46ebc2dd76598bdd0a75c54281a57/collection-jvm-1.5.0.jar:/home/mey/.gradle/caches/modules-2/files-2.1/androidx.arch.core/core-common/2.2.0/5e1b8b81dfd5f52c56a8d53b18ca759c19a301f3/core-common-2.2.0.jar:/home/mey/.gradle/caches/modules-2/files-2.1/androidx.annotation/annotation-jvm/1.9.1/b17951747e38bf3986a24431b9ba0d039958aa5f/annotation-jvm-1.9.1.jar:/home/mey/.gradle/caches/modules-2/files-2.1/org.jetbrains.kotlin/kotlin-stdlib-jdk7/2.1.21/f5e72fe5f9501e0d27ec633beb3996c29641b877/kotlin-stdlib-jdk7-2.1.21.jar:/home/mey/.gradle/caches/modules-2/files-2.1/com.squareup.okio/okio-jvm/3.17.0/a12d684ec0df9541b3869ae60a4a5257fd3613df/okio-jvm-3.17.0.jar:/home/mey/.gradle/caches/modules-2/files-2.1/org.jetbrains.kotlinx/atomicfu-jvm/0.28.0/6a9ac536f4b2144e57c176fd4e26821eb12084f4/atomicfu-jvm-0.28.0.jar:/home/mey/.gradle/caches/modules-2/files-2.1/org.jetbrains.kotlinx/kotlinx-io-core-jvm/0.9.1/8c926478f17f8109e01e68adee93795c68dcad3c/kotlinx-io-core-jvm-0.9.1.jar:/home/mey/.gradle/caches/modules-2/files-2.1/org.jetbrains.kotlinx/kotlinx-io-bytestring-jvm/0.9.1/7a28d93fce9fc8b663a6fe19cb2ae14a6ade7e8a/kotlinx-io-bytestring-jvm-0.9.1.jar:/home/mey/.gradle/caches/modules-2/files-2.1/org.jetbrains.kotlin/kotlin-stdlib/2.4.0/4e9f4b531dce5c7dee58ed2de9a8b9a763c8dc6c/kotlin-stdlib-2.4.0.jar:/home/mey/.gradle/caches/modules-2/files-2.1/uk.co.caprica/vlcj/4.10.1/958b353e8b85450e92df5ba56f5cf734fce2d1c2/vlcj-4.10.1.jar:/home/mey/.gradle/caches/modules-2/files-2.1/com.github.hypfvieh/dbus-java-transport-native-unixsocket/5.1.1/40db43e95df145299a9dc97f611c8a4e1f7477a3/dbus-java-transport-native-unixsocket-5.1.1.jar:/home/mey/.gradle/caches/modules-2/files-2.1/com.github.hypfvieh/dbus-java-core/5.1.1/36af749ddaefd567bd4e8a41c24845a584ce76d9/dbus-java-core-5.1.1.jar:/home/mey/.gradle/caches/modules-2/files-2.1/net.java.dev.jna/jna-platform/5.17.0/a4934c44d25a9d8c2ddf4203affd20330cb3426f/jna-platform-5.17.0.jar:/home/mey/.gradle/caches/modules-2/files-2.1/net.java.dev.jna/jna/5.17.0/33d12735bef894440780fce64f9758d420c7bae2/jna-5.17.0.jar:/home/mey/.gradle/caches/modules-2/files-2.1/org.jetbrains/annotations/23.0.0/8cc20c07506ec18e0834947b84a864bfc094484e/annotations-23.0.0.jar:/home/mey/.gradle/caches/modules-2/files-2.1/com.github.goxr3plus/jaudiotagger/2.2.7/2d229776d40b33aca730f2e31157079189431cbf/jaudiotagger-2.2.7.jar:/home/mey/.gradle/caches/modules-2/files-2.1/uk.co.caprica/vlcj-natives/4.8.3/2a84facef1dac138801fdd3d85ffb77d3d1b10a7/vlcj-natives-4.8.3.jar:/home/mey/.gradle/caches/modules-2/files-2.1/org.slf4j/slf4j-api/2.0.18/78a9e7a37cd6360e0b818e86341b24123d28d4df/slf4j-api-2.0.18.jar:/home/mey/.gradle/caches/modules-2/files-2.1/net.java.dev.jna/jna-platform-jpms/5.14.0/24fde384a42c2c75c46116edda48895e5763fc85/jna-platform-jpms-5.14.0.jar:/home/mey/.gradle/caches/modules-2/files-2.1/net.java.dev.jna/jna-jpms/5.14.0/9513388696e34db7c9b564aaec0ccbd7395e9389/jna-jpms-5.14.0.jar:/home/mey/.gradle/caches/modules-2/files-2.1/org.jetbrains.runtime/jbr-api/1.9.0/2bc161f5472b5fd5610740e4d6ebe896c811cb0e/jbr-api-1.9.0.jar:/home/mey/.gradle/caches/modules-2/files-2.1/org.jspecify/jspecify/1.0.0/7425a601c1c7ec76645a78d22b8c6a627edee507/jspecify-1.0.0.jar
Launcher Type: SUN_STANDARD

[Global flags]
     intx CICompilerCount                          = 12                                        {product} {ergonomic}
     uint ConcGCThreads                            = 5                                         {product} {ergonomic}
     uint G1ConcRefinementThreads                  = 18                                        {product} {ergonomic}
   size_t G1HeapRegionSize                         = 8388608                                   {product} {ergonomic}
   size_t InitialHeapSize                          = 1040187392                                {product} {ergonomic}
   size_t MarkStackSize                            = 4194304                                   {product} {ergonomic}
   size_t MarkStackSizeMax                         = 536870912                                 {product} {ergonomic}
   size_t MaxHeapSize                              = 16626221056                               {product} {ergonomic}
   size_t MaxNewSize                               = 9974054912                                {product} {ergonomic}
   size_t MinHeapDeltaBytes                        = 8388608                                   {product} {ergonomic}
   size_t MinHeapSize                              = 8388608                                   {product} {ergonomic}
    uintx NonNMethodCodeHeapSize                   = 7602176                                {pd product} {ergonomic}
    uintx NonProfiledCodeHeapSize                  = 122032128                              {pd product} {ergonomic}
    uintx ProfiledCodeHeapSize                     = 122023936                              {pd product} {ergonomic}
    uintx ReservedCodeCacheSize                    = 251658240                              {pd product} {ergonomic}
     bool SegmentedCodeCache                       = true                                      {product} {ergonomic}
   size_t SoftMaxHeapSize                          = 16626221056                            {manageable} {ergonomic}
     bool UseCompressedOops                        = true                           {product lp64_product} {ergonomic}
     bool UseG1GC                                  = true                                      {product} {ergonomic}

Logging:
Log output configuration:
 #0: stdout all=warning uptime,level,tags foldmultilines=false
 #1: stderr all=off uptime,level,tags foldmultilines=false

Release file:
JAVA_VERSION="25.0.2"
MODULES="java.base java.compiler java.datatransfer java.xml java.prefs java.desktop java.instrument java.logging java.management java.security.sasl java.naming java.rmi java.management.rmi java.net.http java.scripting java.security.jgss java.transaction.xa java.sql java.sql.rowset java.xml.crypto java.se java.smartcardio jdk.accessibility jdk.internal.jvmstat jdk.attach jdk.charsets jdk.internal.opt jdk.zipfs jdk.compiler jdk.crypto.cryptoki jdk.crypto.ec jdk.dynalink jdk.hotspot.agent jdk.httpserver jdk.internal.ed jdk.internal.le jdk.internal.md jdk.internal.vm.ci jdk.jartool jdk.javadoc jdk.jcmd jdk.jdeps jdk.jdwp.agent jdk.jdi jdk.jfr jdk.jlink jdk.localedata jdk.management jdk.management.agent jdk.management.jfr jdk.naming.dns jdk.naming.rmi jdk.net jdk.sctp jdk.security.auth jdk.security.jgss jdk.unsupported jdk.unsupported.desktop jdk.xml.dom"
IMPLEMENTOR="JetBrains s.r.o."
JAVA_RUNTIME_VERSION="25.0.2+-15348964-b329.117"
LIBC="gnu"
OS_ARCH="x86_64"
OS_NAME="Linux"
SOURCE=".:git:3cf398e84a39"

Environment Variables:
PATH=/home/mey/.local/share/../bin:/usr/local/sbin:/usr/local/bin:/usr/bin:/opt/cuda/bin:/usr/lib/jvm/default/bin:/usr/bin/site_perl:/usr/bin/vendor_perl:/usr/bin/core_perl:/usr/lib/rustup/bin:/home/mey/.local/share/JetBrains/Toolbox/scripts:/home/mey/.lmstudio/bin
SHELL=/usr/bin/fish
DISPLAY=:0
WAYLAND_DISPLAY=wayland-0
LANG=en_US.UTF-8
TERM=linux

Active Locale:
LC_ALL=en_US.UTF-8
LC_COLLATE=en_US.UTF-8
LC_CTYPE=en_US.UTF-8
LC_MESSAGES=en_US.UTF-8
LC_MONETARY=en_US.UTF-8
LC_NUMERIC=en_US.UTF-8
LC_TIME=en_US.UTF-8

Signal Handlers:
   SIGSEGV: crash_handler in libjvm.so, mask=11100100010111111101111111111110, flags=SA_RESTART|SA_SIGINFO, unblocked
    SIGBUS: crash_handler in libjvm.so, mask=11100100010111111101111111111110, flags=SA_RESTART|SA_SIGINFO, unblocked
    SIGFPE: crash_handler in libjvm.so, mask=11100100010111111101111111111110, flags=SA_RESTART|SA_SIGINFO, unblocked
   SIGPIPE: javaSignalHandler in libjvm.so, mask=11100100010111111101111111111110, flags=SA_RESTART|SA_SIGINFO, blocked
   SIGXFSZ: javaSignalHandler in libjvm.so, mask=11100100010111111101111111111110, flags=SA_RESTART|SA_SIGINFO, blocked
    SIGILL: crash_handler in libjvm.so, mask=11100100010111111101111111111110, flags=SA_RESTART|SA_SIGINFO, unblocked
   SIGUSR2: SR_handler in libjvm.so, mask=00000000000000000000000000000000, flags=SA_RESTART|SA_SIGINFO, blocked
    SIGHUP: UserHandler in libjvm.so, mask=11100100010111111101111111111110, flags=SA_RESTART|SA_SIGINFO, blocked
    SIGINT: UserHandler in libjvm.so, mask=11100100010111111101111111111110, flags=SA_RESTART|SA_SIGINFO, blocked
   SIGTERM: UserHandler in libjvm.so, mask=11100100010111111101111111111110, flags=SA_RESTART|SA_SIGINFO, blocked
   SIGQUIT: UserHandler in libjvm.so, mask=11100100010111111101111111111110, flags=SA_RESTART|SA_SIGINFO, blocked
   SIGTRAP: crash_handler in libjvm.so, mask=11100100010111111101111111111110, flags=SA_RESTART|SA_SIGINFO, unblocked


Compilation memory statistics disabled.

Periodic native trim disabled

JNI global refs:
JNI global refs: 371, weak refs: 55

JNI global refs memory usage: 4019, weak refs: 1489

Process memory usage:
Resident Set Size: 576188K (0% of 64925104K total physical memory with 27131332K free physical memory)

OOME stack traces (most recent first):
Classloader memory used:
Loader jdk.internal.loader.ClassLoaders$AppClassLoader                                 : 30410 K
Loader bootstrap                                                                       : 22525 K
Loader jdk.internal.loader.ClassLoaders$PlatformClassLoader                            : 27088 B

---------------  S Y S T E M  ---------------

OS:
DISTRIB_ID="Arch"
DISTRIB_RELEASE="rolling"
DISTRIB_DESCRIPTION="Arch Linux"
uname: Linux 7.1.8-arch1-3 #1 SMP PREEMPT_DYNAMIC Tue, 11 Aug 2026 09:16:08 +0000 x86_64
OS uptime: 2 days 8:29 hours
libc: glibc 2.44 NPTL 2.44 
rlimit (soft/hard): STACK 8192k/infinity , CORE infinity/infinity , NPROC 252603/252603 , NOFILE 524288/524288 , AS infinity/infinity , CPU infinity/infinity , DATA infinity/infinity , FSIZE infinity/infinity , MEMLOCK 8192k/8192k
load average: 2.19 1.44 2.00

/proc/meminfo:
MemTotal:       64925104 kB
MemFree:         1446336 kB
MemAvailable:   27130844 kB
Buffers:         2096932 kB
Cached:         24164020 kB
SwapCached:       126880 kB
Active:         21758016 kB
Inactive:       35235200 kB
Active(anon):   17947668 kB
Inactive(anon): 14684956 kB
Active(file):    3810348 kB
Inactive(file): 20550244 kB
Unevictable:       11528 kB
Mlocked:           11528 kB
SwapTotal:      244197372 kB
SwapFree:       243609164 kB
Zswap:             99928 kB
Zswapped:         384652 kB
Dirty:             15344 kB
Writeback:             0 kB
AnonPages:      30008184 kB
Mapped:          8290788 kB
Shmem:           1892888 kB
KReclaimable:    2047956 kB
Slab:            2721332 kB
SReclaimable:    2047956 kB
SUnreclaim:       673376 kB
KernelStack:       53312 kB
PageTables:       390472 kB
SecPageTables:      2488 kB
NFS_Unstable:          0 kB
Bounce:                0 kB
WritebackTmp:          0 kB
CommitLimit:    276659924 kB
Committed_AS:   76815368 kB
VmallocTotal:   34359738367 kB
VmallocUsed:      320400 kB
VmallocChunk:          0 kB
Percpu:            21312 kB
HardwareCorrupted:     0 kB
AnonHugePages:  12435456 kB
ShmemHugePages:        0 kB
ShmemPmdMapped:        0 kB
FileHugePages:   2408448 kB
FilePmdMapped:   1605632 kB
CmaTotal:              0 kB
CmaFree:               0 kB
Unaccepted:            0 kB
Balloon:               0 kB
GPUActive:         15884 kB
GPUReclaim:            0 kB
HugePages_Total:       0
HugePages_Free:        0
HugePages_Rsvd:        0
HugePages_Surp:        0
Hugepagesize:       2048 kB
Hugetlb:               0 kB
DirectMap4k:    33897344 kB
DirectMap2M:    32294912 kB
DirectMap1G:     1048576 kB

/sys/kernel/mm/transparent_hugepage/enabled: [always] madvise never
/sys/kernel/mm/transparent_hugepage/hpage_pmd_size: 2097152
/sys/kernel/mm/transparent_hugepage/shmem_enabled: always within_size [advise] never deny force
/sys/kernel/mm/transparent_hugepage/defrag (defrag/compaction efforts parameter): always defer defer+madvise [madvise] never

Process Memory:
Virtual Size: 20007456K (peak: 20162384K)
Resident Set Size: 576184K (peak: 576184K) (anon: 383780K, file: 192352K, shmem: 52K)
Swapped out: 0K
C-Heap outstanding allocations: 132885K, retained: 125414K
glibc malloc tunables: (default)

/proc/sys/kernel/threads-max (system-wide limit on the number of threads): 505206
/proc/sys/vm/max_map_count (maximum number of memory map areas a process may have): 1048576
/proc/sys/vm/swappiness (control to define how aggressively the kernel swaps out anonymous memory): 60
/proc/sys/kernel/pid_max (system-wide limit on number of process identifiers): 4194304

container information not found.
Steal ticks since vm start: 0
Steal ticks percentage since vm start:  0.000

CPU: total 24 (initial active 24) (24 cores per cpu, 2 threads per core) family 25 model 97 stepping 2 microcode 0xa60120a, cx8, cmov, fxsr, ht, mmx, 3dnowpref, sse, sse2, sse3, ssse3, sse4a, sse4.1, sse4.2, popcnt, lzcnt, tsc, tscinvbit, avx, avx2, aes, erms, clmul, bmi1, bmi2, adx, avx512f, avx512dq, avx512cd, avx512bw, avx512vl, sha, fma, vzeroupper, avx512_vpopcntdq, avx512_vpclmulqdq, avx512_vaes, avx512_vnni, clflush, clflushopt, clwb, avx512_vbmi2, avx512_vbmi, rdtscp, rdpid, fsrm, gfni, avx512_bitalg, f16c, pku, ospke, cet_ss, avx512_ifma
CPU Model and flags from /proc/cpuinfo:
model name	: AMD Ryzen 9 7900X 12-Core Processor
flags		: fpu vme de pse tsc msr pae mce cx8 apic sep mtrr pge mca cmov pat pse36 clflush mmx fxsr sse sse2 ht syscall nx mmxext fxsr_opt pdpe1gb rdtscp lm constant_tsc rep_good amd_lbr_v2 nopl xtopology nonstop_tsc cpuid extd_apicid aperfmperf rapl pni pclmulqdq monitor ssse3 fma cx16 sse4_1 sse4_2 movbe popcnt aes xsave avx f16c rdrand lahf_lm cmp_legacy svm extapic cr8_legacy abm sse4a misalignsse 3dnowprefetch osvw ibs skinit wdt tce topoext perfctr_core perfctr_nb bpext perfctr_llc mwaitx cpuid_fault cpb cat_l3 cdp_l3 hw_pstate ssbd mba perfmon_v2 ibrs ibpb stibp ibrs_enhanced vmmcall fsgsbase bmi1 avx2 smep bmi2 erms invpcid cqm rdt_a avx512f avx512dq rdseed adx smap avx512ifma clflushopt clwb avx512cd sha_ni avx512bw avx512vl xsaveopt xsavec xgetbv1 xsaves cqm_llc cqm_occup_llc cqm_mbm_total cqm_mbm_local user_shstk avx512_bf16 clzero irperf xsaveerptr rdpru wbnoinvd cppc arat npt lbrv svm_lock nrip_save tsc_scale vmcb_clean flushbyasid decodeassists pausefilter pfthreshold avic vgif x2avic v_spec_ctrl vnmi avx512vbmi umip pku ospke avx512_vbmi2 gfni vaes vpclmulqdq avx512_vnni avx512_bitalg avx512_vpopcntdq rdpid overflow_recov succor smca fsrm flush_l1d amd_lbr_pmc_freeze

Online cpus: 0-23
Offline cpus: 
BIOS frequency limitation: <Not Available>
Frequency switch latency (ns): 0
Available cpu frequencies: <Not Available>
Current governor: powersave
Core performance/turbo boost: 1

Memory: 4k page, physical 64925104k(27130844k free), swap 244197372k(243609164k free)
Page Sizes: 4k

vm_info: OpenJDK 64-Bit Server VM (25.0.2+-15348964-b329.117) for linux-amd64 JRE (25.0.2+-15348964-b329.117), built on 2026-05-05T19:01:01Z with clang Android (14488419, +pgo, +bolt, +lto, +mlgo, based on r584948) Clang 22.0.0 (https://android.googlesource.com/toolchain/llvm-project 2d65e4108033380e6fe8e08b1f1826cd2bfb0c99)

END.
